Chapter,Section,Variable Name,Definition,Format,Other Metadata,Data Collection Guidelines,Variable,Sort
Data Exchange,Functionality,Agriculture System Integration,"Integration of farmer registries, agricultural input vouchers, land registrations, extension services data",0=Unknown or n.a.; 1=Not integrated; 2=Planned; 3=Under development; 4=Partially integrated; 5=Fully Integrated,Provide details in Comments,"Search agricultural digitization strategies, farmer support program documentation, land administration systems, agri-tech initiatives",exchange-func-agriculture,31
Data Exchange,Functionality,Business Registration & Licensing Integration,"Integration of company registration, business licensing, tax compliance, regulatory compliance data",0=Unknown or n.a.; 1=Not integrated; 2=Planned; 3=Under development; 4=Partially integrated; 5=Fully Integrated,Provide details in Comments,"Search companies registry digitization, business environment reform programs, e-licensing platforms, Doing Business reform initiatives",exchange-func-business,35
Data Exchange,Functionality,Civil Registration & Vital Statistics Integration,"Integration of CRVS data (births, deaths, marriages) into data exchange for real-time verification and service eligibility",0=Unknown or n.a.; 1=Not integrated; 2=Planned; 3=Under development; 4=Partially integrated; 5=Fully Integrated,Provide details in Comments,"Review civil registration modernization strategies, Home Affairs digital transformation plans, vital statistics system assessments, service integration reports",exchange-func-crvs,22
Data Exchange,Functionality,Digital ID Integration,Extent to which the national digital identity system is integrated with the data exchange for identity verification and authentication,0=Unknown or n.a.; 1=Not integrated; 2=Planned; 3=Under development; 4=Partially integrated; 5=Fully Integrated,Provide details in Comments,"Search digital identity strategies, authentication frameworks, Digital ID system documentation, service delivery platforms, identity verification protocols",exchange-func-digitalid,21
Data Exchange,Functionality,Education System Integration,"Integration of learner records, academic credentials, enrollment data, and scholarship/bursary systems",0=Unknown or n.a.; 1=Not integrated; 2=Planned; 3=Under development; 4=Partially integrated; 5=Fully Integrated,Provide details in Comments,"Search education management information systems, digital education strategies, qualification verification frameworks, student aid digitization programs",exchange-func-education,29
Data Exchange,Functionality,Electoral Register Integration,"Integration of voter registration data for identity verification, demographic analysis, and service delivery targeting",0=Unknown or n.a.; 1=Not integrated; 2=Planned; 3=Under development; 4=Partially integrated; 5=Fully Integrated,Provide details in Comments,"Search electoral commission strategic plans, voter registration system documentation, election management body reports, data sharing agreements",exchange-func-electoral,25
Data Exchange,Functionality,Employment Services Integration,"Integration of job seeker registries, unemployment insurance, public employment programs, labor market information",0=Unknown or n.a.; 1=Not integrated; 2=Planned; 3=Under development; 4=Partially integrated; 5=Fully Integrated,Provide details in Comments,"Review labor department digital strategies, employment services modernization, unemployment insurance system documentation, youth employment platforms",exchange-func-employment,34
Data Exchange,Functionality,Health System Integration,"Integration of health records, patient registration, immunization data, and health insurance into data exchange",0=Unknown or n.a.; 1=Not integrated; 2=Planned; 3=Under development; 4=Partially integrated; 5=Fully Integrated,Provide details in Comments,"Review health sector digital transformation strategies, eHealth frameworks, health information exchange initiatives, universal health coverage digitization",exchange-func-health,28
Data Exchange,Functionality,Justice System Integration,"Integration of court records, case management systems, correctional services data, legal aid information",0=Unknown or n.a.; 1=Not integrated; 2=Planned; 3=Under development; 4=Partially integrated; 5=Fully Integrated,Provide details in Comments,"Review justice sector ICT strategies, court digitization programs, case management system modernization, legal information systems",exchange-func-justice,32
Data Exchange,Functionality,Driver Licensing Integration,Integration of driver's license registration and traffic offence data,0=Unknown or n.a.; 1=Not integrated; 2=Planned; 3=Under development; 4=Partially integrated; 5=Fully Integrated,Provide details in Comments,"Search transport department digital strategies, licensing authority modernization plans, road traffic management systems",exchange-func-licensing,27
Data Exchange,Functionality,Passport & Immigration Integration,Integration of passport issuance and immigration control data into the exchange platform,0=Unknown or n.a.; 1=Not integrated; 2=Planned; 3=Under development; 4=Partially integrated; 5=Fully Integrated,Provide details in Comments,"Review immigration authority digital strategies, border management systems, passport issuance modernization programs",exchange-func-passport,26
Data Exchange,Functionality,Digital Payments Integration,"Integration with national payment systems for government-to-person (G2P), government-to-business (G2B) transactions via data exchange",0=Unknown or n.a.; 1=Not integrated; 2=Planned; 3=Under development; 4=Partially integrated; 5=Fully Integrated,Provide details in Comments,"Search digital payments strategies, G2P payment system documentation, financial inclusion frameworks, payment ecosystem modernization programs",exchange-func-payments,23
Data Exchange,Functionality,National Planning & Statistics Integration,"Integration of statistics, census data, administrative data for planning, M&E, and evidence-based policymaking",0=Unknown or n.a.; 1=Not integrated; 2=Planned; 3=Under development; 4=Partially integrated; 5=Fully Integrated,Provide details in Comments,"Search national statistics strategies, census digitization, secure data facility documentation, statistical business registers, data for development initiatives",exchange-func-planning,33
Data Exchange,Functionality,Tax & Revenue Integration,Integration of tax administration and revenue collection systems data into the exchange platform,0=Unknown or n.a.; 1=Not integrated; 2=Planned; 3=Under development; 4=Partially integrated; 5=Fully Integrated,Provide details in Comments,"Review tax administration modernization programs, revenue authority strategic plans, taxpayer services digitization initiatives",exchange-func-revenue,24
Data Exchange,Functionality,Social Protection Integration,"Integration of social assistance programs, grant registries, beneficiary management systems",0=Unknown or n.a.; 1=Not integrated; 2=Planned; 3=Under development; 4=Partially integrated; 5=Fully Integrated,Provide details in Comments,"Review social protection strategies, SASSA-type agency plans, social registry frameworks, adaptive social protection programs, shock-responsive systems",exchange-func-socialprotection,30
Data Exchange,Governance,Enabling Legislation,"Whether primary laws, acts, or legal instruments exist that establish authority for cross-government data sharing and govern the data exchange system",0=Unknown or n.a.; 1=No; 2= Under development; 3 = Yes,Include names of acts/regulations in comments,,exchange-gov-legislation-exists,15.5
Data Exchange,Governance,Implementation Roadmap,"Whether a detailed implementation roadmap with phases, milestones, and timelines exists for data exchange development",0=Unknown or n.a.; 1=No; 2= Under development; 3 = Yes,"Note in comments if roadmap is public, planning horizon (e.g., 2025-2030), number of phases. Include reference to key milestones","Review digital transformation roadmaps, implementation plans, project documents from coordinating ministries, Operation Vulindlela-type reform programs",exchange-gov-roadmap,14
Data Exchange,Governance,Strategic Framework,Whether a formal strategy or policy document exists specifically for government data exchange and interoperability,"0=Unknown or n.a.; 1=None; 2=Mentioned in Broader DPI/Digital Strategy; 3=Under Development; 4=Comprehensive Strategy Exists
","Include incomments document name, year published, planning horizon. Note if includes phased implementation approach","Search national digital transformation roadmaps, e-government strategies, DPI strategies, interoperability frameworks, whole-of-government ICT policies",exchange-gov-strategy,13
Data Exchange,System,AI/Analytics Capabilities,"Is artificial intelligence integrated into the data exchange for data quality, fraud detection or predictive analytics",0=Unknown or n.a.; 1=No; 2=Planned; 3=Piloting; 4 =Functional across at least 2 systems,"Specify AI use cases in the comments: fraud detection, eligibility prediction, service recommendation, data quality assurance, policy simulation","Search for AI strategies, digital transformation roadmaps section on analytics, smart government initiatives, mentions of machine learning in service delivery",exchange-system-ai,6
Data Exchange,System,Operational Status,Current operational status of the data exchange system,0=Unknown or n.a.; 1=Not Established; 2=Planned; 3=Under Development; 4=Partially Operational; 5=Fully Operational,"Add name of system, url to comments. Also include in comments launch date if operational, expected launch if planned.","Review official government announcements, digital transformation roadmap timelines, progress reports from coordinating agencies, news from government portals",exchange-system-operational,5
Data Exchange,Uptake,Universal Accessibility,"Extent to which the data exchange enables services accessible to all population groups including persons with disabilities, elderly, low literacy",0=Unknown or n.a.; 1=Limited accessibility; 2=Partial accessibility; 3=Accessibility improvements in progress; 4=Full accessibility,Provide details in Comments,"Review digital inclusion strategies, assistive digital policies, service design guidelines, disability inclusion frameworks, universal access commitments",exchange-uptake-accessibility,46
Data Exchange,Uptake,Data Sovereignty Provisions,Provisions ensuring national control over government data and protecting against unauthorized foreign access,"0=Unknown or n.a.; 1=No controls; 2=Limited controls; 3=Strong yet unenforced controls; 4=Strong, enforced controls","Details in comments. Include data localization requirements, foreign access restrictions, cloud service provider regulations","Search data localization laws, cloud policy frameworks, critical infrastructure protection, sovereignty considerations in digital strategies",exchange-uptake-sovereignty,64
Data Exchange,Uptake,Sub-National Participation,Extent to which provincial/state and local governments participate in the data exchange,0=Unknown or n.a.; 1=National level only; 2=Planned; 3=Under development; 4=Partial Participation; 5=Full Participation,Provide details in Comments,"Review intergovernmental relations frameworks, sub-national digitization strategies, local government ICT capacity assessments",exchange-uptake-subnational,45
Data Exchange,Uptake,Public Transparency,"Level of public transparency regarding data exchange operations, governance, and data sharing agreements",0=Unknown or n.a.; 1=None; 2=Low = Limited Disclosure; 3=Moderate = Annual Reports; 4=High = Public Dashboard & Reports,Provide details in Comments,"Review open government commitments, transparency portals, public API catalogs, open data initiatives, right to information disclosures",exchange-uptake-transparency,57
Data Exchange,Uptake,Urban-Rural Digital Divide,Whether data exchange infrastructure and services reach rural and remote areas or concentrate in urban centers,0=Unknown or n.a.; 1=Primarily urban; 2=Partial rural coverage; 3=Equitable Urban=Rural Coverage,Provide details in Comments,"Search rural development strategies, connectivity initiatives (SA Connect equivalents), service point mapping data, geographic coverage assessments",exchange-uptake-urbanrural,47
ICT Infrastructure,Technical Capacity,Developer and Tech Community,"The size and vibrancy of the local software developer and technology professional community. Measured through proxies such as GitHub activity, Stack Overflow representation, local tech meetup groups, and developer surveys. Indicates the country's capacity to build and maintain digital systems locally.","0=Unknown or n.a.; 1=Negligible (very few active developers); 2=Emerging (small but growing community, <1,000 active developers); 3=Developing (active community, local meetups, 1,000-10,000 developers); 4=Established (vibrant community, multiple events, 10,000-50,000 developers); 5=Mature (large community, international visibility, 50,000+ developers)","Primary sources: GitHub Octoverse (developer geography), Stack Overflow Developer Survey, Google Developer Groups directory, AfriLabs member hubs by country, Andela/developer training programme presence. Approximate based on multiple signals.","Search: GitHub '[Country] developers', Google Developer Groups '[Country]', Stack Overflow '[Country]', '[Country] tech community', '[Country] software developers', AfriLabs '[Country]', '[Country] coding bootcamp'.",ict-capacity-devcommunity,22
ICT Infrastructure,Technical Capacity,Basic Digital Literacy,"The proportion of the population with basic digital skills (ability to use a computer, smartphone, or the internet for simple tasks such as sending messages, finding information, or using apps). Based on ITU household survey data, Afrobarometer, or national ICT surveys.",0=Unknown or n.a.; 1=<10% of population; 2=10-24%; 3=25-39%; 4=40-59%; 5=60%+,"Primary sources: ITU household ICT survey indicators (basic digital skills), Afrobarometer internet/ICT literacy questions, UNESCO UIS ICT in Education data, national digital economy assessments. ITU publishes estimates for most countries.","Search: ITU '[Country] ICT skills', ITU household ICT survey data, Afrobarometer '[Country] digital literacy', UNESCO UIS '[Country] ICT skills', '[Country] digital literacy survey', World Bank Digital Development diagnostic.",ict-capacity-digitalliteracy,20
ICT Infrastructure,Technical Capacity,E-Government Development,"The country's e-government development level based on the UN E-Government Development Index (EGDI). This composite index measures online service delivery, telecommunications infrastructure, and human capital. Indicates the government's capacity to deliver digital public services.",0=Unknown or n.a.; 1=EGDI <0.25 (Low); 2=EGDI 0.25-0.49 (Middle); 3=EGDI 0.50-0.64 (High); 4=EGDI 0.65-0.79 (Very High); 5=EGDI 0.80+ (Very High),"Primary sources: UN E-Government Survey (published biennially, most recent 2024). Covers all UN member states including all 54 African countries. EGDI ranges 0 to 1.","Search: UN E-Government Survey 2024 '[Country]', UN DESA E-Government Development Index '[Country]', publicadministration.un.org country data. The UN publishes individual country profiles with EGDI scores.",ict-capacity-egovreadiness,24
ICT Infrastructure,Technical Capacity,Gender Gap in ICT Access,The gap between men and women in mobile internet usage or internet access. Based on the GSMA Mobile Gender Gap data or ITU gender-disaggregated ICT statistics. A smaller gap indicates more equitable access to digital opportunities.,0=Unknown or n.a.; 1=Very large gap (>40% fewer women online); 2=Large gap (30-40% fewer); 3=Moderate gap (20-29% fewer); 4=Small gap (10-19% fewer); 5=Near parity (<10% gap),"Primary sources: GSMA Mobile Gender Gap Report (annual), ITU gender-disaggregated ICT data, Afrobarometer gender analysis, EQUALS Global Partnership. GSMA publishes gender gap data for most African countries.","Search: GSMA Mobile Gender Gap Report '[Country]', GSMA Connected Women '[Country]', ITU '[Country] gender internet', Afrobarometer '[Country] gender digital', '[Country] women internet access'. The gender gap is usually expressed as a percentage difference.",ict-capacity-gendergap,23
ICT Infrastructure,Technical Capacity,Tertiary ICT/STEM Education,"The scale and quality of tertiary-level ICT and STEM education programmes available in the country, based on the number and quality of institutions offering ICT degrees, computer science programmes, and engineering courses relative to the population.","0=Unknown or n.a.; 1=Very limited (<2 institutions with ICT programmes); 2=Limited (few institutions, low enrolment); 3=Moderate (several institutions, growing enrolment); 4=Good (established institutions with diverse ICT programmes); 5=Strong (multiple quality institutions, high enrolment, regional reputation)","Primary sources: UNESCO UIS education statistics (STEM graduates), QS World University Rankings by subject (Computer Science), national higher education authorities, ACM/IEEE accreditation records. Proxy: STEM graduates as % of total graduates from UNESCO.","Search: UNESCO UIS '[Country] STEM graduates', QS Rankings '[Country] computer science', '[Country] universities ICT programmes', '[Country] computer science degree', national higher education council, Times Higher Education '[Country]'.",ict-capacity-tertiaryict,21
ICT Infrastructure,Connectivity,4G/LTE Population Coverage,"Percentage of the national population covered by at least one 4G/LTE mobile network signal, whether or not they subscribe to the service. 4G is the practical minimum for meaningful broadband connectivity enabling digital services.",0=Unknown or n.a.; 1=<25%; 2=25-49%; 3=50-74%; 4=75-89%; 5=90%+,"Primary sources: GSMA Intelligence, ITU World Telecommunication/ICT Indicators Database, national telecom regulators, OpenSignal. Data available for all African countries via ITU and GSMA.","Search: ITU '[Country] 4G coverage population', GSMA Mobile Connectivity Index '[Country]', national telecom regulator annual report, OpenSignal '[Country]', GSMA Mobile Economy Sub-Saharan Africa.",ict-connectivity-4gcoverage,9
ICT Infrastructure,Connectivity,Mobile Data Affordability,"Affordability of mobile broadband data, measured as the cost of a basic mobile data plan (1-2GB) as a percentage of GNI per capita. The UN Broadband Commission target is below 2% of monthly GNI per capita. Affordability is the single largest barrier to internet adoption in Africa.",0=Unknown or n.a.; 1=Very Expensive (>10% GNI p.c.); 2=Expensive (5-10%); 3=Moderate (2-5%); 4=Affordable (1-2%); 5=Meets UN target (<1%),"Primary sources: ITU ICT Price Baskets, Alliance for Affordable Internet (A4AI), Cable.co.uk annual data pricing study, Research ICT Africa. ITU publishes affordability data for all African countries annually.","Search: ITU ICT Price Baskets '[Country]', A4AI Affordability Report, Cable.co.uk worldwide mobile data pricing '[Country]', Research ICT Africa pricing data, '[Country] 1GB mobile data cost USD'. Compare to GNI per capita.",ict-connectivity-dataafford,11
ICT Infrastructure,Connectivity,Internet Usage Rate,"Percentage of individuals who used the internet (from any location, via any device) in the last three months. This measures actual internet adoption beyond network availability, capturing the combined effect of infrastructure, affordability, digital literacy, and relevance.",0=Unknown or n.a.; 1=<15%; 2=15-29%; 3=30-49%; 4=50-69%; 5=70%+,"Primary sources: ITU World Telecommunication Indicators (individuals using the internet %), World Bank WDI (IT.NET.USER.ZS), Afrobarometer, DataReportal. Available for all African countries. ITU provides annual estimates.","Search: ITU '[Country] individuals using the internet', World Bank 'Individuals using the Internet (% of population)' for [Country], Afrobarometer internet use data, DataReportal '[Country] digital report'.",ict-connectivity-internetuse,10
ICT Infrastructure,Connectivity,International Internet Bandwidth,"The country's total international internet bandwidth capacity per internet user, indicating the quality and capacity of the country's connection to the global internet. Determined by submarine cable landings (for coastal states), cross-border terrestrial fibre (for landlocked states), and satellite links.",0=Unknown or n.a.; 1=Very Low (<5 kbit/s per user); 2=Low (5-19 kbit/s); 3=Moderate (20-49 kbit/s); 4=Good (50-99 kbit/s); 5=Strong (100+ kbit/s per user),"Primary sources: ITU World Telecommunication Indicators (international bandwidth per internet user), TeleGeography, national telecom regulators. ITU publishes this indicator for most African countries. Submarine cable landings data from TeleGeography Submarine Cable Map.","Search: ITU '[Country] international internet bandwidth', TeleGeography '[Country] submarine cable', national telecom regulator statistics, '[Country] international bandwidth capacity'. For landlocked states, note cross-border fibre connectivity.",ict-connectivity-intlbandwidth,12
ICT Infrastructure,Connectivity,Internet Exchange Point Presence,"Whether the country has an operational Internet Exchange Point (IXP) and its maturity. IXPs enable local internet traffic to be exchanged domestically rather than being routed internationally, reducing latency, costs, and dependence on foreign infrastructure. Critical for local digital ecosystem development.",0=Unknown or n.a.; 1=No IXP; 2=IXP planned or under development; 3=Single IXP with limited participation; 4=Active IXP(s) with moderate participation; 5=Mature IXP ecosystem with broad participation,"Primary sources: Packet Clearing House (PCH) IXP directory, African IXP Association (Af-IX), PeeringDB, Internet Society IXP reports. PCH maintains a comprehensive global directory. Most data is publicly accessible.","Search: Packet Clearing House IXP directory '[Country]', PeeringDB '[Country]', Af-IX member directory, Internet Society '[Country] IXP', '[Country] internet exchange point'. Note number of participants and traffic volumes if available.",ict-connectivity-ixp,13
ICT Infrastructure,Connectivity,Mobile Phone Penetration,"Unique mobile subscriber penetration rate as a percentage of the total population. Measures the proportion of individuals who subscribe to a mobile service (not SIM cards, which can be multiple per person). Mobile phones are the primary device for internet access in Africa.",0=Unknown or n.a.; 1=<25%; 2=25-39%; 3=40-54%; 4=55-69%; 5=70%+,"Primary sources: GSMA Intelligence (unique subscribers), ITU World Telecommunication Indicators, national telecom regulator reports. GSMA data available for all African countries. Unique subscriber penetration more meaningful than SIM penetration.","Search: GSMA Intelligence '[Country] unique subscribers', GSMA Mobile Connectivity Index data download, ITU '[Country] mobile subscriptions', national telecom regulator annual reports, DataReportal '[Country] digital report'.",ict-connectivity-mobilepen,7
ICT Infrastructure,Connectivity,Smartphone Adoption,"Percentage of mobile connections using smartphones (as opposed to feature phones or basic phones). Smartphones are the minimum device requirement for accessing most digital public infrastructure services, apps, and mobile internet.",0=Unknown or n.a.; 1=<20%; 2=20-39%; 3=40-59%; 4=60-79%; 5=80%+,"Primary sources: GSMA Intelligence (smartphone adoption), Pew Research Center Global Attitudes surveys, national ICT household surveys. GSMA provides annual estimates for all African countries.","Search: GSMA Intelligence '[Country] smartphone adoption', GSMA Mobile Economy Sub-Saharan Africa report, Pew Research '[Country] smartphone', DataReportal '[Country]', national ICT surveys.",ict-connectivity-smartphonepen,8
ICT Infrastructure,Energy,Electricity Affordability,"Affordability of electricity for residential and small business consumers, measured as cost of electricity relative to income levels. High electricity costs are a direct barrier to ICT adoption and data center viability.",0=Unknown or n.a.; 1=Very Expensive (>10% of household income for basic service); 2=Expensive (6-10%); 3=Moderate (3-5%); 4=Affordable (1-2%); 5=Very Affordable (<1%),"Primary sources: World Bank Enterprise Surveys (electricity costs), national energy regulatory authority tariff schedules, ESMAP reports, Doing Business/B-READY indicators, Alliance for Affordable Internet (cost benchmarks). Residential tariff per kWh can be compared to GNI per capita.","Search: '[Country] electricity tariff residential', national energy regulatory authority tariff schedules, World Bank Enterprise Surveys electricity cost data, ESMAP energy affordability reports, '[Country] cost of electricity per kWh USD'. Compare to GNI per capita.",ict-energy-affordability,5
ICT Infrastructure,Energy,Electricity Access Rate,"Percentage of national population with access to electricity (grid or off-grid). This is the primary indicator of energy infrastructure availability for ICT. Based on World Bank/IEA Tracking SDG7 data, national statistical offices, or Afrobarometer surveys.",0=Unknown or n.a.; 1=<25% population; 2=25-49%; 3=50-74%; 4=75-89%; 5=90%+,"Primary sources: World Bank WDI (SE.ELC.ACCS.ZS), IEA/IRENA/UNSD/World Bank SDG7 Tracking, Afrobarometer. Available for all 54 African countries. Updated annually.","Search: World Bank data portal 'Access to electricity (% of population)', IEA SDG7 tracking database, '[Country] electricity access rate', national energy statistics. Use most recent year available (2022-2025 preferred).",ict-energy-elecaccess,1
ICT Infrastructure,Energy,Off-Grid and Distributed Energy Policy,"Whether the country has established policies, regulations, and programmes supporting off-grid and distributed energy solutions (mini-grids, solar home systems). These are critical for extending ICT infrastructure to unserved areas beyond the central grid.",0=Unknown or n.a.; 1=No policy framework; 2=Basic policy exists but limited implementation; 3=Active policy with some deployment; 4=Comprehensive framework with significant deployment; 5=Mature ecosystem with widespread deployment,"Primary sources: RISE (Regulatory Indicators for Sustainable Energy) - World Bank/ESMAP, GOGLA market reports, SE4All country action agendas, national rural electrification strategies. RISE covers most African countries.","Search: RISE database (rise.esmap.org) '[Country]' mini-grid and off-grid indicators, GOGLA '[Country] off-grid solar market', SE4All '[Country]', national rural electrification agency, Power Africa '[Country]', '[Country] mini-grid regulation'.",ict-energy-offgridpolicy,6
ICT Infrastructure,Energy,Grid Reliability (Power Outage Frequency),"Frequency and severity of power outages experienced by businesses and households. Based on World Bank Enterprise Surveys, Afrobarometer, or national utility data. Reflects the quality of electricity supply beyond mere access — critical for running ICT equipment and data infrastructure.","0=Unknown or n.a.; 1=Severe (frequent daily outages or regular load shedding); 2=Poor (weekly outages, intermittent load shedding); 3=Moderate (monthly outages, occasional disruptions); 4=Good (rare outages, <10 per year); 5=Excellent (near-continuous supply, <5 outages per year)","Primary sources: World Bank Enterprise Surveys (infrastructure module - power outages per month), Afrobarometer energy module, national utility reliability reports, SAIDI/SAIFI indices where available. Enterprise Surveys cover most African countries.","Search: World Bank Enterprise Surveys '[Country]' infrastructure indicators, Afrobarometer '[Country] electricity reliability', '[Country] power outage frequency', national utility SAIDI/SAIFI data, '[Country] load shedding schedule'. News reports on grid stability.",ict-energy-reliability,3
ICT Infrastructure,Energy,Renewable Energy Share of Generation,"Percentage of total electricity generation from renewable sources (hydro, solar, wind, geothermal, biomass). Indicates energy sustainability and potential for distributed power solutions relevant to ICT infrastructure in off-grid areas.",0=Unknown or n.a.; 1=<10%; 2=10-24%; 3=25-49%; 4=50-74%; 5=75%+,"Primary sources: IRENA Renewable Energy Statistics, IEA electricity generation data, World Bank WDI (EG.ELC.RNEW.ZS), national energy ministry reports. Available for virtually all African countries via IRENA.","Search: IRENA Country Profiles '[Country]', World Bank 'Renewable electricity output (% of total)' for [Country], IEA '[Country] electricity generation by source', national energy ministry annual reports.",ict-energy-renewableshare,4
ICT Infrastructure,Energy,Urban-Rural Electrification Gap,"The gap between urban and rural electricity access rates. A smaller gap indicates more equitable energy distribution, critical for ensuring ICT infrastructure can serve the whole population, not just cities.",0=Unknown or n.a.; 1=Gap >60 percentage points; 2=Gap 41-60pp; 3=Gap 21-40pp; 4=Gap 10-20pp; 5=Gap <10pp,"Primary sources: World Bank WDI (urban/rural electrification rates), IEA, Afrobarometer. Urban and rural rates are separately tracked by most international databases. Difference calculated as urban rate minus rural rate.","Search: World Bank 'Access to electricity, urban (% of urban population)' and 'Access to electricity, rural (% of rural population)' for [Country]. Calculate the gap. Afrobarometer Round 9/10 also provides urban vs rural energy access data.",ict-energy-urbanruraldevide,2
ICT Infrastructure,Innovation,Global Innovation Index Ranking,"The country's performance on the WIPO Global Innovation Index (GII), which measures innovation capabilities across institutions, human capital, infrastructure, market sophistication, business sophistication, knowledge outputs, and creative outputs. Provides a composite view of the national innovation ecosystem.",0=Unknown or n.a. (not included in GII); 1=GII rank 121+ or bottom quartile; 2=GII rank 101-120; 3=GII rank 81-100; 4=GII rank 61-80; 5=GII rank 1-60,Primary sources: WIPO Global Innovation Index (published annually). GII 2024 covers 133 economies including most African countries. Individual country profiles available on WIPO website with detailed sub-indicator breakdowns.,"Search: WIPO Global Innovation Index 2024 '[Country]', GII 2024 country profile, wipo.int Global Innovation Index rankings. Note overall rank, sub-index ranks for innovation inputs and outputs, and year-on-year change.",ict-innovation-gii,28
ICT Infrastructure,Innovation,Tech Startup Ecosystem,"The maturity of the country's technology startup ecosystem, based on the number of tech startups, venture capital activity, accelerators/incubators, and the presence of a supportive ecosystem. Africa's startup scene is well-documented by trackers like Partech, Disrupt Africa, and Briter Bridges.","0=Unknown or n.a.; 1=Nascent (very few tech startups, no visible VC activity); 2=Emerging (some startups, limited funding, 1-2 hubs); 3=Developing (growing startup base, regular funding rounds, several hubs); 4=Established (significant startup activity, $50M+ annual VC, multiple hubs and accelerators); 5=Leading (major ecosystem, $200M+ annual VC, international recognition)","Primary sources: Africa: The Big Deal (tracks every disclosed funding round), Partech Africa Tech Venture Capital Report, Disrupt Africa funding report, Briter Bridges ecosystem maps, GSMA DNSI tech startup indicators. Well-documented sector.","Search: Africa: The Big Deal '[Country]' funding data, Partech Africa '[Country]', Disrupt Africa '[Country]', '[Country] tech startup ecosystem', '[Country] venture capital tech', Briter Bridges '[Country]'. Note total VC funding and major startups.",ict-innovation-startupecosystem,26
ICT Infrastructure,Innovation,Technology and Innovation Hubs,"The number and activity level of technology hubs, incubators, accelerators, and co-working spaces focused on technology and innovation. These provide physical infrastructure and support for tech entrepreneurship and skills development.","0=Unknown or n.a.; 1=None identified; 2=1-2 hubs with limited activity; 3=3-9 hubs with regular activity; 4=10-24 hubs with diverse focus areas; 5=25+ hubs with a vibrant, mature ecosystem","Primary sources: AfriLabs network directory (largest pan-African hub network), Briter Bridges innovation map, GSMA Ecosystem Accelerator, national ICT authority directories. AfriLabs has mapped over 400 hubs across Africa.","Search: AfriLabs directory '[Country]', Briter Bridges innovation map '[Country]', '[Country] tech hubs', '[Country] innovation hubs incubators', GSMA Ecosystem Accelerator '[Country]', i-Hub/CcHub/other known hub networks.",ict-innovation-techhubs,27
ICT Infrastructure,Data Storage,Cloud Services Availability,"The availability and presence of major cloud service providers (hyperscale and regional) operating in or serving the country with local or near-local infrastructure. Cloud availability determines access to scalable computing resources for government, business, and startups.",0=Unknown or n.a.; 1=No local or regional cloud presence; 2=Served remotely from distant regions only (>100ms latency); 3=Regional cloud availability zone nearby (same sub-region); 4=At least one major provider with local presence or edge node; 5=Multiple hyperscale providers with local availability zones,"Primary sources: AWS, Microsoft Azure, Google Cloud, Huawei Cloud, Oracle Cloud region availability maps, local cloud provider directories. Hyperscale expansion into Africa is well-documented in trade press.","Search: AWS Global Infrastructure map Africa, Microsoft Azure regions Africa, Google Cloud regions Africa, '[Country] cloud data center', '[Country] cloud services provider', Huawei Cloud Africa, Oracle Cloud Africa. Note nearest availability zone and latency estimates.",ict-storage-cloudadoption,18
ICT Infrastructure,Data Storage,National Cybersecurity Readiness,"The country's overall cybersecurity preparedness, based on the ITU Global Cybersecurity Index (GCI). Covers legal measures, technical measures, organisational measures, capacity development, and cooperation. Essential for trust in stored data and digital services.",0=Unknown or n.a.; 1=GCI score <20 (Building); 2=GCI score 20-39 (Evolving); 3=GCI score 40-59 (Establishing); 4=GCI score 60-79 (Advancing); 5=GCI score 80+ (Role-modelling),"Primary sources: ITU Global Cybersecurity Index (published biennially, most recent 2024). Covers all African countries. Score is 0-100 across 5 pillars: legal, technical, organisational, capacity development, cooperation.","Search: ITU Global Cybersecurity Index '[Country]', GCI 2024 country profile, '[Country] cybersecurity readiness score'. The ITU GCI database at itu.int/en/ITU-D/Cybersecurity/Pages/global-cybersecurity-index.aspx provides country scores.",ict-storage-cybersecurity,19
ICT Infrastructure,Data Storage,Data Localisation Requirements,"Whether the country has enacted legal or regulatory requirements mandating that certain categories of data (personal data, government data, financial data, or critical infrastructure data) be stored within national borders. Central to data sovereignty debates in Africa.","0=Unknown or n.a.; 1=No data localisation requirements; 2=Proposed or draft legislation; 3=Sectoral requirements only (e.g., financial or telecoms data); 4=Comprehensive requirements for personal data or broad categories; 5=Strict requirements covering multiple data types with enforcement","Primary sources: UNCTAD Data Protection and Privacy Legislation tracker, Data Protection Africa portal, national data protection authority websites, DLA Piper Global Data Protection Laws database, AU Convention on Cyber Security ratification status.","Search: UNCTAD '[Country] data protection legislation', DLA Piper '[Country] data protection', Data Protection Africa '[Country]', '[Country] data localisation law', '[Country] data residency requirements', national data protection authority website.",ict-storage-datalocalisation,16
ICT Infrastructure,Data Storage,Data Protection Legislation,Whether the country has enacted comprehensive data protection and privacy legislation. A foundational legal requirement for building trust in digital public infrastructure and for enabling secure cross-border data flows under frameworks like the AU Convention on Cyber Security and Personal Data Protection.,0=Unknown or n.a.; 1=No legislation; 2=Draft legislation or partial provisions in other laws; 3=Legislation enacted but no enforcement authority; 4=Legislation enacted with Data Protection Authority established; 5=Mature framework with active enforcement and regional alignment,"Primary sources: UNCTAD Cyberlaw Tracker (data protection section), Data Protection Africa, African Union Convention ratification tracker, national gazette/legal databases. UNCTAD covers all African countries.","Search: UNCTAD Cyberlaw Tracker '[Country]', Data Protection Africa '[Country]', '[Country] data protection act', '[Country] data protection authority', AU Convention on Cyber Security ratification status, DLA Piper data protection laws of the world.",ict-storage-dataprotection,17
ICT Infrastructure,Data Storage,Commercial Data Center Presence,"The presence and tier quality of commercial/colocation data center facilities operating in the country. Commercial data centers provide the physical infrastructure for hosting cloud services, content delivery, and enterprise applications domestically.",0=Unknown or n.a.; 1=No commercial data centers; 2=Small-scale facilities only (Tier I-II); 3=At least one Tier III facility; 4=Multiple Tier III facilities or at least one Tier IV; 5=Mature data center market with multiple operators and hyperscale presence,"Primary sources: Cloudscene data center directory, Data Center Map, Xalam Analytics, Africa Data Centres reports, operator websites (Teraco, Equinix, Raxio, PAIX, MainOne, Liquid). Industry is well-documented due to investment interest.","Search: Cloudscene '[Country] data centers', Data Center Map '[Country]', '[Country] colocation data center', Xalam Analytics Africa data center report, Africa Data Centres '[Country]', Raxio '[Country]'. Note tier levels and major operators.",ict-storage-dcpresence,14
ICT Infrastructure,Data Storage,Government Data Center / Cloud Strategy,Whether the government has established dedicated data center infrastructure and/or a government cloud (G-Cloud) strategy for hosting e-government services and public sector data domestically. Critical for data sovereignty and e-government service delivery.,0=Unknown or n.a.; 1=No government data center or cloud strategy; 2=Government data center planned or under construction; 3=Basic government data center operational; 4=National data center operational with cloud strategy adopted; 5=Mature government cloud/data center ecosystem with active migration,"Primary sources: National ICT/digital transformation strategies, e-government agency websites, ministry of ICT reports, World Bank Digital Development country diagnostics, ITU national cybersecurity and ICT reports.","Search: '[Country] national data center', '[Country] government cloud strategy', '[Country] e-government data center', ministry of ICT/digital economy reports, World Bank '[Country] digital development', UN e-Government Survey country profile.",ict-storage-govcloud,15
Digital Id,Functionality,Digital Authentication Function,Whether the system enables individuals to authenticate themselves or their documents digitally through electronic verification,0=Unknown or n.a.; 1=No; 2=Yes,"Provide details in Comments. Specify authentication methods: biometric matching, PIN/OTP, QR code, online verification portal.","Sources: DPI Map, ID authority technical documentation, service descriptions. Check for explicit authentication capabilities: biometric matching, credential verification, API-based authentication.",id-functionality-authdigital,36
Digital Id,Functionality,Government Portal Authentication,Whether authentication is possible through a centralized government portal or digital gateway,0=Unknown or n.a.; 1=No; 2=Yes,Provide details in Comments. Name the portal and describe the scope of services accessible through it.,"Sources: E-government portals, single sign-on systems. Check for integrated digital ID authentication across government services (e.g., Ghana.gov, MyMzansi, Diia).",id-functionality-authgovtportal,37
Digital Id,Functionality,Individual Data Access,Whether individuals can view their data held in the ID database and see how it has been accessed,0=Unknown or n.a.; 1=No; 2=Yes,"Provide details in Comments. Describe mechanism: self-service portal, mobile app, or formal request procedure.","Sources: ID authority privacy policies, data subject rights documentation. Check for self-service portals, mobile apps, or formal request procedures for data access.",id-functionality-dataview,42
Digital Id,Functionality,KYC Enablement,"Whether the system enables Know Your Customer (KYC) packet collection for service provision, particularly financial services",0=Unknown or n.a.; 1=No; 2=Yes,"Provide details in Comments. Specify: which sectors use eKYC, whether API-based or manual, and the regulatory basis.","Sources: Financial sector regulations, ID authority partnerships with banks. Check for electronic KYC verification allowing service providers to access verified identity data.",id-functionality-kycenable,38
Digital Id,Governance,Judicial Oversight,Whether the ID authority and system are subject to general oversight of the courts and judicial review,"0=Unknown or n.a.; 1=No; 2=Yes, but not specific to ID; 3=Yes, with ID-specific judicial mechanisms",Provide details in Comments. Cite constitutional provisions or administrative law enabling judicial review of ID decisions.,"Sources: Constitutional provisions, administrative law, judicial review mechanisms. Check if ID-related disputes can be taken to court and if court can review ID authority decisions.",id-governance-courtoversight,22
Digital Id,Governance,Civil Registration Integration,Whether the civil registration and digital ID systems are integrated,0=Unknown or n.a.; 1=No integration; 2=Partial integration; 3=Full integration,"Provide details in Comments. Specify: direction of integration (CRVS feeds ID, ID feeds CRVS, or bidirectional), technical mechanism, and any ongoing integration projects.","Sources: Civil registration authority websites, UNICEF CRVS reports, ID4D dataset, AU APAI-CRVS initiative documentation. Check for shared databases, automatic birth-to-ID registration pipelines, and data exchange protocols between civil registration and ID authorities.",id-governance-crvs,21
Digital Id,Governance,Data Sharing Rules,"Whether procedural rules for collection, storage, and sharing of ID-related personal data are publicly available and established",0=Unknown or n.a.; 1=Not available; 2=Partially available; 3=Fully available,"Provide details in Comments. Specify: whether rules are published online, whether consent mechanisms exist, and whether data-sharing agreements are publicly documented.","Sources: ID regulations, privacy policies, data sharing agreements. Check for explicit data sharing frameworks, consent mechanisms, and documentation of data flows.",id-governance-datasharingrules,23
Digital Id,Governance,Digital ID Specific Regulation,Whether specific regulation or policy addresses digital ID beyond general identification legislation,0=Unknown or n.a.; 1=No; 2=Yes,Provide details in Comments. Distinguish from general ID legislation. Cite specific regulation name and date.,"Sources: Legal databases, government gazettes, ID authority policy documents. Distinguish from general ID legislation - look for explicit digital ID policies, data protection rules specific to digital ID.",id-governance-digidreg,17
Digital Id,Governance,Data Protection Act,Whether national data protection legislation exists and covers personal data linked to the ID system,0=Unknown or n.a.; 1=No; 2=Yes,Provide details in Comments. Cite specific DPA name and year. Note whether biometric data is explicitly covered.,"Sources: DLA Piper Data Protection Laws, UNCTAD Data Protection Tracker, national legal databases. Check if DPA explicitly covers biometric data and ID systems.",id-governance-dpaexists,18
Digital Id,Governance,Data Protection Authority Oversight,Whether a Data Protection Authority or similar body regulates ID data collection and sharing by the ID system,0=Unknown or n.a.; 1=No; 2=Yes,Provide details in Comments. Name the DPA authority. Distinguish between existence and active enforcement of oversight.,"Sources: Data protection authority websites, regulatory frameworks. Verify active oversight role, not just existence. Check for ID system-specific mandates or compliance requirements.",id-governance-dpaoversight,19
Digital Id,Governance,Legal Proof Status,Whether the digital ID credential serves as legal proof of an individual's identity as codified in law,0=Unknown or n.a.; 1=No; 2=Yes,"Provide details in Comments. Cite specific legal provision. Note any limitations (e.g., accepted for some purposes but not others).","Sources: Identity legislation, digital ID regulations. Check specific legal provisions stating digital ID has same legal validity as traditional ID. Note any limitations.",id-governance-legalproof,20
Digital Id,Governance,Legal Framework,"Whether formal legislation (act, law, regulation) governs digital identity including identification acts, digital ID laws, or equivalent legislation",0=Unknown or n.a.; 1=No; 2=Yes,"Provide details in Comments. Cite specific legislation by name, year, and section where possible.","Sources: National legal databases, parliament/legislature websites, ID authority legal pages. Record specific acts: ID Act, Civil Registration Act, Digital ID Regulation. Cite official legal references.",id-governance-legframework,16
Digital Id,Ownership,Maintenance,"Whether the system and the production of credentials can be managed, maintained and developed by in-country technical staff (as opposed to foreign vendors)",0=Unknown or n.a.; 1=Foreign vendors dominate;2=Partial in-country capacity; 3=All in-country,"Provide details in Comments. Specify: identity of primary vendor, contract arrangements, and any capacity-building or technology transfer programs.","Sources: ID authority procurement records, World Bank project documents, vendor announcements, news reports on system contracts. Check for technology transfer agreements, local training programs, and vendor dependency risks. Search for ""[country] national ID system vendor"" and ""[country] ID authority technical capacity.""",id-ownership-maintenance,14
Digital Id,Ownership,Ministry of Finance Oversight,Whether the Ministry of Finance has oversight of the financing and development of the digital ID system,0=Unknown or n.a.; 1=No oversight; 2=Partial oversight; 3=Full oversight,Provide details in Comments. Specify: which ministry oversees budget allocation and whether the ID authority has a dedicated budget line.,"Sources: National budget documents, medium-term expenditure frameworks, ID authority annual reports, World Bank or donor project appraisal documents. Check whether ID system has dedicated budget line under MoF. Search for ""[country] national ID budget"" and ""[country] ID system funding.""",id-ownership-oversight,24
Digital Id,Ownership,Sustainability,"Whether the ongoing management, maintenance and development of the ID system can be funded by sustainable domestic resources",0=Unknown or n.a.; 1=Primarily dependent on external funding; 2=Mixed domestic/external; 3=Primarily domestic funding,"Provide details in Comments. Identify major external funders (e.g., World Bank, EU) and any sustainability plan. Note ratio of domestic vs external funding if available.","Sources: World Bank ID4D project documents, donor coordination reports, ID authority financial statements, government budget documents. Check for donor dependency by searching ""[country] digital ID World Bank funding"" and ""[country] ID system donor support."" Note ratio of domestic vs external funding if available.",id-ownership-sustainability,26
Digital Id,System,Biometric Data Collection,"Whether the system collects biometric data and which modalities are collected (fingerprints, facial image, iris scans)",0=Unknown or n.a.; 1=No; 2=Fingerprints only; 3=Facial/Iris,"Provide details in Comments. Specify: modalities collected (fingerprints, facial, iris), number of fingerprints (2 or 10), and whether biometrics are stored centrally or on the credential.","Sources: ID authority technical documentation, registration process descriptions, ID4D dataset. Specify number of fingerprints collected (typically 2 or 10), whether facial image captured, and iris scan usage.",id-system-biocollect,7
Digital Id,System,Electronic Database,Whether identity records are stored in electronic/digital format versus paper-based records,0=Unknown or n.a.; 1=Paper only; 2=Mix of paper and digital; 3=Digital,Provide details in Comments. Specify: estimated proportion of records digitized and any ongoing digitization programs.,"Sources: ID authority technical reports, system documentation. Assess extent of digitization - fully electronic, hybrid, or primarily paper-based.",id-system-dbelectronic,11
Digital Id,System,Digital ID System Exists,"Whether the country has established or is actively developing a national digital identity system, including foundational ID systems that enable authentication across multiple services. Fully deployed means operational nationwide and accepting new registrations.",0=Unknown or n.a.; 1=No; 2=Planning; 3=Under development; 4=Partially deployed; 5=Fully deployed nationwide,"Provide details in Comments. Specify: system name, managing authority, year launched or planned, and credential type (card, mobile, number).","Sources: Government websites, ID authority websites, World Bank ID4D dataset, DPI Map, official legislation. Check for claims of digital or electronic ID publicly displayed in official sources. Verify implementation status through operational websites or evidence of system usage.",id-system-didexists,1
Digital Id,System,System Interoperability,Whether the digital ID system is designed to be interoperable across government agencies and with other systems through APIs or data exchange protocols,0=Unknown or n.a.; 1=No; 2=Yes,"Provide details in Comments. Specify: which agencies are connected, whether APIs are documented publicly, and any interoperability framework in place.","Sources: DPI Map, technical architecture documentation, e-government interoperability frameworks. Check for API availability, data exchange agreements, and cross-agency usage evidence.",id-system-sysinterop,9
Digital Id,Uptake,Banking/Financial Services Use,Whether credential is accepted or mandatory for opening bank accounts and accessing financial services,0=Unknown or n.a.; 1=No; 2=Accepted but not mandatory; 3=Mandatory,Provide details in Comments. Cite regulatory basis (central bank KYC requirements). Note whether digital verification or physical credential is required.,"Sources: Central bank regulations, KYC requirements, financial inclusion policies. Check if digital ID satisfies KYC requirements and is accepted by banks.",id-uptake-bankuse,46
Digital Id,Uptake,Cost of Credential,Whether credentials are issued free of charge,0=Unknown or n.a.; 1=No; 2=Yes,Provide details in Comments. Record fee amount in local currency and USD equivalent. Note any fee waivers or subsidies for vulnerable groups.,"Sources: ID authority fee schedules, government gazettes, ID4D dataset. Record local currency and USD equivalent. Note fee waivers or subsidies for vulnerable groups.",id-uptake-cost,31
Digital Id,Uptake,Cross-Border Recognition,Whether the digital ID is recognized or interoperable across borders through regional agreements or travel documents,"0=Unknown or n.a.; 1=No; 2=Recognized in some regional contexts (e.g., ECOWAS travel); 3=Formally interoperable across borders","Provide details in Comments. Specify regional framework (ECOWAS, EAC, SADC). Note whether credential is accepted as a travel document.","Sources: Regional integration frameworks (e.g., ECOWAS, EAC), travel document policies. Check for regional ID initiatives, border management systems integration.",id-uptake-crossborder,50
Digital Id,Uptake,Enrollment Eligibility Age,Age in years at which an individual becomes eligible to register for digital ID,0=Unknown or n.a.; 1=>17; 2=10-17; 3=6-10; 4=1-5; 5=<1,Provide details in Comments. Distinguish between registration age and credential issuance age if different. Note any birth registration linkage.,"Sources: ID legislation, registration policies, ID4D dataset. Note if enrollment at birth vs at specific age. Check for different ages for registration vs credential issuance.",id-uptake-enrolleligible,28
Digital Id,Uptake,Enrollment Mandatory Status,"Whether registration for digital ID is mandatory, optional, or mandatory for specific groups",0=Unknown or n.a.; 1=Optional; 2=Mandatory for some; 3=Mandatory for all,Provide details in Comments. Note penalties for non-compliance. Distinguish mandatory registration from mandatory credential possession.,"Sources: ID legislation, registration requirements. Check penalties for non-compliance. Note if mandatory registration differs from mandatory credential possession.",id-uptake-enrollmandatory,29
Digital Id,Uptake,Healthcare Access Use,Whether credential is accepted or mandatory for accessing public healthcare services,0=Unknown or n.a.; 1=No; 2=Accepted but not mandatory; 3=Mandatory,"Provide details in Comments. Specify whether ID is required for registration, insurance enrollment, or service delivery.","Sources: Health ministry policies, patient registration systems, health information systems. Check for ID-health system integration.",id-uptake-healthuse,49
Digital Id,Uptake,Non-National Eligibility,"Whether non-nationals including refugees, asylum seekers, and permanent residents are eligible to register",0=Unknown or n.a.; 1=None; 2=Some; 3=All,"Provide details in Comments. Specify which categories are eligible (refugees, asylum seekers, permanent residents, temporary workers). Cite UNHCR or immigration policy sources.","Sources: ID legislation, immigration policies, UNHCR reports. Check specific provisions for different non-national categories. Note any conditional eligibility.",id-uptake-nonnateligible,30
Digital Id,Uptake,Population Coverage,Percentage of eligible population that has been issued or registered with digital ID credentials,0=Unknown or n.a.; 1=<20%; 2=20-49%;3=50-69%; 4=70-89%; 5=>89%,"Provide details in Comments. Distinguish between enrolled and issued. Note eligible population definition (e.g., citizens 16+, all residents). Cite source and year of data.","Sources: ID authority reports, national statistics, World Bank ID4D, DPI Map. Report both enrolled and issued percentages separately if available. Note eligible population definition (e.g., citizens 16+).",id-uptake-popcoverage,27
Digital Id,Uptake,Security Reviews,"Whether ID system undergoes regular security audits, penetration testing, or vulnerability assessments",0=Unknown or n.a.; 1=No; 2=Yes,Provide details in Comments. Note whether audits are publicly reported. Distinguish between internal reviews and independent third-party assessments.,"Sources: Security reports, audit reports (often confidential). Check for regular security assessments, cyber resilience reviews, and vulnerability management.",id-uptake-securityreview,55
Digital Id,Uptake,SIM Card Registration Use,Whether credential is accepted or mandatory for SIM card activation and mobile service registration,0=Unknown or n.a.; 1=No; 2=Accepted but not mandatory; 3=Mandatory,Provide details in Comments. Cite telecom regulation. Note whether biometric verification is required for SIM registration.,"Sources: Telecom regulations, SIM registration policies, mobile operator requirements. Note if digital ID meets SIM registration requirements.",id-uptake-simreguse,47
Digital Id,Uptake,Social Services Use,Whether credential is accepted or mandatory for registering for social assistance programs and accessing social services,0=Unknown or n.a.; 1=No; 2=Accepted but not mandatory; 3=Mandatory,"Provide details in Comments. Specify which programs require ID (cash transfers, pensions, subsidies).","Sources: Social protection policies, program registration requirements. Check integration with cash transfer programs, pensions, subsidies.",id-uptake-socialservicesuse,48
Digital Pay,Functionality,Revenue Collection,"Whether government taxes, customs duties, and other revenue can be paid using the instant digital payment system, indicating integration of payment infrastructure with tax administration systems.",0=Unknown or n.a.; 1=No; 2=Partial; 3=Yes,"Comprehensive: All or most taxes payable digitally. Partial: Only certain taxes or fees. Specify which tax types if partial (income tax, VAT, customs, property tax). Note if real-time posting to government accounts. Comment on taxpayer convenience.","Search: ""[Country] digital tax payment"", ""[Country] pay taxes online"", ""[Country] revenue authority digital payments"", tax authority websites payment options, customs digital payment, e-government payment integration, revenue modernization initiatives.",pay-functionality-revenue,40
Digital Pay,Functionality,Tax Portal,Whether an official government web portal or mobile application exists where taxpayers can file tax returns and pay taxes online with direct e-payment capability linked to instant payment system.,0=Unknown or n.a.; 1=No; 2=Planned; 3=Under development; 4=Yes,"If Yes, provide portal URL and name. Note supported tax types (income, corporate, VAT, etc.). Specify if portal includes filing + payment or payment only. Comment on payment method integration (direct debit, instant payment, card). Note user adoption if available.","Search: ""[Country] tax e-filing portal"", ""[Country] online tax payment"", ""[Country] revenue authority e-services"", tax authority official websites, e-government portals, digital services for taxpayers, press releases on tax portal launches.",pay-functionality-taxportal,41
Digital Pay,Functionality,Business-to-Business (B2B) Payments,"Whether the instant payment system supports business payments to suppliers, vendors, contractors, and other businesses for commercial transactions, procurement, and supply chain payments.",0=Unknown or n.a.; 1=No; 2=Yes,"If Yes, note if B2B is common use case or limited. Comment on suitability for SME vs large enterprise payments. Note transaction limit implications for B2B. Mention integration with invoicing/accounting systems if available.","Search: ""[Country] B2B instant payments"", ""[Country] supplier payments digital"", scheme rules on business accounts, transaction limits for B2B, SME payment use cases, payment system B2B features, trade finance integration.",pay-functionality-usecaseb2b,34
Digital Pay,Functionality,Cross-Border Payment Functionality,"Whether the instant payment system enables or plans to enable instant payments across national borders to other countries or regional payment systems, supporting remittances, trade, and regional integration.",0=Unknown or n.a.; 1=No; 2=Planned; 3=Under development; 4=Partially functional; 5=Fully functional,"If operational, list connected countries/systems. Note if bilateral or regional (e.g., PAPSS, WAEMU). Specify if all cross-border or limited corridors. Comment on cost and speed vs traditional remittance. Note currency conversion arrangements (local currency settlement).","Search: ""[Country] cross-border instant payments"", ""[Country] PAPSS integration"", ""[Country] regional payment linkage"", PAPSS participant lists, bilateral payment agreements, regional economic community payment integration, remittance corridor digitization.",pay-functionality-usecasecrossborder,35
Digital Pay,Functionality,Government-to-Person (G2P) Payments,"Whether the instant payment system is used or can be used for government disbursements to citizens, including social transfers, welfare payments, salaries, pensions, subsidies, grants, and emergency assistance.",0=Unknown or n.a.; 1=No; 2=Limited Use; 3=Yes - Active Use,"Active Use: Government actively disburses via system. Capable: System supports but limited adoption. If active, note main G2P programs using system (pensions, social transfers, civil service salaries). Estimate percentage of G2P digitized if available.","Search: ""[Country] government digital payments"", ""[Country] G2P payments"", ""[Country] social transfer digitization"", government treasury/payment modernization, social protection program documentation, civil service payroll systems, COVID relief digital payments.",pay-functionality-usecaseg2p,32
Digital Pay,Functionality,Person-to-Business (P2B) Merchant Payments,"Whether the system enables consumer payments to merchants and businesses for goods and services, including retail purchases, bill payments, e-commerce, and subscription services.",0=Unknown or n.a.; 1=No; 2=Yes,"If Yes, note payment methods (QR code, POS, online checkout, in-app). Comment on merchant adoption rate if available. Distinguish between formal large merchants and informal micro-merchants. Note bill payment service integration.","Search: ""[Country] merchant payments"", ""[Country] QR code merchant"", ""[Country] POS acceptance"", scheme rules on merchant payments, merchant payment solutions, e-commerce payment integration, bill payment platforms.",pay-functionality-usecasep2b,31
Digital Pay,Functionality,Person-to-Government (P2G) Payments,"Whether the system enables citizen payments to government for taxes, fees, licenses, fines, utility bills, and other government service charges.",0=Unknown or n.a.; 1=No; 2=Limited Use; 3=Yes - Active Use,"Active Use: Government widely accepts payments via system. Capable: System supports but limited use. If active, note which revenue types accepted (taxes, fees, fines, utilities). Note if integrated with e-government platforms. Comment on convenience compared to alternatives.","Search: ""[Country] P2G payments"", ""[Country] pay taxes digitally"", ""[Country] government revenue collection digital"", tax authority payment options, government service portals, revenue authority digitization, utility payment options.",pay-functionality-usecasep2g,33
Digital Pay,Functionality,Person-to-Person (P2P) Payments,"Whether the instant payment system supports direct person-to-person transfer of funds between individuals for informal transactions, remittances, and interpersonal value transfers.",0=Unknown or n.a.; 1=No; 2=Yes,"If Yes, note typical use cases (family support, informal trade, bill splitting, etc.). Comment on usage volume/share if available. Note if P2P is primary use case of system.","Search: ""[Country] P2P payments"", ""[Country] person to person transfer"", payment system use case documentation, scheme rules on transaction types, user guides, transaction statistics by type if disclosed.",pay-functionality-usecasep2p,30
Digital Pay,Governance,Central Bank Involvement in Governance,"Whether and how the central bank participates in payment system governance beyond its regulatory oversight role, including board representation, operational management, technical standard-setting, or direct system operation.",0=Unknown or n.a.; 1=No Direct Role; 2=Regulatory Only; 3=Advisory Role; 4=Board Representation; 5=Direct Operation,Direct Operation: CB operates the system. Board Representation: CB has board seats in operator entity. Advisory: CB provides guidance but no formal control. Regulatory Only: CB regulates but doesn't govern operations.,"Search: ""[Country] central bank payment system role"", ""[Country] central bank payment governance"", payment system board composition, central bank organizational structure, payment system governance frameworks, CB strategic documents.",pay-governance-cbgovernance,13
Digital Pay,Governance,Consumer Protection Framework for Payments,"Whether consumer protection legislation or regulations specifically address digital payment services, covering disclosure requirements, liability allocation for unauthorized transactions, error resolution procedures, and user rights.",0=Unknown or n.a.; 1=No; 2=Partial; 3=Yes,"Comprehensive: Dedicated payment consumer protection rules (disclosure, liability limits, dispute resolution, transparency). Partial: General consumer law applies without payment-specific provisions. Cite key regulation.","Search: ""[Country] payment consumer protection"", ""[Country] digital payment user rights"", ""[Country] payment error resolution regulation"", consumer protection laws, central bank consumer protection directives, scheme rules on consumer protection.",pay-governance-consumerprotectlaw,18
Digital Pay,Governance,Data Breach Notification Requirements,"Whether legal or regulatory requirements obligate payment service providers to notify users, regulators, and/or data protection authorities about payment data breaches, cybersecurity incidents, or unauthorized access within specified timeframes.",0=Unknown or n.a.; 1=No; 2=Discretionary; 3=Mandatory,"If mandatory, note notification timeline (e.g., ""within 72 hours""). Specify who must be notified (users, regulator, DPA). Cite regulation imposing requirement. Note enforcement mechanisms/penalties if available.","Search: ""[Country] data breach notification"", ""[Country] payment security incident reporting"", data protection regulations, central bank cybersecurity directives, telecommunications security regulations, incident response frameworks.",pay-governance-databreachnotif,17
Digital Pay,Governance,Data Privacy Legislation Coverage,"Whether national data protection or privacy legislation exists and explicitly covers payment transaction data, including provisions on data collection, storage, sharing, retention, and user rights over their payment data.",0=Unknown or n.a.; 1=No; 2=General Data Protection Legislation; 3=Specific Payment Data Provisions,"Cite legislation name and year (e.g., ""Data Protection Act 2020""). Note if modeled on GDPR, AU Data Protection Convention. Comment on applicability to mobile money vs bank payments if different.","Search: ""[Country] data protection act"", ""[Country] privacy law payment data"", ""[Country] data protection authority"", legislative databases, AU Convention on Cyber Security and Personal Data Protection ratification status, DPA websites.",pay-governance-dataprivacylaw,16
Digital Pay,Governance,Public Performance Reporting,"Whether payment system operators or regulators regularly publish performance metrics and statistics on system usage, transaction volumes/values, participant numbers, uptime, and other operational indicators.",0=Unknown or n.a.; 1=No; 2=Ad Hoc; 3=Annual; 4=Monthly/Quarterly,"Specify reporting frequency and format (e.g., ""Quarterly dashboard"", ""Annual report""). Note what metrics are disclosed (transaction volume, value, participant count, uptime, etc.). Provide URL if available.","Search: ""[Country] payment system statistics"", ""[Country] payment system annual report"", payment system operator website, central bank payment statistics publications, financial stability reports, quarterly bulletins.",pay-governance-performancereporting,19
Digital Pay,Governance,Pro-Poor Governance Mechanisms,"Whether payment system governance explicitly includes mechanisms to ensure inclusivity and represent interests of vulnerable populations, including provisions for input from all participant types, consumer representatives, small providers, or explicit financial inclusion mandates in governance documents.",0=Unknown or n.a.; 1=No; 2=Partial; 3=Yes,"Explicit mechanisms: Consumer advisory boards, small PSP representation, inclusion mandate in charter, affordability requirements. Describe specific mechanisms if present (e.g., ""SME PSP reserved board seat"", ""Annual inclusion reporting requirement"").","Search: ""[Country] payment system financial inclusion governance"", ""[Country] payment consumer representation"", scheme rules on inclusion, governance charters, stakeholder consultation frameworks, financial inclusion strategies linked to payment systems.",pay-governance-propoorgovernance,14
Digital Pay,Governance,Scheme Rules Publicly Available,"Whether the scheme rules governing payment system participation, pricing structure, technical requirements, security standards, and conduct are publicly accessible via website, public repository, or on request. Transparency indicator.",0=Unknown or n.a.; 1=No - Confidential; 2=Partial - On Request; 3=Yes - Fully Public,Fully Public: Rules downloadable online without registration. On Request: Available to interested parties who request. Confidential: Only available to participants. Note URL if publicly available. Comment on language availability.,"Search: ""[Country] payment system scheme rules"", ""[Country] payment system rulebook"", payment system operator website documentation sections, participant handbooks, regulatory filings, request access if ""on request"" model noted.",pay-governance-schemerulesavail,15
Digital Pay,System,Digital Payment System Exists,"Whether the country has established or is actively developing an instant/real-time payment system (IPS/RTP) that enables digital payments with near-instant settlement (typically within seconds), available 24/7/365. This includes both bank-led and mobile money interoperability systems.",0=Unknown or n.a.; 1=No; 2=Planned; 3=Under development; 4=Partially deployed; 5=Fully deployed nationwide,"If ""In Development"", note expected launch date if available. Include year of launch for operational systems.","Search: ""[Country] instant payment system"", ""[Country] real-time payment"", ""[Country] digital payment infrastructure"", central bank payment systems reports. Check SIIPS Report (AfricaNenda Foundation), World Bank payment systems database, central bank websites.",pay-system-dpayexists,1
Digital Pay,Uptake,Active Digital Payment Users,"Percentage of the adult population (15+ years) who have made at least one digital payment transaction through the instant payment system in the past 90 days, indicating active usage rather than just account ownership.",0=Unknown or n.a.; 1=<20%; 2=20-49%; 3=50-69%; 4=70-89%; 5=>89%,"Specify measurement period (typically 90 days active). Note if count includes mobile money, bank accounts, or both. Distinguish registered accounts vs active users. Provide denominator (total adult population) if percentage. Source data (survey, system operator, regulator).","Search: ""[Country] active digital payment users"", ""[Country] mobile money active users"", Global Findex data, GSMA mobile money state of industry reports, payment system statistics, financial inclusion surveys, central bank household surveys.",pay-uptake-activeusers,42
Digital Pay,Uptake,Independent Audits and Reviews,"Whether independent external audits of payment system security, operations, financial controls, and compliance are conducted by third-party auditors, and whether audit results or summaries are made public.",0=Unknown or n.a.; 1=No; 2=Private Audits; 3=Public Audits,"Public Results: Audit findings disclosed. Private: Audits conducted but not public. Specify audit types (financial, security, operational, compliance). Note audit frequency (annual, biennial). Name auditor type (Big 4, local firm, government auditor). Mention audit standards used (IFRS, ISA, ISAE).","Search: ""[Country] payment system audit"", ""[Country] payment operator financial statements"", payment system operator annual reports with auditor opinion, regulatory audit requirements, security audit reports, external assessment reports, company filings with audited financials.",pay-uptake-auditsandreviews,59
Digital Pay,Uptake,Accessibility for Persons with Disabilities,"Whether digital payment systems and access points (apps, USSD, agents) are designed to accommodate persons with disabilities (visual, hearing, mobility, cognitive impairments), and disability-disaggregated coverage rates if data available.",0=Unknown or n.a.; 1=No; 2=Partial; 3=Yes,"Yes: Assistive technology compatible, accessible design. Partial: Some features. Describe accommodations: screen reader support, voice interface, tactile/audio ATMs, agent assistance, simplified UI. Cite disability inclusion policy. Note if usage data by disability status collected.","Search: ""[Country] payment accessibility disability"", ""[Country] financial inclusion disability"", accessibility features in payment apps, disability rights legislation applied to financial services, financial inclusion surveys with disability module, assistive technology compatibility, agent services for persons with disabilities.",pay-uptake-disabilityaccess,76
Digital Pay,Uptake,Government Payment Digitization,"Percentage of government payments (G2P disbursements including salaries, pensions, social transfers) made through instant digital payment system rather than cash or check, reflecting government adoption and modernization.",0=Unknown or n.a.; 1=<20%; 2=20-49%; 3=50-69%; 4=70-89%; 5=>89%,"Specify which G2P types included (all, social transfers only, salaries, pensions). Note if percentage by value or volume. Distinguish instant payment system vs other digital (e.g., older bank transfer). Mention major programs fully digitized. Source data (treasury, social protection ministry, central bank).","Search: ""[Country] G2P digitization"", ""[Country] government payment modernization"", ""[Country] digital social transfers"", treasury reports, social protection program evaluations, World Bank G2P data, IMF financial management assessments, government digital transformation strategies.",pay-uptake-govtadoption,46
Digital Pay,Uptake,Refugee and Migrant Access,"Whether refugees, asylum seekers, internally displaced persons, migrants, and stateless persons can legally access and open digital payment accounts, and practical barriers or enablers for these populations.",0=Unknown or n.a.; 1=No; 2=Partial; 3=Yes,"Full Access: Refugee ID accepted for account opening. Partial: Some documentation pathways exist. Excluded: National ID required, refugees excluded. Describe documentation accepted (refugee ID, asylum papers). Note regulatory barriers (AML/KYC requirements). Cite refugee financial inclusion policies.","Search: ""[Country] refugee financial inclusion"", ""[Country] migrants mobile money access"", ""[Country] KYC refugee"", refugee affairs regulations, UNHCR financial inclusion programs, humanitarian cash transfer programs, KYC requirements for non-nationals, refugee documentation accepted by PSPs, displacement-affected financial access studies.",pay-uptake-refugeemigrantaccess,78
Registries,Address,Business uptake,What proportion of business properties does the register cover?,0=Unknown or n.a.; 1=<20%; 2=20-49%; 3=50-69%; 4=70-89%; 5=>89%,Proportion of business/commercial properties with a registered standardised address in the digital address register.,"Search: ""[Country] business address register coverage"", ""[Country] commercial property addressing"". If no address register exists (Status=1), set to 0.",reg-address-business,21
Registries,Address,Data exchange integration,Is the register integrated with the government's national data exchange system?,0=Unknown or n.a.; 1=No; 2=Planned; 3=Under development; 4=Partially integrated; 5=Fully integrated nationwide,Data exchange system refers to a government interoperability platform. Assess whether the address register is connected for automated data sharing.,"Search: ""[Country] address register interoperability"", ""[Country] addressing system data exchange"". Check e-government strategies.",reg-address-dpi,24
Registries,Address,Status,Does the government maintain a digital address register?,0=Unknown or n.a.; 1=No; 2=Planned; 3=Under development; 4=Partially deployed; 5=Fully deployed nationwide,"An address register is a systematic database of standardised physical addresses (street names, numbers, postal codes) for buildings and plots. Distinguished from informal addressing or GPS-based systems. May include digital addressing systems (e.g. what3words, Plus Codes) adopted officially.","Search: ""[Country] address register"", ""[Country] digital addressing system"", ""[Country] national addressing system"", ""[Country] street naming numbering"". Check postal services, national mapping agencies, e-government portals. Note: some countries have adopted digital addressing (what3words, Plus Codes) as official systems.",reg-address-exists,20
Registries,Address,Household uptake,What proportion of private properties does the register cover?,0=Unknown or n.a.; 1=<20%; 2=20-49%; 3=50-69%; 4=70-89%; 5=>89%,"Proportion of residential/private properties with a registered standardised address. In many African countries, rural and informal urban areas may lack formal addresses.","Search: ""[Country] residential address coverage"", ""[Country] household addressing"". Check national addressing programme statistics, postal service coverage data.",reg-address-house,22
Registries,Address,Land register integration,Is the register integrated with the land register?,0=Unknown or n.a.; 1=No; 2=Planned; 3=Under development; 4=Partially integrated; 5=Fully integrated nationwide,Integration means addresses in the register are linked to land parcels in the land register. Assess technical linkage between the two systems.,"Search: ""[Country] address register land register integration"". Check interoperability between addressing authority and land registry.",reg-address-land,23
Registries,Business,Address register integration,Is the register integrated with the address register?,0=Unknown or n.a.; 1=No; 2=Planned; 3=Under development; 4=Partially integrated; 5=Fully integrated nationwide,Integration means businesses in the register are linked to standardised addresses in the address register. Assess technical linkage.,"Search: ""[Country] business register address integration"". Check whether business registration captures standardised addresses linked to the address register.",reg-business-address,27
Registries,Business,Data exchange integration,Is the register integrated with the government's national data exchange system?,0=Unknown or n.a.; 1=No; 2=Planned; 3=Under development; 4=Partially integrated; 5=Fully integrated nationwide,Data exchange system refers to a government interoperability platform. Assess whether the business register is connected for automated data sharing.,"Search: ""[Country] business register interoperability"", ""[Country] company registration data exchange"". Check e-government strategies.",reg-business-dpi,29
Registries,Business,Status,Does the government maintain a digital business register?,0=Unknown or n.a.; 1=No; 2=Planned; 3=Under development; 4=Partially deployed; 5=Fully deployed nationwide,"A business register records formally registered businesses/companies, typically managed by a Registrar of Companies, Companies House, or equivalent. Includes company name, registration number, directors, legal form, status. May cover sole proprietors, partnerships, and corporations.","Search: ""[Country] business registration digital"", ""[Country] company registration online"", ""[Country] registrar of companies"". Key sources: World Bank Doing Business/B-READY (starting a business), country investment climate assessments, Companies Registry websites.",reg-business-exists,25
Registries,Business,Land register integration,Is the register integrated with the land register?,0=Unknown or n.a.; 1=No; 2=Planned; 3=Under development; 4=Partially integrated; 5=Fully integrated nationwide,Integration means businesses in the register are linked to land parcels (business premises) in the land register. Assess technical linkage.,"Search: ""[Country] business register land register integration"". Check interoperability between companies registrar and land authority.",reg-business-land,28
Registries,Business,Uptake,What proportion of businesses does the register cover?,0=Unknown or n.a.; 1=<20%; 2=20-49%; 3=50-69%; 4=70-89%; 5=>89%,Proportion of businesses (formal sector) registered in the digital system. Note that informal sector businesses are typically excluded. Use total formal businesses as the denominator if available; otherwise use total registered businesses as proxy.,"Search: ""[Country] business registration rate"", ""[Country] formal sector businesses registered"". Check companies registrar statistics, World Bank enterprise surveys. Note that informal businesses are typically excluded.",reg-business-uptake,26
Registries,Civil,Data exchange integration,Is the register integrated with the government's national data exchange system?,0=Unknown or n.a.; 1=No; 2=Planned; 3=Under development; 4=Partially integrated; 5=Fully integrated nationwide,Data exchange system refers to a government interoperability platform. Assess whether the civil register is connected to such a platform for automated data sharing with other government systems.,"Search: ""[Country] CRVS interoperability"", ""[Country] civil registration data exchange platform"". Check e-government strategies, CRVS digitisation plans.",reg-cr-dpi,13
Registries,Civil,Status,Does the government maintain a digital civil register?,0=Unknown or n.a.; 1=No; 2=Planned; 3=Under development; 4=Partially deployed; 5=Fully deployed nationwide,"A civil register (CRVS) records vital events: births, deaths, marriages, divorces. Distinguished from a population register (stock) — the civil register records flows/events. May be managed by a dedicated CRVS authority, Ministry of Interior/Justice, or local authorities.","Search: ""[Country] CRVS digital"", ""[Country] civil registration system"", ""[Country] birth registration digital"". Key sources: UNICEF CRVS country profiles, UN-ECA CRVS Decade reports, World Bank ID4D, APAI-CRVS reports, country CRVS improvement plans.",reg-cr-exists,7
Registries,Civil,National Id integration,Is the register integrated with the national ID system?,0=Unknown or n.a.; 1=No; 2=Planned; 3=Under development; 4=Partially integrated; 5=Fully integrated nationwide,"Integration means vital events trigger updates in the national ID system (e.g. birth registration generates a national ID number, death registration deactivates an ID). Assess technical linkage, not just policy.","Search: ""[Country] birth registration national ID"", ""[Country] CRVS identity system integration"". Check whether birth registration automatically generates a national ID number, and whether death registration deactivates IDs.",reg-cr-id,11
Registries,Civil,Inclusivity,Are all non-citizens allowed to be included in the register?,0=Unknown or n.a.; 1=None; 2=Permanent residents only; 3=Some refugees and IDPs ; 4=All included,"Same criteria as population register inclusivity: assess whether non-citizens (permanent residents, refugees, IDPs, asylum seekers) can register vital events (births, deaths, marriages) in the system.","Search: ""[Country] birth registration refugees"", ""[Country] civil registration non-citizens"". Check UNHCR country pages, UNICEF CRVS profiles, national CRVS legislation for non-citizen eligibility.",reg-cr-inclusive,9
Registries,Civil,Population register integration,Is the register integrated with the population register?,0=Unknown or n.a.; 1=No; 2=Planned; 3=Under development; 4=Partially integrated; 5=Fully integrated nationwide,Integration means vital events in the civil register update the population register. This is the inverse of reg-pop-crvs — both should normally have the same or similar rating.,"Search: ""[Country] CRVS population register integration"", ""[Country] civil registration population register linked"". This is the inverse of reg-pop-crvs. Check interoperability documentation.",reg-cr-pop,12
Registries,Civil,Scope,"Does the register cover births, deaths and marriages?",0=Unknown or n.a.; 1=None; 2=Some; 3=All,"Assess which vital event types are captured digitally. ""Some"" means at least one but not all of births, deaths, and marriages are digitally registered. ""All"" means all three event types are captured in the digital system.","Search: ""[Country] CRVS births deaths marriages"", ""[Country] vital events registration"". Check UNICEF CRVS profiles, national CRVS legislation, civil registration authority websites for which event types are digitally captured.",reg-cr-scope,8
Registries,Civil,Uptake,What proportion of the population does the register cover?,0=Unknown or n.a.; 1=<20%; 2=20-49%; 3=50-69%; 4=70-89%; 5=>89%,"Use birth registration completeness as the primary proxy (most commonly reported). WHO/UNICEF/World Bank publish birth registration data. If only birth registration rates are available, use those and note in Comments.","Search: ""[Country] birth registration rate"", ""[Country] CRVS completeness"". Key sources: UNICEF/WHO birth registration data, UN Statistics Division, World Bank World Development Indicators (SP.REG.BRTH.ZS), DHS/MICS surveys. Use birth registration completeness as primary proxy.",reg-cr-uptake,10
Registries,Electoral,Data exchange integration,Is the register integrated with the government's national data exchange system?,0=Unknown or n.a.; 1=No; 2=Planned; 3=Under development; 4=Partially integrated; 5=Fully integrated nationwide,Data exchange system refers to a government interoperability platform. Assess whether the electoral register is connected for automated data sharing. Note: electoral data is often kept separate for independence reasons.,"Search: ""[Country] electoral register interoperability"", ""[Country] voter data exchange"". Note that electoral data is often kept deliberately independent. Check e-government strategies.",reg-elect-dpi,33
Registries,Electoral,Status,Does the government maintain a digital electoral register?,0=Unknown or n.a.; 1=No; 2=Planned; 3=Under development; 4=Partially deployed; 5=Fully deployed nationwide,"An electoral register (voter roll) records citizens eligible to vote. Typically managed by an electoral commission or equivalent body. Assess whether the register is maintained digitally (database), not just whether paper voter lists exist.","Search: ""[Country] electoral register digital"", ""[Country] voter registration system"", ""[Country] electoral commission biometric voter"". Key sources: Electoral commission websites, IFES/International IDEA election profiles, ACE Electoral Knowledge Network, election observation mission reports.",reg-elect-exists,30
Registries,Electoral,National Id integration,Is the register integrated with the national ID system?,0=Unknown or n.a.; 1=No; 2=Planned; 3=Under development; 4=Partially integrated; 5=Fully integrated nationwide,"Integration means voter registration uses or is linked to the national ID system (e.g. national ID number as voter registration key, or biometric deduplication against the national ID database). Assess technical linkage.","Search: ""[Country] voter registration national ID"", ""[Country] electoral biometric national ID linked"". Check whether voter registration requires/uses national ID, and whether biometric deduplication is linked to the national ID database.",reg-elect-id,32
Registries,Electoral,Uptake,What proportion of the electorate does the register cover?,0=Unknown or n.a.; 1=<20%; 2=20-49%; 3=50-69%; 4=70-89%; 5=>89%,Proportion of the eligible electorate (voting-age citizens) registered. Use the most recent election cycle data. Note whether the figure is from the election commission or independent estimates.,"Search: ""[Country] voter registration rate"", ""[Country] registered voters percentage"", ""[Country] electoral commission statistics"". Check most recent election data from electoral commission, IFES, International IDEA Voter Turnout Database.",reg-elect-uptake,31
Registries,Land,Address register integration,Is the register integrated with the address register?,0=Unknown or n.a.; 1=No; 2=Planned; 3=Under development; 4=Partially integrated; 5=Fully integrated nationwide,"Integration means land parcels in the register are linked to the address register (e.g. a plot has a registered street address). Assess technical linkage, not just whether addresses appear in land records informally.","Search: ""[Country] land register address integration"", ""[Country] property address register linked"". Check land registration authority documentation.",reg-land-address,17
Registries,Land,Business register integration,Is the register integrated with the business register?,0=Unknown or n.a.; 1=No; 2=Planned; 3=Under development; 4=Partially integrated; 5=Fully integrated nationwide,Integration means business premises recorded in the business register are linked to land parcels in the land register. Assess technical linkage between the two systems.,"Search: ""[Country] land register business register integration"". Check interoperability between land authority and companies registrar.",reg-land-business,18
Registries,Land,Separate cadastral register,Does the government maintain a separate cadastral register?,0=Unknown or n.a.; 1=No; 2=Planned; 3=Under development; 4=Partially deployed; 5=Fully deployed nationwide,"A cadastral register is a spatial database of land parcel boundaries, areas, and physical descriptions, often linked to maps/GIS. Distinguished from the land/title register which records legal ownership. Some countries maintain a unified system; others have separate registers.","Search: ""[Country] cadastral system digital"", ""[Country] cadastral register GIS"", ""[Country] land parcel mapping"". Check land survey/mapping agencies, FAO/UN-Habitat land reports.",reg-land-cadastral,15
Registries,Land,Data exchange integration,Is the register integrated with the government's national data exchange system?,0=Unknown or n.a.; 1=No; 2=Planned; 3=Under development; 4=Partially integrated; 5=Fully integrated nationwide,Data exchange system refers to a government interoperability platform. Assess whether the land register is connected for automated data sharing.,"Search: ""[Country] land register interoperability"", ""[Country] land registration data exchange"". Check e-government strategies.",reg-land-dpi,19
Registries,Land,Status,Does the government maintain a digital land register?,0=Unknown or n.a.; 1=No; 2=Planned; 3=Under development; 4=Partially deployed; 5=Fully deployed nationwide,"A land register (title register or deeds register) records legal ownership, rights, and encumbrances over land and property. Distinguished from a cadastral register (spatial/physical description of land parcels). May be called Land Registry, Title Registry, or Deeds Office.","Search: ""[Country] land registration digital"", ""[Country] land registry system"", ""[Country] land title registration"". Key sources: World Bank Doing Business/B-READY indicators (registering property), FAO land governance assessments, country land policy documents, Cadasta Foundation resources.",reg-land-exists,14
Registries,Land,Uptake,What proportion of land ownership does the register cover?,0=Unknown or n.a.; 1=<20%; 2=20-49%; 3=50-69%; 4=70-89%; 5=>89%,"Proportion of land parcels/ownership rights formally registered in the digital system. In many African countries, customary/communal land may not be formally registered. Note whether the figure includes or excludes customary land in Comments.","Search: ""[Country] land registration coverage"", ""[Country] percentage land titled"", ""[Country] land formalization"". Key sources: World Bank, FAO VGGT assessments, country land reform programmes. Note whether customary land is included.",reg-land-uptake,16
Registries,Population,Civil registration integration,Is the population register integrated with the civil register?,0=Unknown or n.a.; 1=No; 2=Planned; 3=Under development; 4=Partially integrated; 5=Fully integrated nationwide,"Integration means birth/death events in the civil register automatically update the population register (additions/removals). Assess whether vital events flow in real-time or batch, and whether coverage is universal or partial.","Search: ""[Country] population register CRVS integration"", ""[Country] birth registration population register link"". Check CRVS improvement plans, UNICEF CRVS country profiles, e-government interoperability documents.",reg-pop-crvs,5
Registries,Population,Data exchange integration,Is the register integrated with the government's national data exchange system?,0=Unknown or n.a.; 1=No; 2=Planned; 3=Under development; 4=Partially integrated; 5=Fully integrated nationwide,"Data exchange system refers to a government interoperability platform or data-sharing infrastructure (e.g. X-Road, GovStack, national service bus, API gateway). Assess whether the population register is connected to such a platform, not just whether data is shared ad hoc.","Search: ""[Country] population register interoperability"", ""[Country] data exchange platform"", ""[Country] government service bus"". Check e-government strategies, digital transformation plans, GovTech assessments. Look for X-Road, GovStack, or similar platforms.",reg-pop-dpi,6
Registries,Population,Status,Does the government maintain a digital population register?,0=Unknown or n.a.; 1=No; 2=Planned; 3=Under development; 4=Partially deployed; 5=Fully deployed nationwide,"A population register is a continuously updated database of all persons resident in a country, maintained by a government agency. Distinguished from a census (periodic) and CRVS (event-based). May be called National Population Register, Civil Register of Persons, or Resident Register.","Search: ""[Country] population register"", ""[Country] national population register digital"", ""[Country] civil register of persons"". Check national statistics office, Ministry of Interior, e-government portals. Key sources: World Bank ID4D dataset, UN Statistics Division CRVS reports, country e-government strategies.",reg-pop-exists,1
Registries,Population,National Id integration,Is the register integrated with the national ID system?,0=Unknown or n.a.; 1=No; 2=Planned; 3=Under development; 4=Partially integrated; 5=Fully integrated nationwide,"Integration means systematic linkage via unique identifiers (e.g. national ID number used as key in population register). Assess technical integration (API/database link), not just policy intent. ""Partially integrated"" means linkage exists but is not universal or bidirectional.","Search: ""[Country] population register national ID integration"", ""[Country] population register linked national identity"". Check e-government interoperability documents, national ID authority reports, digital transformation strategies.",reg-pop-id,4
Registries,Population,Inclusivity,Are all non-citizens allowed to be included in the register?,0=Unknown or n.a.; 1=None; 2=Permanent residents only; 3=Some refugees and IDPs ; 4=All included,"Non-citizens include permanent residents, refugees (UNHCR-recognised), IDPs, asylum seekers, stateless persons, and temporary residents. Assess the broadest category formally eligible for inclusion, not just those actually registered.","Search: ""[Country] population register refugees"", ""[Country] population register non-citizens"", ""[Country] refugee registration system"". Check UNHCR country pages, national refugee legislation, population register eligibility criteria. Note distinction between de jure eligibility and de facto practice.",reg-pop-inclusive,2
Registries,Population,Uptake,What proportion of the population does the register cover?,0=Unknown or n.a.; 1=<20%; 2=20-49%; 3=50-69%; 4=70-89%; 5=>89%,"Proportion of total resident population (citizens + eligible non-citizens) registered. Use most recent official statistics. If only citizen coverage is reported, note this in Comments and assess based on citizen coverage.","Search: ""[Country] population register coverage"", ""[Country] population register statistics"". Check national statistics office, Ministry of Interior reports, World Bank ID4D data. If no population register exists (Status=1), set to 0.",reg-pop-uptake,3
Registries,Social Protection,Data exchange integration,Is the register integrated with the government's national data exchange system?,0=Unknown or n.a.; 1=No; 2=Planned; 3=Under development; 4=Partially integrated; 5=Fully integrated nationwide,Data exchange system refers to a government interoperability platform. Assess whether the social protection register is connected for automated data sharing.,"Search: ""[Country] social registry interoperability"", ""[Country] social protection data exchange"". Check e-government strategies, social protection digitisation plans.",reg-social-dpi,44
Registries,Social Protection,Status,Does the government maintain one or more social protection registers?,0=Unknown or n.a.; 1=No; 2=Planned; 3=Under development; 4=Partially deployed; 5=Fully deployed nationwide,"A social protection register (social registry, beneficiary registry) records beneficiaries and/or potential beneficiaries of government social protection programmes (cash transfers, food assistance, pensions, etc.). May be a unified social registry or separate programme-specific registers.","Search: ""[Country] social registry"", ""[Country] social protection register"", ""[Country] beneficiary registry"", ""[Country] unified beneficiary register"". Key sources: World Bank Social Protection reports, ILO social protection country profiles, UNICEF social protection budgets, country social protection strategies.",reg-social-exists,41
Registries,Social Protection,National Id integration,Is the register integrated with the national ID system?,0=Unknown or n.a.; 1=No; 2=Planned; 3=Under development; 4=Partially integrated; 5=Fully integrated nationwide,Integration means beneficiary records are linked to the national ID system (e.g. national ID used for beneficiary identification and deduplication). Assess technical linkage.,"Search: ""[Country] social protection national ID"", ""[Country] social registry identity verification"". Check whether beneficiary identification uses national ID, and whether deduplication is linked to the national ID database.",reg-social-id,43
Registries,Social Protection,Uptake,What proportion of the intended beneficiaries does the register cover?,0=Unknown or n.a.; 1=<20%; 2=20-49%; 3=50-69%; 4=70-89%; 5=>89%,"Proportion of intended beneficiaries (target population for social protection) registered. Note whether the figure covers a single programme or a unified social registry. Denominator is the intended beneficiary population, not total population.","Search: ""[Country] social registry coverage"", ""[Country] social protection beneficiaries registered"". Check social protection programme statistics, World Bank SP reports, country social protection strategies.",reg-social-uptake,42
Registries,Tax,Business register integration,Is the register integrated with the business register?,0=Unknown or n.a.; 1=No; 2=Planned; 3=Under development; 4=Partially integrated; 5=Fully integrated nationwide,Integration means taxpayer records for businesses are linked to the business register (e.g. business registration number used as key in tax records). Assess technical linkage.,"Search: ""[Country] tax register business register integration"", ""[Country] TIN company registration linked"". Check whether business registration automatically generates a TIN or vice versa.",reg-tax-business,39
Registries,Tax,Business taxpayer uptake,What proportion of businesses does the register cover?,0=Unknown or n.a.; 1=<20%; 2=20-49%; 3=50-69%; 4=70-89%; 5=>89%,Proportion of business taxpayers registered in the digital system. Denominator is total formal businesses liable for tax. Compare with business register coverage for consistency.,"Search: ""[Country] business tax registration rate"", ""[Country] VAT registered businesses proportion"". Check revenue authority statistics, compare with business register data.",reg-tax-businessuptake,37
Registries,Tax,Data exchange integration,Is the register integrated with the government's national data exchange system?,0=Unknown or n.a.; 1=No; 2=Planned; 3=Under development; 4=Partially integrated; 5=Fully integrated nationwide,Data exchange system refers to a government interoperability platform. Assess whether the tax register is connected for automated data sharing.,"Search: ""[Country] tax system interoperability"", ""[Country] revenue authority data exchange"". Check e-government strategies, tax modernisation plans.",reg-tax-dpi,40
Registries,Tax,Status,Does the government maintain one or more tax registers?,0=Unknown or n.a.; 1=No; 2=Planned; 3=Under development; 4=Partially deployed; 5=Fully deployed nationwide,"A tax register records individual and/or business taxpayers, typically managed by a revenue authority. May include separate registers for income tax, VAT, customs, etc. Assess whether any tax register is maintained digitally.","Search: ""[Country] tax administration digital"", ""[Country] revenue authority system"", ""[Country] electronic tax registration"". Key sources: Revenue authority websites, IMF TADAT assessments, World Bank tax administration reports, ATAF (African Tax Administration Forum) reports.",reg-tax-exists,34
Registries,Tax,National Id integration,Is the register integrated with the national ID system?,0=Unknown or n.a.; 1=No; 2=Planned; 3=Under development; 4=Partially integrated; 5=Fully integrated nationwide,"Integration means taxpayer records are linked to the national ID system (e.g. TIN linked to national ID number). Assess technical linkage, not just whether the revenue authority requires national ID for registration.","Search: ""[Country] TIN national ID linked"", ""[Country] tax registration national identity"". Check whether TIN issuance requires/uses national ID number.",reg-tax-id,38
Registries,Tax,Income taxpayer uptake,What proportion of individual taxpayers does the register cover?,0=Unknown or n.a.; 1=<20%; 2=20-49%; 3=50-69%; 4=70-89%; 5=>89%,"Proportion of individual/income taxpayers registered in the digital system. Denominator is the total eligible individual taxpayer base (not total population). In many African countries, the formal individual taxpayer base is small relative to population.","Search: ""[Country] individual taxpayer registration rate"", ""[Country] income tax registered proportion"", ""[Country] tax-to-GDP ratio"". Check revenue authority statistics, IMF Article IV reports, ATAF data.",reg-tax-incomeuptake,36
Registries,Tax,Scope,"Does the register manage income tax, business taxes or both?",0=Unknown or n.a.; 1=None; 2=Income taxpayers only; 3=Business taxpayers only; 4=Both income and business taxpayers,"Assess whether the digital tax register covers individual/income taxpayers, business/corporate taxpayers, or both. ""Both"" means a unified or linked system covering both categories.","Search: ""[Country] tax register individual business"", ""[Country] TIN system scope"". Check revenue authority website for which taxpayer types can register.",reg-tax-scope,35
Rural Digitalisation,Clinic,Status,The status of digital data capture in rural primary healthcare clinics,0=Unknown or n.a.; 1=Entirely paper;2=Mostly paper - some digital;3=Mostly digital - some paper;4=Entirely digital,Provide details in Comments,The focus is on data capture at the facility. Digitalisation of paper data at a higher level should not be taken into account.,rural-clinic-status,1
Rural Digitalisation,Police,Status,The status of digital data capture in rural police stations,0=Unknown or n.a.; 1=Entirely paper;2=Mostly paper - some digital;3=Mostly digital - some paper;4=Entirely digital,Provide details in Comments,The focus is on data capture at the facility. Digitalisation of paper data at a higher level should not be taken into account.,rural-police-status,2
Rural Digitalisation,Registry,Status,The status of digital data capture in rural civil registry offices,0=Unknown or n.a.; 1=Entirely paper;2=Mostly paper - some digital;3=Mostly digital - some paper;4=Entirely digital,Provide details in Comments,The focus is on data capture at the facility. Digitalisation of paper data at a higher level should not be taken into account.,rural-registry-status,3
Rural Digitalisation,School,Status,The status of digital data capture in rural primary schools,0=Unknown or n.a.; 1=Entirely paper;2=Mostly paper - some digital;3=Mostly digital - some paper;4=Entirely digital,Provide details in Comments,The focus is on data capture at the facility. Digitalisation of paper data at a higher level should not be taken into account.,rural-school-status,4
