Country,Country Name,Chapter,Chapter Details,Section,Variable Name,Definition,Value Code,Value Name,Year,Comments,Variable Id,Variable Sort,Source urls,n_sources,redteam_priority,redteam_flags,redteam_note,revised_value_code,revised_source_urls,revision_notes,revised_year,revised_year_confidence,revised_comments,status
AGO,Angola,Rural Digitalisation,Status of digitalisation of records in rural facilities,Clinic,Status,The status of digital data capture in rural primary healthcare clinics,1,Entirely paper,,"Rural primary healthcare clinics in Angola predominantly use paper-based registers for patient data recording (e.g., consultations, vaccinations, treatments). Data is aggregated monthly and transcribed into the national DHIS2 system at municipal or provincial levels, not entered digitally at point-of-care.Serbian Journal of the Medical Chamber No evidence found of routine EMR or digital tools at rural clinics; pilots like TB EMR are urban/Luanda-based.Frontiers in Public Health Digital efforts include Excel training for reports in select areas (e.g., 52 Huambo units) and national DHIS2 since 2015 for aggregation, with NHIS strategic plan 2024-2030 underway.WHO Angola Annual Report 2024 Key barriers: inadequate rural infrastructure (electricity, internet), staff shortages/training gaps, uneven personnel distribution, post-civil war legacies. National ambition for digital HIS outpaces rural PoC reality, where paper remains default with digital limited to upward reporting/pilots (score 2).",rural-clinic-status,1,https://smj.rs/en/volume-6-no-2/the-role-of-health-information-systems-in-transforming-and-enhancing-the-efficiency-of-angolas-health-system-challenges-and-opportunities;https://pmc.ncbi.nlm.nih.gov/articles/PMC9009439/;https://www.afro.who.int/sites/default/files/2025-03/WHO%20Angola%20Annual%20Report%202024.pdf,3,Low,no_year,No data year recorded - must be populated during verification.,,https://doi.org/10.5937/smclk6-58193;https://www.afro.who.int/sites/default/files/2025-03/WHO%20Angola%20Annual%20Report%202024.pdf;https://doi.org/10.1186/s12911-025-03270-7,"Fetched the WHO Angola 2024 annual report and read the 2025 Serbian Journal of the Medical Chamber analysis of Angola's HIS in full; both confirm the DHIS2 aggregation model, under which data are captured on paper at facility level and only entered electronically at municipal/provincial level. A newer (2025) BMC Health Informatics and Decision Making study on the Luanda TB EMR pilot further confirms that electronic capture remains confined to a small number of urban Luanda facilities and has not reached rural clinics. Score of 1 (Entirely paper) confirmed for facility-level capture, consistent with the variable's exclusion of higher-level digitisation.",2025,high,"Rural primary healthcare clinics in Angola record patient data (consultations, vaccinations, treatments) using paper-based registers at the point of care. The Ministry of Health has run the DHIS2 platform nationally since 2015, but this operates at the aggregation level: paper records from clinics are compiled and entered into DHIS2 at municipal or provincial offices, not digitised at the facility itself. Electronic medical record pilots, such as one for tuberculosis surveillance, are confined to a small number of urban facilities in Luanda and have not been extended to rural clinics. Persistent barriers include unreliable electricity and internet access, staff shortages, and limited IT training in rural areas.",
AGO,Angola,Rural Digitalisation,Status of digitalisation of records in rural facilities,Police,Status,The status of digital data capture in rural police stations,1,Entirely paper,,"No evidence found of digital case management or record-keeping in rural Angola police stations despite extensive searches. SIC offers online complaints, but core functions like incident reports and case files appear paper-based per standard African practices (e.g., signing physical documents warned in UK FCDO Prisoner Pack). US State Dept 2024 HR report details arrests, interrogations at stations, pretrial detention without digital mentions, indicating manual processes (US State Dept 2024 HR Angola). Justice digitization limited to ombudsman courts, not police (UNDP Angola). Rural areas likely paper-only given infrastructure challenges.",rural-police-status,2,https://www.state.gov/wp-content/uploads/2025/07/62451_ANGOLA-2024-HUMAN-RIGHTS-REPORT.pdf;https://assets.publishing.service.gov.uk/media/61e8c4e68fa8f5058d5a772c/Angola_-_Prisoner_Pack_Luanda_2022.pdf;https://www.undp.org/angola/blog/digital-justice-foundation-inclusive-development,3,Low,no_year,No data year recorded - must be populated during verification.,,https://comum.rcaap.pt/handle/10400.26/45721;https://www.undp.org/angola/blog/digital-justice-foundation-inclusive-development;https://angop.ao/noticias/sociedade/pn-reforca-seguranca-com-cinco-novos-centros-de-comando-e-controlo/,"The original state.gov human rights report link returned a site error on re-fetch this session and could not be re-verified directly. Searched for updated Angola-specific evidence: a 2023 Angolan Master's dissertation on the Policia Nacional de Angola's need for a strategic information system confirms the absence of an information-sharing/case-management system across the force. A 2026 news report on new police command-and-control centres (CCTV, vehicle tracking) shows this investment is concentrated in Luanda's urban municipalities (Cacuaco, Talatona, Viana, Kilamba Kiaxi, Cazenga) and concerns surveillance/traffic control, not case or incident record-keeping, and does not extend to rural stations. No evidence found of digital record-keeping in rural police stations. Score of 1 (Entirely paper) confirmed.",2024,medium,"Rural police stations in Angola continue to rely on manual, paper-based processes for recording incidents, arrests, and case files. No public evidence indicates the deployment of electronic case management or records systems in rural stations. A dissertation on strategic information systems for the Policia Nacional de Angola highlights the absence of a functioning force-wide information system and proposes one for future adoption. Recent government investment in policing technology, including new command-and-control centres with CCTV and vehicle-tracking capability, is concentrated in Luanda's urban municipalities and does not extend to rural record-keeping.",
AGO,Angola,Rural Digitalisation,Status of digitalisation of records in rural facilities,School,Status,The status of digital data capture in rural primary schools,1,Entirely paper,,"Rural primary schools in Angola predominantly use paper-based recording for attendance, enrollment, grades, and admin data, aggregated later into central EMIS/SIGE systems at provincial/district levels via paper forms or manual entry. Evidence: 2007 World Bank report describes initial school mapping exercise as first step to EMIS, implying manual collection (World Bank ICT Report). Recent GPE analyses highlight 'data and evidence' as high priority due to lack of timely data, indicating incomplete digitisation at facility level (GPE Angola Compact). No evidence of direct digital entry in rural schools; infrastructure poor—no electricity policies for schools, low ICT access (Education Profiles). SIGE systems exist but provincial/pilot scale, not rural-wide digital recording. Pilots and donor projects (e.g., Escola Meu Kamba) exist but limited.",rural-school-status,3,https://openknowledge.worldbank.org/bitstreams/dc9e8776-b7b1-5c30-a70d-4f999387d815/download;https://untalent.org/jobs/partnership-compact-for-the-implementation-of-the-global-partnership-for-education-gpe-initiative-in-angola-from-16-09-30-12-45-days-nationals-and-internationals-can-apply-portuguese;https://education-profiles.org/sub-saharan-africa/angola/~technology,3,Low,no_year,No data year recorded - must be populated during verification.,,https://www.unicef.org/stories/using-data-improve-education-angola;https://angop.ao/noticias/educacao/mais-de-20-escolas-do-uige-beneficiam-de-meios-informaticos/;https://education-profiles.org/sub-saharan-africa/angola/~technology,"Original World Bank, GPE and education-profiles.org sources remain broadly consistent with the score. Found newer (2026) Angolan press reporting on a school management system rollout in Uige province, currently covering roughly 100 of a planned 700+ schools and explicitly described by school staff as replacing previously manual/paper administrative processes - evidence of an emerging but partial, single-province pilot rather than a national shift. Score of 1 (Entirely paper) confirmed as the national characterisation for rural primary schools given the limited scale of the pilot.",2026,medium,"Rural primary schools in Angola predominantly record attendance, enrolment, grades and administrative data on paper, which is aggregated later into the national Education Management and Information System (SIGE) at provincial or district level rather than captured digitally at the school itself. A provincial initiative in Uige is beginning to equip around 100 of a planned 700-plus schools with computers and a school management system to digitise administrative processes that were previously handled manually, but this remains a limited, single-province pilot rather than a national standard. Poor rural electricity supply and low ICT access continue to constrain facility-level digitisation more broadly.",
AGO,Angola,Rural Digitalisation,Status of digitalisation of records in rural facilities,Registry,Status,The status of digital data capture in rural civil registry offices,2,Mostly paper -  some digital,,"Rural registry offices in Angola predominantly use paper-based processes for birth registration, with forms filled manually at point of service and later digitized at higher levels. A 2023 UNECA survey self-reports Angola among 10 countries where all civil registration offices countrywide have digitized databases and electronic entry of vital events, with electronic transmission from local to central levels.UNECA CRVS Digitalization Report However, an African Union CRVS status report scores Angola's digitization as &lt;35% (very weak), indicating limited electronic capture at local offices.AU CRVS Status Report UNICEF is procuring a CRVS assessment (2025), signaling ongoing gaps. Recent initiatives like 'Born with a birth certificate' target rural areas with ID issuance at hospitals (pilots in Zaire province), but routine rural registration remains paper-default. Barriers: poor rural infrastructure, electricity/internet gaps, low capacity; national digital ambitions (e.g., integrated platforms) outpace rural rollout, with coverage ~30% for IDs. Score 2 reflects self-claimed national digital but weak evidence for majority rural point-of-service use vs. aggregation-level digitization.",rural-registry-status,4,https://apai-crvs.uneca.org/sites/default/files/resourcefiles/Digitalization%20of%20Civil%20Registration%20and%20Vital%20Statistics%20in%20Africa.pdf;https://au.int/sites/default/files/newsevents/workingdocuments/33070-wd-en_-_report_on_the_status_of_civil_registration_and_vital_statistics_in_africa_25sept.pdf;https://360mozambique.com/tenders/angola-evaluation-of-the-civil-registration-and-vital-statistics-system-crvs/,3,Low,no_year,No data year recorded - must be populated during verification.,,https://idl-bnc-idrc.dspacedirect.org/server/api/core/bitstreams/4e7ec6da-8d4c-4c97-a89b-1f98b279ba86/content;https://angop.ao/noticias/sociedade/njila-reabilita-postos-de-registos-de-nascimento-no-bie-e-huambo/;https://apai-crvs.uneca.org/sites/default/files/resourcefiles/Digitalization%20of%20Civil%20Registration%20and%20Vital%20Statistics%20in%20Africa.pdf,"Original UNECA/AU sources reviewed. Fetched a 2021 IDRC/UNECA CRVS country snapshot for Angola, based on a Ministry of Justice and Human Rights questionnaire, which gives a more specific and authoritative picture than the aggregate national percentages previously cited: it explicitly distinguishes urban centres (computerised) from rural areas, which it describes as lacking civil registration infrastructure altogether, with paper registration books used and digitised only 'for further digitization' at a higher level. Also found 2024-2026 Angop press reporting on the World Bank-financed 'Njila' governance project, which has been rehabilitating and equipping birth registration posts with computer equipment across several provinces (including Bie and Huambo) since 2023, with some posts reported operational from August 2025. Weighing the 2021 baseline (rural = entirely paper at the point of registration) against the ongoing but partial 2023-2025 equipment rollout, score of 2 (Mostly paper - some digital) is confirmed as the best current characterisation of a genuine but incomplete transition.",2025,medium,"Rural civil registry offices in Angola have historically relied on paper registration books, with records digitised only when aggregated at a higher administrative level rather than captured electronically at the point of registration; a 2021 CRVS system assessment coordinated with the Ministry of Justice and Human Rights specifically noted the absence of civil registration infrastructure and continued reliance on paper books in rural areas. Since 2023, the World Bank-financed 'Njila' governance project has been rehabilitating and equipping birth registration posts with computer equipment across several provinces, including Bie and Huambo, with some posts becoming operational from August 2025, mostly at maternal and child health centres. This points to an ongoing but partial transition, with a growing number of rural registry posts gaining digital capability while most still depend primarily on paper-based processes.",
BDI,Burundi,Rural Digitalisation,Status of digitalisation of records in rural facilities,Clinic,Status,The status of digital data capture in rural primary healthcare clinics,1,Entirely paper,,"Burundi has implemented DHIS2 nationally up to CDS (district) level for health data aggregation and analysis, enabling decision-making and improved outcomes DHIS2 Implementation History. Prior to digital projects in hospitals (2015+), systems were largely paper-based, including patient records and registers Hospital Information System Study. EMRs like OpenClinic GA piloted in 11 hospitals (mostly district level), but no evidence of widespread individual digital recording in rural primary clinics (health centers level 1-3). Rural clinics likely use paper registers/patient records, with aggregates compiled and entered into DHIS2 at district level, consistent with common African HMIS where facility-level is paper and higher levels digitize. No SARA/WHO assessment found confirming digital tools in rural facilities; digital pilots focus on reminders/mobile for specific programs, not core records.",rural-clinic-status,1,https://dac2023.dryfta.com/posters/abstract/public/41/dhis2-implementation-history-to-improve-health-interventions-and-outcomes-in-burundi;https://www.hrpub.org/download/20210430/UJPH8-17622812.pdf;https://www.state.gov/wp-content/uploads/2020/07/COP-2020-Burundi-SDS-FINAL.pdf,3,Low,no_year,No data year recorded - must be populated during verification.,,https://www.madiro.org/programs/uvl;https://doi.org/10.13189/ujph.2021.090208;https://www.ecofinagency.com/news-digital/1304-54616-burundi-moves-to-make-fragmented-health-data-systems-interoperable;https://dac2023.dryfta.com/posters/abstract/public/41/dhis2-implementation-history-to-improve-health-interventions-and-outcomes-in-burundi,"Original sources (DHIS2 conference abstract, hospital EMR study, US State Dept COP) were checked; the underlying conclusion holds. Fresh searches confirm the picture: OpenClinic GA computerisation (2015-2017) and a 2024-25 Madiro/UVL 'instant HIS' pilot both target hospitals, not rural primary health centres (level 1-3 clinics). A national workshop in April 2026 confirmed Burundi's digital health tools (DHIS2, SIDAInfo, OpenClinic) remain fragmented and siloed, with facility-level EMR still rare. No evidence found of routine digital patient-record capture in rural primary clinics themselves. Score of 1 (Entirely paper) confirmed.",2026,medium,"Rural primary healthcare clinics (health centres, levels 1-3) in Burundi capture patient records almost entirely on paper. Electronic medical record systems such as OpenClinic GA have been piloted only in a small number of hospitals (11 facilities, from 2015), and a 2024-25 'instant HIS' digitisation project (Ubuntu Village of Life, supported by the Madiro Foundation and OpenMRS/Ozone) targeted a single rural hospital that previously 'operated entirely on paper-based systems'. A national workshop in April 2026 confirmed that Burundi's digital health tools (DHIS2, SIDAInfo, OpenClinic) remain fragmented and siloed, with facility-level data capture still predominantly manual. Aggregated indicators are compiled from paper registers into DHIS2 at district level, consistent with common regional practice, but individual-level digital recording at the rural clinic point of care is not evidenced.",
BDI,Burundi,Rural Digitalisation,Status of digitalisation of records in rural facilities,Police,Status,The status of digital data capture in rural police stations,1,Entirely paper,,"Burundi's rural police stations record case files, complaints, and incident reports using handwritten paper procès-verbaux (PVs), as mandated by the Criminal Procedure Code (Articles 3-5, 61). PVs require physical signatures, page initials, oaths, and manual transmission to prosecutors; no digital methods mentioned. HRW 2010 report confirms rural OPJs rely on paper dossiers, lacking even basic paper supplies (donated by NGOs), vehicles, or comms; files physically transferred, often incomplete. Recent US State Dept HR reports (2023-2024) describe manual processes (e.g., magistrates failing to convene hearings due to backlogs, lost files), implying paper persistence. No evidence of digital case management systems at stations; general admin digitisation (e.g., voter registers, data protection law 2026) does not extend to rural police recording. Rural facilities (limited staffing, resources) predominantly/entirely paper-based, per francophone Africa norms (handwritten PVs standard).",rural-police-status,2,http://defensewiki.ibj.org/index.php/Code_de_Proc%C3%A9dure_P%C3%A9nale_du_Burundi_(Burundi_Criminal_Procedure_Code;https://www.hrw.org/report/2010/03/26/mob-justice-burundi/official-complicity-and-impunity;https://www.state.gov/reports/2024-country-reports-on-human-rights-practices/burundi,3,Low,no_year,No data year recorded - must be populated during verification.,,https://www.state.gov/reports/2024-country-reports-on-human-rights-practices/burundi;https://mininterinfos.gov.bi/vers-une-solution-numerique-innovante-de-production-et-de-gestion-des-donnees/;https://www.6wresearch.com/industry-report/burundi-law-enforcement-software-market;http://defensewiki.ibj.org/index.php/Code_de_Proc%C3%A9dure_P%C3%A9nale_du_Burundi_(Burundi_Criminal_Procedure_Code,"Original citations (Criminal Procedure Code, HRW 2010, State Dept 2024) were checked and remain valid; the paper-based procès-verbal process they describe is unchanged. A fresh search found a March 2026 Ministry of Interior announcement of a new DHIS2-based statistics platform covering territorial administration, civil status and public security, but this is a central statistical reporting tool still in pre-pilot preparation (pilot due May 2026) and does not cover case-file data capture at individual police stations. A 2025 market report on law enforcement software in Burundi describes only nascent, forecast demand, citing limited technological infrastructure as a continuing barrier, not deployed systems. No evidence of digital case management or record capture at rural police stations was found. Score of 1 (Entirely paper) confirmed.",2024,medium,"Rural police stations in Burundi record case files, complaints and incident reports using handwritten paper procès-verbaux, as required under the Criminal Procedure Code. These require physical signatures, page initials and manual transmission to prosecutors, with no digital case-recording methods evidenced. The 2024 US State Department human rights report describes continuing manual, paper-dependent processes, including lost files and hearing backlogs, and a 2025 market analysis notes that Burundian law enforcement agencies face limited technological infrastructure and minimal software adoption. A March 2026 Ministry of Interior initiative to introduce a DHIS2-based statistics platform is aimed at central-level administrative reporting, including public security data, and remains in a pre-pilot phase, with no indication that rural station-level record capture has been digitised.",
BDI,Burundi,Rural Digitalisation,Status of digitalisation of records in rural facilities,Registry,Status,The status of digital data capture in rural civil registry offices,1,Entirely paper,,"Rural registry offices in Burundi, known as communal état civil bureaus, record births using entirely paper-based processes: parents declare births within 15 days, presenting hospital notifications; officials assign volume numbers, stamp documents, and type extracts manually. No electronic data entry or databases at point-of-service.ECOI.net report based on Burundi Embassy A 2023 UNECA survey (Oct 2022-Apr 2023) confirms Burundi has no national electronic CRVS database, with business processes (notification to certification) remaining paper-based nationwide, including rural areas; records transferred via paper copies.UNECA-AfDB-COMESA CRVS Digitalization report No evidence of e-CRVS pilots, digital tools, or deployments in rural registries found in recent searches (up to 2026). Barriers include lacking IT infrastructure, electricity/internet in rural zones, understaffing, and funding shortages noted in regional CRVS assessments. While national digital economy diagnostics highlight ambitions,World Bank Burundi Digital Economy rural CRVS reality lags, with completeness rates low (implied by surveys) and no shift from manual recording.",rural-registry-status,4,https://apai-crvs.uneca.org/sites/default/files/resourcefiles/Digitalization%20of%20Civil%20Registration%20and%20Vital%20Statistics%20in%20Africa.pdf;https://www.ecoi.net/en/document/2027844.html;https://citizenshiprightsafrica.org/snapshot-of-crvs-systems-in-burundi/,3,Low,no_year,No data year recorded - must be populated during verification.,,https://www.wearetech.africa/en/fils-uk/news/tech/burundi-launches-digital-civil-registry-and-biometric-id-initiative;https://secure.ssa.gov/poms.nsf/lnx/0200312072;https://apai-crvs.uneca.org/sites/default/files/resourcefiles/Digitalization%20of%20Civil%20Registration%20and%20Vital%20Statistics%20in%20Africa.pdf;https://www.undp.org/fr/burundi/actualites/pnud-digitalisation-de-letat-civil-une-revolution-pour-un-service-public-efficace,"Original AfDB/COMESA (2023) and ecoi.net sources were checked and remain accurate. A fresh search found a UNDP-supported digitalisation of civil registration in Gitega commune (Jan 2025 UNDP article), but Gitega is Burundi's second city and political capital, not a rural facility, so this does not support upgrading the rural score. A May 2026 government announcement of a national digital civil registry/biometric ID platform confirms civil registration has 'long [been] managed manually' and that legal amendments were still required to replace manual procedures; the platform's technical infrastructure was 'nearly completed' but awaiting a governing decree, and officials explicitly flagged limited electricity/internet access in rural areas as an ongoing constraint. A February 2025 US SSA POMS note additionally confirms no single nationwide digital repository of civil records exists, with records held locally. No evidence found that national digitisation has yet reached rural civil registry offices in practice. Score of 1 (Entirely paper) confirmed, though a national shift is imminent and should be re-checked in the next cycle.",2026,medium,"Rural civil registry offices (communal état civil bureaus) in Burundi record births, deaths and marriages through an entirely paper-based process: parents present hospital birth notifications, officials assign volume numbers and stamp documents by hand, with no electronic data entry at the point of service. As of May 2026, the Ministry of the Interior had presented a new national digital civil registration and biometric ID platform, but this required legal amendments to the Family Code (which still mandates manual registration), remained subject to a pending implementing decree, and continued to face rural electricity and internet constraints (national internet penetration stood at 11.1% at end-2025). A parallel commune-level digitisation pilot supported by UNDP exists in Gitega, the country's second-largest urban centre, but no evidence indicates rural registry offices have moved to digital data capture. The US Social Security Administration confirms Burundi still has no single nationwide repository of civil registration records, which continue to be held locally.",
BDI,Burundi,Rural Digitalisation,Status of digitalisation of records in rural facilities,School,Status,The status of digital data capture in rural primary schools,1,Entirely paper,,"Rural primary schools in Burundi predominantly use paper-based registers for recording administrative data, attendance, and learning outcomes. Data is collected manually at the school level and aggregated into a national Education Management Information System (EMIS), which includes annual statistical yearbooks published by the Ministry of Education (latest 2020-2021) UNESCO IICBA. EMIS has been operational since 2008 but faces data management challenges, with no evidence of routine digital entry at rural point-of-service. Digital systems are limited to isolated donor-funded pilots, such as Ideas Box offline digital libraries in 20 remote schools (2023, EU-funded) Libraries Without Borders and proposed ICT labs in 15 provinces (2022 NGO project). Key barriers include lack of electricity (only 15% rural access, 10% schools powered), teacher training gaps, poverty, and infrastructure deficits. National policies promote ICT integration since 2014, but rural reality lags, with data likely transcribed centrally rather than captured digitally on-site.",rural-school-status,3,https://www.iicba.unesco.org/en/burundi;https://www.librarieswithoutborders.org/2024/03/28/the-digital-tools-at-the-heart-of-burundian-education/;https://www.epdc.org/sites/default/files/documents/EPDC_NEP_2018_Burundi.pdf,3,Low,no_year,No data year recorded - must be populated during verification.,,https://www.globalpartnership.org/node/document/download?file=document%2Ffile%2F2024-08-assessment-enabling-factors-burundi.pdf;https://www.iicba.unesco.org/en/burundi;https://www.continental-infos.com/flash-infos/bujumbura-burundi-from-strategy-to-systems-au-iped-supports-burundis-next-step-in-strengthening-education-data/,"Original sources (UNESCO IICBA brief, Libraries Without Borders, EPDC) were checked; the Libraries Without Borders 'Ideas Cube' article describes offline digital libraries for teaching content, not administrative/attendance data capture, so it does not affect the score. A more authoritative, dated 2024 Global Partnership for Education assessment states explicitly that 'data collection is paper-based at the school level, and electronic data entry is conducted at the central level' for Burundi's EMIS, directly confirming the existing code. A June 2026 AU-IPED workshop is helping Burundi self-assess and strengthen its EMIS but represents forward planning, not current facility-level digitisation. Score of 1 (Entirely paper) confirmed and dated to the 2024 GPE assessment, the most specific and current authoritative statement on facility-level data capture.",2024,high,"Rural primary schools in Burundi record attendance, enrolment and learning outcome data on paper at the school level; a 2024 Global Partnership for Education assessment confirms that 'data collection is paper-based at the school level, and electronic data entry is conducted at the central level' within the national Education Management Information System (EMIS), which is managed by the Ministry of National Education and Scientific Research and produces annual statistical yearbooks. Isolated donor-funded initiatives exist, such as offline 'Ideas Cube' digital libraries installed in around 20 remote schools from 2023, but these provide teaching content rather than digitising administrative or attendance records at source. A 2026 African Union-supported self-assessment of the EMIS against continental norms and standards is under way to identify improvements, but rural point-of-service data capture remains manual.",
BEN,Benin,Rural Digitalisation,Status of digitalisation of records in rural facilities,Clinic,Status,The status of digital data capture in rural primary healthcare clinics,1,Entirely paper,,"Rural primary healthcare clinics in Benin predominantly use paper-based recording for patient data. Evidence from multiple sources indicates reliance on paper registers: Abt Global's PSHPA project distributed 4,000 health data registers to private facilities across all regions, implying manual entry before aggregation into DHIS2; a 2024 study in rural Bopa district references annual statistical reports and monthly data from health centers without digital mention; Enabel equipped 244 facilities (unspecified if rural) with IT for data collection, but not point-of-care patient records. National DHIS2 is used for aggregate reporting from district level, with high concordance to facility registers in some areas, suggesting paper at clinics transcribed upward. Pilots exist (e.g., some direct DHIS2 entry in one clinic, District.Team for management), but no evidence of majority rural point-of-service digital use. Barriers: poor infrastructure (power, internet), low ICT skills, funding gaps. National eHealth strategy (2017) aims for digital HIS, but rural reality lags, with paper default and digital limited to aggregation/pilots. Score 1: entirely paper-based at rural clinics.",rural-clinic-status,1,https://www.abtglobal.com/insights/impact-briefs/pshpa-trains-private-health-facilities-to-submit-rmnch-data-for-dhis2;https://www.panafrican-med-journal.com/content/article/49/46/full/;https://www.enabel.be/app/uploads/2025/07/PP06_E-Health_Integrating_Digital_Health_Systems-1.pdf,3,Low,no_year,No data year recorded - must be populated during verification.,,https://www.abtglobal.com/insights/impact-briefs/pshpa-trains-private-health-facilities-to-submit-rmnch-data-for-dhis2;https://www.panafrican-med-journal.com/content/article/49/46/full/;https://www.enabel.be/app/uploads/2025/07/PP06_E-Health_Integrating_Digital_Health_Systems-1.pdf;https://miodjou.com/2025/03/02/digitalisation-des-services-de-sante-relatifs-aux-mtn-une-alternative-pour-une-prise-en-charge-efficace-au-benin/,"Cited sources (Abt Global, Pan African Medical Journal, Enabel) fetched and verified as accurately reflecting mostly-paper rural clinic recording. Fresh search (March 2025 Miodjou article) found only an early-stage NTD digital surveillance/teledermatology pilot pending roll-out in three departments (Zou, Ouémé, Plateau), not yet operational at facility level; no evidence found of majority digital point-of-care recording in rural clinics. Score of 1 (Entirely paper) confirmed.",2025,medium,"Rural primary healthcare clinics in Benin remain almost entirely paper-based for routine patient data capture. National DHIS2 use is confined to district-level aggregation and to a small number of urban facilities (for example Minonkpo Clinic in Cotonou) that enter data directly; the wider USAID-funded PSHPA project instead distributed 4,000 paper health registers to private facilities nationwide for later transcription upward. A community study in rural Bopa district (Mono department) describes routine reliance on paper statistical reports with no digital point-of-care recording. As of March 2025, a digital surveillance and teledermatology tool for neglected tropical diseases remains at pilot stage in three departments (Zou, Ouémé, Plateau) and has not been deployed at facility level. Persistent barriers include unreliable electricity and internet access and limited ICT skills among rural health staff. Overall, rural clinics capture patient data on paper, with digitisation occurring only at district aggregation level or in isolated urban/pilot sites.",
BEN,Benin,Rural Digitalisation,Status of digitalisation of records in rural facilities,Police,Status,The status of digital data capture in rural police stations,1,Entirely paper,,"No evidence found of digital case recording at rural police stations in Benin. As a francophone African country, rural Republican Police (merger of former police/gendarmerie in 2018) produce standard handwritten ""procès-verbaux"" (PVs) for complaints/incidents by judicial police officers, as per justice ministry site charging 300 FCFA per page for paper copies. No rural-specific digital case management, pilots, or IT systems identified despite searches on national police site, INTERPOL WAPIS (regional, not station-level), justice digitalisation (ID/civil, not police), and donor trainings (ICITAP capacity building, no systems). US State Dept/UK guidance describe procedures implying paper (statements, reports to prosecutor). Directorate of Information Systems exists centrally but no rural deployment evidence. Consistent with paper-based norm for rural facilities; data likely aggregated later at higher levels.",rural-police-status,2,https://justice.gouv.bj/service/21/copie-enquete-preliminaire/;https://www.dgpr.bj/;https://www.force-publique.net/wp-content/uploads/2024/02/2023-Benin-gb.pdf,3,Low,no_year,No data year recorded - must be populated during verification.,,https://justice.gouv.bj/service/21/copie-enquete-preliminaire/;https://www.dgpr.bj/;https://www.force-publique.net/wp-content/uploads/2024/02/2023-Benin-gb.pdf;https://www.dgpr.bj/mise-en-exploitation-du-fichier-automatise-des-empreintes-biometriques-la-credibilite-du-systeme-denquete-policiere-et-judiciaire-au-coeur-des-enjeux/;https://africaho.bj/article/benin-un-systeme-automatise-dempreintes-biometriques-pour-moderniser-les-enquetes-policieres/,"Cited sources (justice.gouv.bj, dgpr.bj, force-publique.net) fetched and verified; content supports paper-based procès-verbal practice. Fresh search identified a September 2025 launch of a centralised Automated Fingerprint Identification System (AFIS, WAPIS/SIPAO programme) at the Directorate-General level in Cotonou; this is a national forensic database, not station-level case digitisation, and per the metadata guidance excluding higher-level digitisation this does not change the facility-level assessment. Score of 1 (Entirely paper) confirmed.",2025,medium,"Rural police stations in Benin continue to record cases and complaints entirely on paper. Judicial police officers produce handwritten procès-verbaux (PVs), with certified paper copies issued by court registries on payment of a fee. In September 2025 the Republican Police brought into service a centralised Automated Fingerprint Identification System (AFIS), developed with Interpol/Thales support under the West Africa Police Information System (WAPIS/SIPAO) programme, but this is a national forensic database housed at the Directorate-General's technical police unit in Cotonou and does not extend digital case recording to station level. No evidence indicates rural stations use electronic case management or digital records at the point of service; case files are handwritten and forwarded on paper to prosecutors and higher administrative levels.",
BEN,Benin,Rural Digitalisation,Status of digitalisation of records in rural facilities,School,Status,The status of digital data capture in rural primary schools,1,Entirely paper,,"Rural primary schools in Benin predominantly use paper-based systems for recording attendance (call registers), administrative data, and monitoring, as evidenced by NGO projects like AGIR in Atacora/Atlantic using paper absence tracking sheets filled weekly from registers Action Education. National EMIS exists, with INFRE producing statistical yearbooks from EMIS data focused on primary education UNESCO IICBA, but no evidence of digital entry at rural school level—likely paper collection aggregated upward. Electricity access in primary schools is only 35% (2021, up from 20% in 2016), below SSA average, with rural national access at 12% IMF. Most primary schools lack computers, especially public/rural ones, leading to low ICT literacy Southern Voice. Isolated pilots (e.g., mobile money fees in one rural secondary) do not indicate widespread PoS digitalisation. Key barriers: infrastructure deficits, poverty, low skills. National policies promote free primary education and ICT integration ambitions, but rural PoS remains paper-based, with digital at higher aggregation levels only.",rural-school-status,3,https://www.iicba.unesco.org/en/benin;https://southernvoice.org/benin-digital-technologies-and-educational-inequality/;https://action-education.org/en/au-benin-innovative-and-adapted-school-monitoring-tools-for-school-pupils/;https://www.elibrary.imf.org/view/journals/002/2024/339/article-A004-en.xml,4,Low,no_year,No data year recorded - must be populated during verification.,2,https://beninwebtv.com/benin-le-ministre-karimou-exige-la-mise-a-jour-complete-des-donnees-des-classes-intermediaires-sur-educmaster/;https://www.lanation.bj/numerique/plateforme-educmaster-la-revolution-numerique-au-service-de-lecole;https://educmaster.bj/;https://www.iicba.unesco.org/en/benin;https://southernvoice.org/benin-digital-technologies-and-educational-inequality/;https://action-education.org/en/au-benin-innovative-and-adapted-school-monitoring-tools-for-school-pupils/,"Cited sources (UNESCO IICBA, Southern Voice, Action Education, IMF) fetched and verified; they support low rural school connectivity/computer access but do not address the national EducMaster platform. Fresh search found EducMaster/SIGE (the primary/maternelle sub-sector platform, in service for roughly three years) requires all school directors nationwide, not only urban ones, to register and continuously update learner and staff records directly on the platform, with a February 2026 ministerial directive threatening sanctions for non-compliant directors including in rural circonscriptions. This is facility-level digital administrative data capture not reflected in the original score of 1 (Entirely paper). Recalculated to 2 (Mostly paper - some digital): classroom/attendance recording remains paper-based while enrolment and staff data capture is now digital at facility level, notwithstanding rural infrastructure constraints (electricity, computers) that may require directors to use circonscription or personal devices to comply.",2026,medium,"Rural primary schools in Benin now combine paper-based classroom practice with mandatory digital administrative record-keeping. School directors nationwide, including in rural areas, are required to register and continuously update learner enrolment, class lists and teaching-staff records directly on the government's EducMaster/SIGE platform, which underpins national statistics, the primary-leaving certificate (CEP) process and payroll oversight; a ministerial directive of February 2026 threatens sanctions against directors, including in rural circonscriptions, who fail to keep class-level data current on the platform. Day-to-day classroom activity, such as attendance call registers and in-class monitoring, continues to rely on paper tools, as illustrated by NGO-supported paper absence-tracking sheets used in Atacora and Atlantique. Electricity access in primary schools nationally was around 35% in 2021 (about 12% in rural areas), and most rural schools lack computers, so data entry onto EducMaster by rural directors is often constrained by infrastructure and may in practice depend on periodic access to a circonscription office or a personal device. Rural primary schools therefore operate a mixed model: routine classroom recording remains paper-based, while core administrative and enrolment data capture is digital.",
BEN,Benin,Rural Digitalisation,Status of digitalisation of records in rural facilities,Registry,Status,The status of digital data capture in rural civil registry offices,2,Mostly paper -  some digital,,"Rural registry offices in Benin are transitioning from paper-based to hybrid systems. Traditional practice involves paper declaration vouchers completed at health centres or via village chiefs, entered into paper registers at municipal civil status offices. However, significant digitalisation is underway: the e-SIRCEV electronic civil registration system was deployed to 121 out of 164 registries by 2021. In October 2024, Benin received 2,050 mobile registration terminals from the World Bank/WURI project to enable digital birth registration directly into the National Register of Natural Persons (RNPP) and National Register of Civil Status Events (RNEC) at health facilities across all districts. In August 2025, ANIP launched a one-stop digital birth registration pilot in 10 health facilities including regional hospitals in Natitingou and Djougou, with data going directly into the RNPP and automatic PIN generation. By 2025, ANIP issued 10.5 million civil status and identity documents, with 75% of all identification procedures handled through digital channels (37% web portal, 30% mobile app, 8% USSD). However, ANIP itself acknowledges that rural areas remain underserved and are a priority for 2026. The initial point-of-service capture at rural registry offices still largely involves paper forms before digital entry, though the infrastructure for digital-first registration is rapidly expanding. UNECA rates Benin's CRVS digitisation below 35%.",rural-registry-status,4,https://www.biometricupdate.com/202410/benin-receives-2050-biometric-terminals-from-world-bank-to-boost-civil-registration;https://www.wearetech.africa/en/fils-uk/news/tech/benin-advances-e-government-with-mass-digital-id-adoption;https://www.emurgo.africa/blog/posts/digital-id-initiatives-by-country-in-africa,3,Low,no_year,No data year recorded - must be populated during verification.,,https://www.biometricupdate.com/202410/benin-receives-2050-biometric-terminals-from-world-bank-to-boost-civil-registration;https://www.gouv.bj/article/3209/declaration-enregistrement-obtention-acte-naissance-nouveau-jour-etat-civil-beninois-anip-lance-phase-pilote-guichet-unique-dans-plusieurs-formations-sanitaires-/;https://www.biometricupdate.com/202602/benin-reports-75-of-identification-services-accessed-through-digital-platforms;https://www.wearetech.africa/en/fils-uk/news/tech/benin-advances-e-government-with-mass-digital-id-adoption,"Cited sources (Biometric Update, We Are Tech, Emurgo) fetched and verified as consistent with the original description. Fresh search confirmed continued progression: an August 2025 ten-facility one-stop-shop pilot (six months, generalisation planned thereafter) and a February 2026 ANIP report that 75% of identification/civil-status procedures are now digital nationally, but with ANIP itself still naming rural areas as underserved and a 2026 priority. Score of 2 (Mostly paper - some digital) confirmed, as the evidence continues to describe a transitional, not yet generalised, rural rollout; no promotion to a higher code is warranted until the pilot is confirmed generalised to rural registry offices.",2026,medium,"Rural civil registry offices in Benin operate a hybrid model that is still transitioning from paper to digital point-of-service registration. Traditional practice records births via paper declaration vouchers completed at health centres or through village chiefs before entry into paper municipal registers, and the e-SIRCEV electronic system had reached 121 of 164 registries by 2021. Since October 2024 the WURI-Benin project has distributed 2,050 mobile registration terminals to health facilities across all districts to enable direct digital entry into the National Register of Natural Persons (RNPP) and Register of Civil Status Events (RNEC), and in August 2025 the National Identification Agency (ANIP), with UNICEF and WURI support, launched a six-month one-stop-shop pilot in ten public health facilities, including regional and zone hospitals serving rural catchment areas such as Natitingou, Djougou and Borgou-Alibori, under which parents receive their child's Personal Identification Number by SMS without needing to visit the town hall. By early 2026, ANIP reported that 75% of all identification and civil status procedures nationally were conducted through digital channels (web portal, mobile app, USSD), with 10.5 million documents issued in 2025, though the agency continues to describe rural areas as underserved and has named them a priority for 2026 once the pilot is generalised. Point-of-service capture at most rural registry offices therefore still typically begins on paper, even as digital-first registration infrastructure expands rapidly around them.",
BFA,Burkina Faso,Rural Digitalisation,Status of digitalisation of records in rural facilities,Police,Status,The status of digital data capture in rural police stations,1,Entirely paper,,"Rural police stations (police/gendarmerie brigades) in Burkina Faso record case files, complaints, and incident reports using handwritten procès-verbaux (PVs), as mandated by the Criminal Procedure Code (Loi n°040-2019/AN). Officers draft originals and certified copies, signed per page, and transmit physically to prosecutors—no digital specification at station level. Official police site describes in-person filing at stations open 7/7, triggering procedures without digital mention. Digitisation limited to urban courts (e.g., e-criminal records in Ouagadougou/Bobo/Tenkodogo via UNDP) and recent online filing platforms (justice-penale.gov.bf, 2025)—not initial rural recording. Francophone norms and lack of rural digital evidence confirm paper-based. No pilots or aggregate entry found for rural police. Criminal Procedure Code, Police.gov.bf, UNDP RoLHR.",rural-police-status,2,https://academiedepolice.bf/index.php/telechargement/category/38-codes?download=166:la-loi-portant-code-de-procedure-penale;https://police.gov.bf/index.php/a-votre-service/plainte-et-denonciation;https://rolhr.undp.org/annualreport/2023/africa/burkina-faso.html,3,Low,no_year,No data year recorded - must be populated during verification.,,https://digitalmagazine.bf/2023/12/30/digital-burkina-faso-main-courante-informatisee-la-fin-du-papier-pour-les-forces-de-lordre/;https://police.gov.bf/index.php/a-votre-service/plainte-et-denonciation;https://academiedepolice.bf/index.php/telechargement/category/38-codes?download=166:la-loi-portant-code-de-procedure-penale;https://fasovoxpress.com/burkina_faso-le-2%e1%b5%89-casem-du-ministere-de-la-securite-prone-des-actions-proactives-et-anticipatives/,"Original score 1 (Entirely paper) confirmed. Cited sources (Criminal Procedure Code, police.gov.bf, UNDP RoLHR) verified as relevant and describe paper-based PV recording at station level. Fresh search found evidence of a planned 'main courante informatisée' platform (Ministry of Territorial Administration), around 80% complete as of December 2023 and intended to digitise commissariat/gendarmerie brigade registers nationally, but no confirmation was found that it has become operational or reached rural stations as of late 2025; recent (November 2025) ministry reporting on rural security reorganisation makes no mention of record digitisation. Score remains 1.",2023,medium,"Rural police stations and gendarmerie brigades in Burkina Faso record incidents, complaints and case files (procès-verbaux) by hand, in line with the Criminal Procedure Code (Loi n°040-2019/AN); officers draft signed paper originals and copies that are physically transmitted to prosecutors. The Ministry of Territorial Administration's planned 'main courante informatisée' platform, intended to replace paper incident registers at commissariats and gendarmerie brigades nationally, had reached roughly 80% completion by late 2023 and was expected to become operational in early 2024, but there is no confirmed evidence that it has reached rural stations at the point of data capture. Digital tools that do exist, such as the gendarmerie's 'Ma Gendarmerie' application and Brigade Numérique, serve citizen alerting and open-source intelligence functions rather than case-record data capture. Recent reorganisation of rural security provision (2024-2025) has focused on redeploying gendarmerie units to rural communes rather than on digitising records. Data capture at rural facilities therefore remains entirely paper-based.",
BFA,Burkina Faso,Rural Digitalisation,Status of digitalisation of records in rural facilities,School,Status,The status of digital data capture in rural primary schools,1,Entirely paper,,"Burkina Faso operates a national Education Management Information System (SIGE/EMIS) for education statistics, rated acceptable (3/4) by ECOWAS standards, based on annual school census data ADEA report. School census questionnaires feed into EMIS UNESCO IIEP. No evidence found of digital tools for direct data entry in rural primary schools for attendance, enrollment, or grades. Analogous rural health facilities use paper forms later digitized into DHIS2, with parallel digital pilots not replacing paper BMJ study. Limited pilots like FIUE-BF student database exist but not widespread in rural areas Gov site. Rural schools predominantly paper-based, data aggregated/digitized at district level: score 2.",rural-school-status,3,https://knowledgehub.adeanet.org/en/elibrary/adea2019d007;https://www.iiep.unesco.org/en/articles/protecting-education-attack-eie-data-burkina-faso;https://gh.bmj.com/content/10/1/e019312;https://www.education.gov.bf/informations/actualites/articles?tx_news_pi1%5Baction%5D=detail&tx_news_pi1%5Bcontroller%5D=News&tx_news_pi1%5Bnews%5D=734&cHash=d3f899b1e2e6c51eac35e679a8610041,4,Low,no_year,No data year recorded - must be populated during verification.,,https://reliefweb.int/attachments/52de6f6c-85ed-41fb-94d9-19244bab25a8/Annuaire_Primaire_2023-2024_26_09_2024.pdf;https://sp-psdebs.education-bf.com/uploads/document/U-1756488494.pdf;https://knowledgehub.adeanet.org/en/elibrary/adea2019d007;https://www.iiep.unesco.org/en/articles/protecting-education-attack-eie-data-burkina-faso,"Original score 1 (Entirely paper) confirmed, despite an internal inconsistency in the original Comments text which referenced 'score 2' - the Value Code recorded was 1 and the evidence supports 1, not 2. Cited sources (ADEA EMIS peer review, IIEP EiE article) verified as relevant. Fresh search found the 2023/2024 national primary school census methodology (published September 2024), which confirms data collection at school level is via paper 'fiches' completed by school directors, with digital entry occurring only at CEB/regional level (STATEDUC 2 application). The FIUE-BF student-identification pilot (Boulgou and Kourwéogo provinces only) likewise collects data on paper at school level, with digital entry performed by dedicated enrolment agents away from the classroom. No evidence found of digital data capture at the rural school facility itself. Score confirmed at 1.",2024,high,"Data capture in Burkina Faso's rural primary schools remains entirely paper-based. The Ministry of Basic Education's annual primary school census (Annuaire Statistique) for the 2023/2024 school year confirms that school directors complete paper forms during a fixed statistical collection day, which are then physically routed through Circonscriptions d'Education de Base and Regional Education Directorates, where staff enter the data into the STATEDUC 2 application at district or regional level. A pilot student-identification platform (FIUE-BF), covering only two provinces (Boulgou and Kourwéogo) as of the 2023/2024 school year, likewise relies on paper collection tools completed at school level, with digital entry performed by dedicated CEB/DPEPS enrolment agents rather than at the school itself. No evidence indicates rural primary schools capture attendance, enrolment or grade data digitally at the point of collection.",
BFA,Burkina Faso,Rural Digitalisation,Status of digitalisation of records in rural facilities,Clinic,Status,The status of digital data capture in rural primary healthcare clinics,2,Mostly paper -  some digital,,"Rural primary healthcare clinics (CSPS) in Burkina Faso predominantly use paper-based recording for patient data and service volumes. Health workers summarize indicators on paper forms monthly, submitted to districts for entry into national DHIS2/Endos system; digital entry occurs at district level, not point-of-care.BMJ Global Health study. Digital pilots exist, e.g., REC-Maternity/IeDA tablet app for maternal/child consultations, deployed in >1,600 CSPS across select districts (556 by 2022), recording millions of visits but running parallel to paper without integration, causing dual burden and discrepancies.BMJ Global Health study; MoH site. No evidence of majority rural CSPS using digital routinely; EMRs limited to pilots/incomplete, absent at primary level.BMC study. Barriers: poor integration, infrastructure (power/connectivity), training, fragmentation (35+ DHIs, 66% pilots). National ambition (e.g., e-sante strategy) outpaces rural reality of paper default.",rural-clinic-status,1,https://pmc.ncbi.nlm.nih.gov/articles/PMC12820863/;https://pmc.ncbi.nlm.nih.gov/articles/PMC11186100/;https://www.sante.gov.bf/detail?tx_news_pi1%5Baction%5D=detail&tx_news_pi1%5Bcontroller%5D=News&tx_news_pi1%5Bnews%5D=152&cHash=590986c0c346b9a74a4b410e671fdd56,3,Low,no_year,No data year recorded - must be populated during verification.,,https://doi.org/10.1136/bmjgh-2025-019312;https://link.springer.com/article/10.1186/s12911-024-02574-4;https://link.springer.com/article/10.1186/s12913-025-12791-w;https://pmc.ncbi.nlm.nih.gov/articles/PMC12820863/,"Original score 2 (Mostly paper - some digital) confirmed. Cited sources (BMJ Global Health REC-Maternity/IeDA study, MoH site) verified as relevant and support the score. Fresh searches found a 2024 BMC Medical Informatics and Decision Making study confirming physical consultation registers remain the predominant data-collection instrument nationally, and a 2025 BMC Health Services Research study confirming decentralised tablet-based data entry is used at facility level only in specific pilot districts (e.g. Yako), alongside continued paper-based entry elsewhere. A 2025/2026 BMJ Global Health evaluation of REC-Maternity in Toma and Gourcy districts found the digital tool operates in parallel with paper registers, with limited data agreement between the two and evidence of a double reporting burden. Score confirmed at 2.",2024,high,"Rural primary healthcare clinics (CSPS) in Burkina Faso predominantly record patient consultations and service data on paper registers, which health workers summarise monthly onto paper reporting forms for onward transmission to district teams who enter the data into DHIS2. Digital point-of-care tools exist but remain limited to specific pilot districts: the REC-Maternity tablet application, evaluated across 34-36 facilities in Toma and Gourcy districts, and decentralised tablet-based nutrition data entry piloted in Yako district, both run in parallel with, rather than replacing, paper registers, and studies through 2024-2025 found only partial data agreement between the digital and paper records, reflecting a persistent dual-recording burden. The great majority of rural CSPS nationally continue to rely on paper as the primary data-capture medium, with digital tools present only on a pilot basis.",
BFA,Burkina Faso,Rural Digitalisation,Status of digitalisation of records in rural facilities,Registry,Status,The status of digital data capture in rural civil registry offices,2,Mostly paper -  some digital,,"Rural registry offices in Burkina Faso predominantly use paper-based systems for birth registration, requiring manual transcription into duplicate registers, with copies sent to courts annually. Parents must travel long distances (up to 600km, 3-4 days) to these offices, contributing to low timely registration rates (74% rural vs 93% urban). The iCivil digital system, using smartphone apps and bubble-code wristbands, enables digital notification and registration primarily at ~130/2584 points (~5%), mostly health facilities (104) and some community sites (16), including rural areas, sending data via SMS to a national digital register. Parents can then retrieve certificates at any office. However, legal framework still recognizes only paper registers; digital revision pending. No evidence majority of rural registries (~80% population rural) use digital at point-of-service; iCivil is donor-supported expansion/pilot, not standard. Barriers: poor infrastructure, illiteracy, insecurity, low coverage. National ambition for full digital CRVS exists, but rural reality lags with paper default and digital in isolated projects. CRVS Systems; African Union; UNFPA",rural-registry-status,4,https://crvssystems.ca/sites/default/files/assets/images/CRVS_Webinar_BurtkinaFaso_e_WEB.pdf;https://au.int/sites/default/files/newsevents/workingdocuments/37474-wd-crvs-v-modernization_of_the_civil_registration_and_vital_statistics_system.pdf;https://www.unfpa.org/updates/ensuring-human-rights-burkina-faso-one-baby-time,3,Low,no_year,No data year recorded - must be populated during verification.,,https://burkina-faso.news-pravda.com/burkina-faso/2025/06/19/36396.html;https://crvssystems.ca/sites/default/files/assets/images/CRVS_Webinar_BurtkinaFaso_e_WEB.pdf;https://documents1.worldbank.org/curated/en/653431522763079651/pdf/ID4D-Country-Diagnostic-Burkina-Faso.pdf;https://au.int/sites/default/files/newsevents/workingdocuments/37474-wd-crvs-v-modernization_of_the_civil_registration_and_vital_statistics_system.pdf,"Original score 2 (Mostly paper - some digital) confirmed. Cited sources (CRVS Systems iCivil webinar, AU CRVS modernisation document, UNFPA) verified as relevant and describe a predominantly paper-based rural registration system with iCivil operating at only a small share of notification points. Fresh search found a June 2025 report on 2024 execution of the 2023-2025 National Civil Registration Strategy: 22 main civil registry centres were networked and roughly 3.39 million archival records from 54 communes were digitised during 2024, alongside continued paper-based registration nationally and a legal framework that as of 2024/2025 still recognises only paper registers as authoritative. This confirms digitisation remains partial and non-standard. Score confirmed at 2.",2024,high,"Civil registration at the point of service in rural Burkina Faso is predominantly paper-based: birth and death events are recorded in physical duplicate registers, with parents in remote areas sometimes travelling several days to reach a registration office, contributing to a rural birth registration rate (74%) below the urban rate (93%). The government's iCivil digital notification system, using smartphone applications and bubble-tag wristbands linked to a national digital register, operates at only around 130 of 2,584 vital-event notification points nationally (predominantly in health facilities, with a small number of community sites), and death registration has not yet been digitised. Under the 2023-2025 National Civil Registration Strategy, 22 main civil registry centres were networked and some 3.39 million archival civil-status records from 54 communes were digitised and secured during 2024, alongside continued paper-based registration at most rural offices. The legal framework as of 2024/2025 still recognises only physical registers, with a revision to give digital registers equal legal standing still pending before parliament. Digital data capture therefore remains present only on a limited, non-standard basis alongside a predominantly paper system.",
BWA,Botswana,Rural Digitalisation,Status of digitalisation of records in rural facilities,Clinic,Status,The status of digital data capture in rural primary healthcare clinics,1,Entirely paper,,"Rural primary healthcare clinics in Botswana predominantly use paper-based registers for patient data recording at point of service, such as case notification forms for malaria and general clinical notes. Digital systems like DHIS2 are deployed nationally for aggregate reporting and specific programs (e.g., malaria surveillance, HIV), but data is typically collected on paper at facilities and entered later at district level, not routinely at point of care in rural clinics. Limited EMR pilots exist in some clinics (e.g., IPMS rollout to 16 clinics pre-2010), but no evidence of majority adoption in rural settings; VisualDx CDSS faced infrastructure hurdles in public facilities. Key barriers include poor rural internet connectivity, unreliable power, limited devices/training, staff shortages, and system fragmentation (18+ parallel systems). National ambitions (eHealth Strategy 2020-24, DPI push) focus on integration and connectivity (223 clinics connected by 2025), but rural reality lags with paper default and digital for upward reporting only.",rural-clinic-status,1,https://pmc.ncbi.nlm.nih.gov/articles/PMC8965668/;https://pmc.ncbi.nlm.nih.gov/articles/PMC4576446/;https://cdn.who.int/media/docs/default-source/digital-health-documents/global-observatory-on-digital-health/unpan028383.pdf?sfvrsn=7375c633_3,3,Low,no_year,No data year recorded - must be populated during verification.,,https://doi.org/10.2196/preprints.59816;https://doi.org/10.1353/hpu.2025.a951594;https://doi.org/10.38159/ehass.20234416;https://pmc.ncbi.nlm.nih.gov/articles/PMC8965668/,"Cited sources describe DHIS2/eHealth deployment generally rather than rural primary clinics specifically, but are consistent with the score. A 2024 mixed-methods study of clinical data flow across Botswana facility levels (Project Kamogano) found a prevalent reliance on paper-based records among healthcare workers despite positive attitudes to digital tools. A February 2025 study of nurses' EHR use in Botswana confirms many nurses in resource-limited settings continue to rely on paper records. The Integrated Patient Management System (IPMS), Botswana's main EMR, has been rolled out primarily to referral and general hospitals (Princess Marina, Nyangabgwe, Scottish Livingstone, Mahalapye, etc.) rather than rural primary clinics, so point-of-care digital capture at rural clinics remains the exception. Score of 1 (Entirely paper) is confirmed for rural primary clinics specifically.",2025,medium,"Rural primary healthcare clinics in Botswana predominantly use paper-based registers and forms for patient data recording at point of service. National electronic systems (DHIS2 for programme reporting, the Integrated Patient Management System for clinical records) exist but are concentrated in referral and general hospitals rather than rural primary clinics, and studies of Botswana's healthcare data flow confirm a prevalent reliance on paper records among frontline health workers, particularly in resource-limited and rural settings. Key barriers include poor rural connectivity, unreliable power, limited devices and training, and fragmentation across more than a dozen parallel reporting systems.",
BWA,Botswana,Rural Digitalisation,Status of digitalisation of records in rural facilities,Police,Status,The status of digital data capture in rural police stations,1,Entirely paper,,"Rural police stations in Botswana predominantly use paper-based recording for case files, complaints, and incident reports, as evidenced by standard procedures requiring physical presence at any police station for fingerprints on paper forms and incident reports prepared by officers. Occurrence Books (OB) are standard paper tools for logging crimes at stations, common in anglophone Africa. No evidence found of digital recording at rural level; aspirations for digital reporting noted in 2025 presidential speech to reduce paperwork (60% of time), but currently paper dominates. Central systems like criminal records exist but rely on paper inputs from stations. Older reports (2011) note hard copy records in prisons; courts have some e-records but police procedures remain manual, especially rural.",rural-police-status,2,https://www.gov.bw/policing/police-incident-report;https://2009-2017.state.gov/documents/organization/186379.pdf;https://dailynews.gov.bw/news-detail/86181,3,Low,no_year,No data year recorded - must be populated during verification.,,https://dailynews.gov.bw/news-detail/86181;https://dailynews.gov.bw/news-detail/86258;https://www.gov.bw/policing/police-incident-report,"Confirmed the gov.bw page describes a paper-based incident report service but gives no detail on facility-level digitisation. The dailynews.gov.bw article is dated 6 May 2025 (President Boko's address to the 51st Botswana Police Senior Officers Annual Conference) and confirms officers currently spend around 60% of their time on desk-based paperwork, with technology integration (surveillance cameras, drones, predictive policing) framed as an aspiration resolved at the same May 2025 conference rather than an existing rural capability. The national Crime and Criminal Recording System (CCRS) exists at the Criminal Records Bureau (per current staff descriptions), but this is a centralised criminal-records function, not point-of-service digital capture in rural stations, where Occurrence Books remain the standard logging tool. Score of 1 (Entirely paper) is confirmed for rural station point-of-service recording.",2025,medium,"Rural police stations in Botswana predominantly rely on paper-based recording for incident reports, complaints and case files, with the Occurrence Book remaining the standard tool for logging crimes at station level. A centralised Crime and Criminal Recording System exists for criminal records held by the Criminal Records Bureau, but this depends on paper inputs from stations rather than digital capture at the point of service. In May 2025 the President addressed the Botswana Police Service's Senior Officers Conference on the need to reduce the roughly 60% of officer time spent on paperwork through greater use of technology, indicating that digitisation of rural station record-keeping remains at an early, aspirational stage.",
BWA,Botswana,Rural Digitalisation,Status of digitalisation of records in rural facilities,School,Status,The status of digital data capture in rural primary schools,1,Entirely paper,,"Rural primary schools in Botswana predominantly use paper-based recording for administrative data, attendance, and learning outcomes, as evidenced by historical reliance on paper registers that are prone to loss or damage Craft Cart case study. Annual school censuses for EMIS are conducted via questionnaires sent to schools, implying paper forms filled at the facility and aggregated centrally, not real-time digital entry at point of service Statistics Botswana Primary Stats Brief 2018, Secondary Stats Brief 2022. Digital pilots exist, such as tablet-based offline attendance tracking with SMS notifications in one remote rural primary school (200km from town), improving accuracy from 65% to 99%, but this is isolated Craft Cart. Recent tenders for EMIS/LMS implementation (2025) and announcements for digital platforms/digital classroom trackers indicate ongoing central efforts, but no evidence of majority adoption at rural point-of-service. Key barriers: poor connectivity (intermittent signal, no fixed internet in remote areas), lack of infrastructure/devices, and teacher training gaps. National EMIS ambition contrasts with rural paper reality, where data is transcribed upward rather than captured digitally on-site. (198 words)",rural-school-status,3,https://www.statsbots.org.bw/sites/default/files/Primary%20School%20Stats%20Brief%202018.pdf;https://www.statsbots.org.bw/sites/default/files/Secondary%20Schools%20Stats%20Brief%202022.pdf;https://www.craftcart.app/insights/case-study-rural-school-in-botswana-achieves-99-attendance-tracking,3,Low,no_year,No data year recorded - must be populated during verification.,,https://www.statsbots.org.bw/sites/default/files/Primary%20School%20Stats%20Brief%202018.pdf;https://knowledgehub.adeanet.org/files/documents/ADEA2014D009E.pdf;https://www.botswanayouth.com/botswanas-ministry-of-education-accelerates-digitalization-after-kgatleng-regional-office-loses-data-in-floods/;https://weekendpost.co.bw/struizendam-primary-school-joins-the-digital-economy/,"The cited Craft Cart 'case study' URL no longer resolves to any case study content and redirects to the vendor's generic company page, so it cannot be verified as claimed and should be treated as an unconfirmed marketing claim rather than reliable evidence. The Statistics Botswana Primary School Stats Brief confirms the annual school census is collected via questionnaires completed at school level and aggregated centrally, consistent with paper-based capture. A SADC EMIS peer review assessment of Botswana's Ministry of Education corroborates that school-level data collection instruments are paper-based data capturing programs, with EMIS staffing and equipment concentrated centrally rather than in schools. A March 2025 report that the Kgatleng Regional Education Office lost all its data in floods, prompting the Ministry to 'fast-track' digitalisation via cloud backup, indicates that even regional administrative data management was not yet fully digitised as of early 2025, let alone rural school point-of-service capture. Recent donations of computer laboratories and tablets to individual rural schools (Struizendam, Butale, Ncaang) via BOCRA and Orange Botswana Foundation programmes in 2024-2025 are aimed at ICT literacy and learning rather than administrative record capture, and remain isolated rather than nationally representative. Score of 1 (Entirely paper) is confirmed rather than the originally recorded 1 (no change), noting the underlying source base has been strengthened.",2025,medium,"Rural primary schools in Botswana predominantly use paper-based recording for administrative data, attendance and learning outcomes. The annual school census used to compile national education statistics is completed via paper questionnaires at school level and aggregated centrally, and a peer review of the Ministry of Education's information system confirms that data collection instruments at school level remain paper-based, with digital capacity concentrated in the central EMIS unit rather than at schools. Donations of computer laboratories and tablets to selected rural schools since 2024 under corporate social investment programmes are targeted at ICT literacy and learning rather than administrative record capture, and remain isolated initiatives rather than evidence of majority adoption. Persistent barriers include poor rural connectivity, limited devices and infrastructure, and teacher training gaps, meaning data continues to be captured on paper and transcribed upward rather than digitised at the point of service.",
BWA,Botswana,Rural Digitalisation,Status of digitalisation of records in rural facilities,Registry,Status,The status of digital data capture in rural civil registry offices,3,Mostly digital - some paper,,"Rural registry offices in Botswana, part of 12 districts and 24 sub-districts, are linked to a national online real-time computerized Births and Deaths Registration System (BDRS) since 2004, enabling electronic entry at point of service.StatsBots CRVS Report.pdf) Electronic on-site registration exists at 13+ health facilities, with mobile pilots in remote rural areas like Okavango.World Bank Botswana CRVS Birth registration coverage is high nationally (~90-92%), but lower in rural/remote areas due to access issues.StatsBots Report.pdf) Digital systems standard, but some paper remains for printing certificates or backups. Key barriers: poor network/electrification in remote villages, terrain, resources for mobile units, parental awareness. National ambition for universal digital CRVS exceeds rural reality due to infrastructure gaps, yet majority of rural facilities use digital point-of-service via linked system (score 3).UNECA CRVS Digitalization",rural-registry-status,4,https://www.statsbots.org.bw/sites/default/files/documents/REPORT%20CIVIL%20AND%20NATIONAL%20REGISTRATION%20(BSDS;https://openknowledge.worldbank.org/bitstreams/bf9c94cb-b0ba-55ef-9e4f-b560e8edeff3/download;https://apai-crvs.uneca.org/sites/default/files/resourcefiles/Digitalization%20of%20Civil%20Registration%20and%20Vital%20Statistics%20in%20Africa.pdf,3,Low,no_year,No data year recorded - must be populated during verification.,,https://statsbots.org.bw/sites/default/files/Vital%20Statistics%20Report%202023_0.pdf;https://id4d.worldbank.org/sites/id4d/files/2018-04/Botswana_ID4D_DiagnosticWeb040418.pdf;https://openknowledge.worldbank.org/bitstreams/bf9c94cb-b0ba-55ef-9e4f-b560e8edeff3/download,"The originally cited statsbots.org.bw CRVS report URL was truncated/dead; the current Vital Statistics Report 2023 (published January 2025) from the same source was used instead and corroborates the score. It confirms the Births and Deaths Registration System (BDRS) is 'partially automated and decentralised to provide real-time data', operating through 35 district registration offices plus 17 on-site registration centres at major health facilities as of the 2023 reporting year (up from 37 offices/13 centres in the 2018 World Bank ID4D diagnostic). The World Bank ID4D diagnostic details the underlying process: a paper notification form (CRB2/CRD2) is completed at the point of the vital event, then submitted to a DCNR registration office - which the diagnostic found has computers and internet-based data transmission capacity at 100% of stations - for same-day or near-real-time entry into the central BDRS database. Because the definition scores digital capture at the registry facility itself (as distinct from a notifying clinic), and DCNR offices consistently enter registrations directly into the online real-time system rather than relying on manual ledgers, the 'mostly digital - some paper' characterisation (score 3) is well supported and confirmed rather than upgraded to 4, since a paper notification form and some manual/backup processes remain part of the workflow.",2023,medium,"Rural civil registry offices in Botswana are part of a decentralised network of district and sub-district registration offices, complemented by on-site registration desks at major health facilities, all linked to the national Births and Deaths Registration System (BDRS), which the Department of Civil and National Registration describes as partially automated and providing real-time data. Registration begins with a paper notification form completed at the point of the vital event, but registry offices themselves are equipped with computers and internet connectivity and register the event directly into the online central database, with mobile outreach exercises extending on-site registration to remote and hard-to-reach areas. Some paper-based elements persist, including the initial notification forms and printed certificates, consistent with a mostly digital registry process with some paper.",
CAF,Central African Republic,Rural Digitalisation,Status of digitalisation of records in rural facilities,Clinic,Status,The status of digital data capture in rural primary healthcare clinics,1,Entirely paper,,"Rural primary healthcare clinics in Central African Republic rely entirely on paper-based registers and forms for patient data recording at the point of care. The HMIS roadmap (2019) revised paper tools rolled out to 12 districts, with DHIS2 piloted only in Bangui (urban capital); no routine use in rural health centers (387 centers, 434 posts serving rural areas). World Bank SENI-PLUS (2022) notes plans for DHIS2 rollout but persistent barriers: poor internet connectivity, low staff capacity for data collection, weak data quality culture, insecurity from ongoing conflict.World Bank SENI-PLUS No national eHealth strategy exists (2023).Mayo Clinic Proceedings Recent donor-driven pilots like DHIS2-based immunization micro-planning exist but are isolated, not for patient records at POC.HISP Rwanda Key barriers: conflict (70% countryside outside govt control), infrastructure deficits, low capacity. National ambition for DHIS2 contrasts sharply with rural paper reality; data transcribed upward from paper, not captured digitally at facilities. No evidence majority rural clinics use digital systems routinely.",rural-clinic-status,1,https://documents1.worldbank.org/curated/en/810311653593644795/pdf/Central-African-Republic-Health-Service-Delivery-and-System-Strengthening-Project-SENI-PLUS.pdf;https://pmc.ncbi.nlm.nih.gov/articles/PMC10512197/;https://pmc.ncbi.nlm.nih.gov/articles/PMC8444360/,3,Low,no_year,No data year recorded - must be populated during verification.,,https://documents1.worldbank.org/curated/en/810311653593644795/pdf/Central-African-Republic-Health-Service-Delivery-and-System-Strengthening-Project-SENI-PLUS.pdf;https://hispwca.org/hispwca/?p=1483;https://www.who.int/publications/m/item/herams-central-african-republic-status-update-report-2025-05-operational-status-of-the-health-system;https://researchonline.lshtm.ac.uk/id/eprint/4679144/,"Original cited World Bank SENI-PLUS PAD (2022) was fetched and confirms DHIS2/HMIS rollout plans and persistent barriers (connectivity, capacity, insecurity). Fresh searches found a HISP WCA account (Aug 2024) of DHIS2 revitalisation showing the platform is used at district data-office level for Monthly Activity Report (RMA) data, not at facility level, with unstable internet and frequent power cuts still cited as obstacles. A 2025 IMPULSE multi-country study assessed DHIS2 functionality across 53 'data offices' at central and subnational level in CAR (fieldwork Nov 2022-Jul 2024), again confirming digitisation occurs upstream of the facility rather than at the point of care. No evidence of routine digital data capture in rural clinics themselves was found, so the score of 1 (Entirely paper) is confirmed.",2024,medium,"Rural primary healthcare clinics in the Central African Republic record patient data on paper at the point of care. The national DHIS2 rollout, begun in 2019 and expanded to pilot districts from 2022, digitises Monthly Activity Report (RMA) data at district data offices rather than at the clinic itself; clinics complete paper RMA forms which are later entered into DHIS2 upstream. Persistent barriers include unreliable internet connectivity, intermittent electricity, limited data-handling capacity and continuing insecurity across much of the countryside. A 2025 multi-country study of DHIS2 functionality found the system operating at 53 central and subnational data offices rather than at facility level. No routine digital data capture at the point of care has been identified in rural clinics.",
CAF,Central African Republic,Rural Digitalisation,Status of digitalisation of records in rural facilities,Police,Status,The status of digital data capture in rural police stations,1,Entirely paper,,"No evidence found of digital case management or record-keeping systems in rural Central African Republic (CAR) police stations or gendarmerie brigades. US State Department 2022 Human Rights Report notes poor recordkeeping of arrests/detentions, slow case processing due to understaffed/undertrained judicial police, and destruction of records in 2013 conflict, with rural stations (e.g., Bossembele, Boda) holding detainees in basic conditions. Complainants reportedly pay fees to file complaints. Recent UN MINUSCA donations (2025) of computers/printers/solar to rural Baoro station aim to facilitate drafting procès-verbaux/investigation reports, implying prior manual processes and suggesting transition from paper but not yet implemented widely. UK FCDO arrest pack and UNODC reports silent on digital tools; searches yielded no national police IT system for rural use. Ongoing conflict, infrastructure deficits, and aid focus on basics indicate entirely paper-based (or inadequate) systems in rural facilities.",rural-police-status,2,https://www.state.gov/wp-content/uploads/2023/02/415610_CENTRAL-AFRICAN-REPUBLIC-2022-HUMAN-RIGHTS-REPORT.pdf;https://www.gov.uk/government/publications/central-african-republic-legal-and-prison-systems/information-pack-for-british-nationals-arrested-or-detained-in-central-african-republic;https://peacekeeping.un.org/fr/de-nouveaux-equipements-pour-le-commissariat-et-la-gendarmerie-de-baoro,3,Low,no_year,No data year recorded - must be populated during verification.,,https://minusca.unmissions.org/fr/de-nouveaux-%C3%A9quipements-pour-le-commissariat-et-la-gendarmerie-de-baoro;https://minusca.unmissions.org/fr/node/71795;https://minusca.unmissions.org/fr/des-kits-de-constat-d%E2%80%99accidents-et-des-registres-de-bureaux-au-profit-des-forces-de,"The cited US State Department 2022 report URL now returns a technical/forbidden error and could not be re-verified directly; its substance is corroborated by other MINUSCA field reporting, so this does not change the assessment. Confirmed score of 1 (Entirely paper). MINUSCA field reports show that as recently as 2018 the mission was still distributing basic paper office registers ('registres de bureau') to police and gendarmerie units, and that as of June 2025 it delivered computers, printers and solar power to the rural Baoro police station and gendarmerie brigade specifically to help staff draft procès-verbaux and investigation reports that were previously handwritten - indicating this is the earliest stage of computerisation (equipment provision) rather than an operating digital case-management system. A similar 2024 donation to the Kaga-Bandoro gendarmerie paired computers with basic infrastructure (borehole, solar power). No evidence of an operating digital case-management or record-keeping system in rural stations was found.",2025,medium,"Rural police stations and gendarmerie brigades in the Central African Republic continue to rely on paper-based registers and handwritten reports for case and detention records. MINUSCA has continued to supply basic paper registers to police and gendarmerie units and, as of mid-2025, has begun providing computers, printers and solar power to a small number of rural posts (including Baoro and Kaga-Bandoro) explicitly to help staff draft procès-verbaux and investigation reports that were previously handwritten. This reflects the earliest stage of computerisation - equipment provision rather than an operating digital case-management system - and rural stations remain entirely paper-based in practice, compounded by conflict-related insecurity and weak infrastructure across much of the country.",
CAF,Central African Republic,Rural Digitalisation,Status of digitalisation of records in rural facilities,Registry,Status,The status of digital data capture in rural civil registry offices,1,Entirely paper,,"Rural registry offices in Central African Republic (secondary centres in villages) record births using paper forms and ledgers, with paper copies transferred throughout the system to central storage, per 2023 UNECA assessment of 43 African countries. No electronic CRVS database exists (one of 7 countries). FamilySearch confirms secondary centres in villages handle births, with no digital mention. World Bank ID4D (2017) details paper-based processes (loose-leaf/ledgers), no ICT (score 1/4); post-2013 crisis destroyed most rural offices, but surviving processes remain manual. Rural birth registration rates low (e.g., 36-63% 2000-2010). No evidence of digital rollout in recent (2020-2026) reports; one digital ministry (economy, 2026) unrelated. CDC older report notes subnational centres d'état civil, low completeness. Entirely paper-based in rural facilities.",rural-registry-status,4,https://apai-crvs.uneca.org/sites/default/files/resourcefiles/Digitalization%20of%20Civil%20Registration%20and%20Vital%20Statistics%20in%20Africa.pdf;https://openknowledge.worldbank.org/server/api/core/bitstreams/fde5ba5d-4bb9-5671-94ca-67ee6a832dd3/content;https://www.familysearch.org/en/wiki/Central_African_Republic_Civil_Registration,3,Low,no_year,No data year recorded - must be populated during verification.,,https://apai-crvs.uneca.org/sites/default/files/resourcefiles/Digitalization%20of%20Civil%20Registration%20and%20Vital%20Statistics%20in%20Africa.pdf;https://www.familysearch.org/en/wiki/Central_African_Republic_Civil_Registration;https://www.unicef.org/car/en/stories/birth-certificate-merlin-acknowledged-car,"Confirmed score of 1 (Entirely paper). The cited AfDB/COMESA digitalisation assessment (fetched, dated April 2023) was verified and lists the Central African Republic among African countries with no electronic CRVS database. FamilySearch's civil registration guide (last updated 2025) confirms secondary registration centres in villages and health facilities handle births/deaths with no digital system described. A 2024 UNICEF account of birth registration support in rural Lim-Pende prefecture describes a manual administrative process (paper certificates, supplementary judgements for late registration) with no digital capture at the registration point, corroborating continued reliance on paper at rural registry offices.",2023,medium,"Rural civil registry offices in the Central African Republic - secondary registration centres located in villages and at health facilities - record births, deaths and marriages using paper forms and ledgers, with no electronic CRVS database in place. A 2023 continent-wide digitalisation assessment lists the country among those without an electronic civil registration database. UNICEF-supported birth registration activity in rural prefectures continues to rely on paper certificates and manual administrative procedures, such as supplementary judgements for late registrations, reflecting continued reliance on paper records at the point of registration. This is compounded by damage to registry infrastructure since the 2013 crisis and persistently low rural registration rates.",
CAF,Central African Republic,Rural Digitalisation,Status of digitalisation of records in rural facilities,School,Status,The status of digital data capture in rural primary schools,1,Entirely paper,,"No direct evidence on rural primary school data recording methods found despite extensive searches on EMIS, school data collection, UNESCO/World Bank/GPE documents. CAR participates in regional EMIS efforts and has a national system, but given ongoing conflict, low ICT infrastructure, and plans to strengthen data systems (PSE 2020-2029), rural facilities predominantly or entirely use paper registers for attendance, enrollment, grades, and admin data. 2007 World Bank survey highlights ICT challenges in education; recent reports note limited learning data availability.",rural-school-status,3,https://www.iicba.unesco.org/en/central-african-republic-car;https://www.gpekix.org/news/education-management-information-systems-emis-heart-kix-objectives;https://openknowledge.worldbank.org/entities/publication/9eb68001-a942-54c5-857b-2726c3ff89b0,3,Low,no_year,No data year recorded - must be populated during verification.,2,https://www.globalpartnership.org/node/document/download?file=document%2Ffile%2F2023-07-car-itap-report.pdf;https://www.globalpartnership.org/node/document/download?file=document%2Ffile%2F2024-08-program-document-accelerated-funding-central-african-republic.pdf;https://www.iicba.unesco.org/en/central-african-republic-car,"Revised from 1 (Entirely paper) to 2 (Mostly paper - some digital). A Global Partnership for Education Independent Technical Appraisal Panel report (2023) confirms an Education Management Information System (EMIS) supported by EduTrac, introduced in 2019, under which school principals - not only in Bangui - transmit enrolment/attendance-type data in real time to a central web-based platform by SMS message. This constitutes digital data capture occurring at the school itself, even though detailed pupil records (attendance registers, grade books) remain paper-based day to day. This is a moderate, evidence-based one-step upgrade, not a promotion to the top of the scale, so no further escalation is required.",2023,medium,"Rural primary schools in the Central African Republic keep day-to-day pupil records - attendance registers, grade books and enrolment lists - on paper, but school principals also submit periodic enrolment and attendance data directly to the Ministry of Education via the EduTrac SMS-based reporting system, introduced in 2019 under the Global Partnership for Education's Accelerated Funding Programme and still in use as of 2023. This SMS channel provides a real-time digital data feed from schools into a central web-based Education Management Information System, alongside otherwise paper-based record-keeping at the facility, placing rural primary schools at a stage where most records remain on paper but some data capture is digital. Data quality and coverage remain constrained by limited statistical capacity, weak IT infrastructure and heavy dependence on external donor funding.",
CIV,Cote d'Ivoire,Rural Digitalisation,Status of digitalisation of records in rural facilities,Clinic,Status,The status of digital data capture in rural primary healthcare clinics,1,Entirely paper,,"Rural primary healthcare clinics (centres de santé rurale, CSRs) in Côte d'Ivoire predominantly record patient data using paper-based registers and forms at the point of service. Data is manually aggregated into summary reports and transmitted monthly/quarterly to district or regional levels, where it is entered into the national DHIS2 health management information system (HMIS). No evidence indicates routine use of electronic health records (EHR), electronic medical records (EMR), or digital point-of-care entry in most rural clinics; paper remains the default method despite national digital infrastructure like DHIS2 rollout (nationwide since ~2019). Digital systems are limited to isolated pilots or disease-specific programs, such as SIGDEP for HIV patient management (233 sites, electronic but not general care) and recent donor-supported trackers (e.g., cervical cancer screening). The 2021+ PHISICC project redesigns paper tools for better usability in rural Côte d'Ivoire facilities, confirming paper's ongoing dominance and overload on health workers. Key barriers include unreliable electricity/internet in rural areas, limited devices/training, and prioritization of aggregate national reporting over point-of-service digitalisation. Recent plans (2025) aim to connect 1,000 clinics to high-speed internet for telemedicine/digitized records, signaling ambition but current gap. National policy focuses on DHIS2/eLMIS for HMIS/logistics, but rural PoS reality lags: paper collection followed by higher-level transcription, fitting score 2 (predominantly paper with some digital pilots/aggregate tools).",rural-clinic-status,1,https://www.measureevaluation.org/resources/publications/fs-19-380/at_download/document;https://pmc.ncbi.nlm.nih.gov/articles/PMC4185136/;https://pmc.ncbi.nlm.nih.gov/articles/PMC8355573/,3,Low,no_year,No data year recorded - must be populated during verification.,2,https://www.frontiersin.org/journals/digital-health/articles/10.3389/fdgth.2026.1785017/full;https://publichealth.jmir.org/2024/1/e56275;https://pmc.ncbi.nlm.nih.gov/articles/PMC8355573/;https://www.mhealth-africa.org/en/actualites/mhealth-et-dhis2-vers-une-interoperabilite-renforcee-en-cote-divoire/,"Original row recorded Value Code 1 (Entirely paper) despite the Comments text itself arguing for score 2 - an internal inconsistency. Fetched cited sources (PHISICC protocol, MEASURE Evaluation) confirm paper remains the default at rural clinics. Fresh searches found: a 2024 JMIR survey of DHIS2/MAGPI/SORMAS users confirming that data collection for the two most widely used tools (DHIS2, MAGPI) 'still resorts to paper forms', while SORMAS is fully electronic but confined to a small pilot (2 regions, including rural Gbêkê); and the mHealth.ci platform, launched January 2025 by the Ministry of Health with UNICEF/Ticanalyse support, which equips community and frontline health workers in the largely rural Poro health region (five districts, around 60 health facilities) with smartphones for digital data capture (household registration, antenatal/postnatal follow-up, vaccination), syncing to DHIS2. This is a genuine, documented facility-level digital pilot reaching rural facilities, so the row is recalculated to code 2 (Mostly paper - some digital), aligning the Value Code with the evidence and the original Comments text. Not promoted further as digital capture remains a minority pilot, not the norm.",2025,medium,"Rural primary healthcare clinics (centres de santé rurale) in Côte d'Ivoire predominantly rely on paper-based registers for patient data capture, with monthly/quarterly aggregation into the national DHIS2 health information system (SIGSANTE) at district level. However, isolated digital pilots now reach some rural facilities: the mHealth.ci platform, launched in January 2025 by the Ministry of Health with UNICEF support, equips community and frontline health workers in the largely rural Poro health region (five districts, around 60 health facilities) with smartphones for digital data capture on household registration, antenatal/postnatal follow-up and vaccination, syncing directly with DHIS2. The SORMAS disease surveillance system is similarly piloted on a fully electronic basis in a small number of districts, including rural Gbêkê. These remain isolated projects rather than the norm: a 2024 national survey confirms that the two most widely used surveillance tools, MAGPI and DHIS2, still depend on paper forms for data collection at facility level. Overall, paper remains the default recording method in most rural clinics, with genuine but limited pockets of digital capture.",
CIV,Cote d'Ivoire,Rural Digitalisation,Status of digitalisation of records in rural facilities,Police,Status,The status of digital data capture in rural police stations,1,Entirely paper,,"No specific evidence found of digital recording at rural police stations or gendarmerie brigades in Côte d'Ivoire. Standard francophone practice of handwritten procès-verbaux (police reports) persists, as indicated by models and procedures. Central initiatives exist: CTIP/BTIP for police data processing in Abidjan (Ministry of Interior), WAPIS regional system (INTERPOL), and justice digitalisation (e-justice.ci). US State Dept reports describe arrests/detentions at stations but no digital mention (State.gov 2023). Rural facilities likely paper-based, with possible later central entry (score 1 per rules).",rural-police-status,2,https://interieur.gouv.ci/actualite/19;https://www.interpol.int/content/download/12480/file/WAPIS_BROCHURE_EN_002_LR.pdf;https://www.state.gov/wp-content/uploads/2024/02/528267_COTE-DIVOIRE-2023-HUMAN-RIGHTS-REPORT.pdf,3,Low,no_year,No data year recorded - must be populated during verification.,,https://interieur.gouv.ci/actualite/19;https://bilan.gouv.ci/actualite/19393;https://www.state.gov/wp-content/uploads/2024/02/528267_COTE-DIVOIRE-2023-HUMAN-RIGHTS-REPORT.pdf,"Fetched cited sources; the Ministry of Interior page confirms a November 2024 training workshop for the Centre/Bureau de Traitement des Informations Policières (CTIP/BTIP), and the WAPIS/state department sources are consistent with the original assessment. A fresh search of a 2025 government 'bilan' review found further digitalisation activity (video surveillance covering the 12 police prefectures, interconnection of 105 SIPAO/WAPIS judicial-investigative sites, new stations at Didiévi, Ferkessédougou and Daloa equipped with computer hardware), but all of this concentrates on Abidjan-centred information processing units or general IT equipment in newly built stations, not on digital capture of case records at rural facilities themselves. No evidence found of digital recording of procès-verbaux or custody records at rural stations/gendarmerie posts. Score 1 (Entirely paper) confirmed.",2025,medium,"Rural police stations and gendarmerie brigades in Côte d'Ivoire continue to record cases, custody and other operational data by hand, using the standard francophone procès-verbal system. Central digitalisation initiatives exist - the Centre/Bureau de Traitement des Informations Policières (CTIP/BTIP), the regional WAPIS/SIPAO information-sharing programme (105 interconnected judicial and investigative sites), and urban video-surveillance (VPU) covering the 12 police prefectures - but these concentrate on Abidjan and other major urban centres and on centralised information processing rather than facility-level data capture. Newly built stations in towns such as Didiévi, Ferkessédougou and Daloa have been equipped with computer hardware, but no evidence indicates that day-to-day recording of incidents and detentions at rural facilities has moved from paper. Data collected on paper is transmitted to central units for later digital processing rather than captured digitally at source.",
CIV,Cote d'Ivoire,Rural Digitalisation,Status of digitalisation of records in rural facilities,School,Status,The status of digital data capture in rural primary schools,1,Entirely paper,,"Rural primary schools in Côte d'Ivoire predominantly record attendance, enrollment, grades, and admin data on paper. Data flows from schools to regional DRENs then ministry DTSI, often via physical questionnaires causing delays and errors. Digital EMIS/SIGE centralizes aggregates but relies on higher-level entry, not school-level digital recording. SIGE piloted in select regions (Bouaké, San Pedro - mixed urban/rural) and secondary schools; primary extension ongoing but rural coverage limited by infrastructure (62% primary schools lack electricity, 2% have multimedia per SNDECI 2024-28). No evidence of digital at rural facility level; score 2 for pilots/aggregate digital.",rural-school-status,3,https://www.education.gouv.ci/index.php/Activite/details/372;https://developmentgateway.org/blog/improving-the-national-ministry-of-educations-information-management-system/;https://www.education.gouv.ci/assets/pdf/Document/Orientation/document_220.pdf,3,Low,no_year,No data year recorded - must be populated during verification.,,https://www.education.gouv.ci/assets/pdf/Document/Orientation/document_220.pdf;https://www.fratmat.info/article/2635269/societe/education-digitale-mariatou-kone-lance-un-outil-revolutionnaire-pour-une-ecole-plus-performante;https://developmentgateway.org/blog/improving-the-national-ministry-of-educations-information-management-system/,"The Ministry of Education source (education.gouv.ci/Activite/details/372) could not be fetched (403 error) but the Development Gateway and SNDECI 2024-2028 strategy document were verified directly and corroborate the original account. A fresh search confirms the Système d'Information et de Gestion de l'Éducation (SIGE) was officially launched in July 2025 but currently covers only 24 secondary schools in the Abidjan, Bouaké and San-Pedro regions; SNDECI 2024-2028 states school-management software has been used since 1995 but only by secondary institutions, that extension of digital pupil registration (Fichier National des Élèves) to primary level is 'in progress' (not complete), and that 62% of primary schools lack electricity while only 2% have multimedia equipment. No evidence found of digital data capture at rural primary-school level; the original Comments text argued for score 2 but this is not supported once higher-level digitisation (excluded by the variable's scope) is set aside. The recorded Value Code of 1 (Entirely paper) is confirmed.",2025,medium,"Rural primary schools in Côte d'Ivoire continue to record attendance, enrolment, grades and administrative information on paper. Data is transmitted from schools to regional education directorates (DRENs) and then to the ministry's DTSI, typically via physical questionnaires, which the ministry's own strategy document notes causes delays, data-entry errors and administrative burden. The new Système d'Information et de Gestion de l'Éducation (SIGE), officially launched in July 2025 with US/MCC funding, currently covers only 24 secondary schools in the Abidjan, Bouaké and San-Pedro regions; digital school-management software has likewise been used since 1995 but only by secondary institutions. Extension of digital pupil registration (the Fichier National des Élèves) to the primary level remains a work in progress, and the national digitalisation strategy (SNDECI 2024-2028) reports that 62% of primary schools lack electricity and only 2% have multimedia equipment. No evidence indicates routine digital data capture at rural primary-school level; digitalisation, where it exists, occurs through higher-level aggregation rather than at the facility.",
CIV,Cote d'Ivoire,Rural Digitalisation,Status of digitalisation of records in rural facilities,Registry,Status,The status of digital data capture in rural civil registry offices,2,Mostly paper -  some digital,,"Rural registry offices in Côte d'Ivoire predominantly use paper-based recording for births and vital events, with manual registration at local civil status centers (Bureau de l'État Civil). Birth registration coverage is lower in rural areas (60% in 2016) compared to urban (90%), indicating accessibility issues. A national digital system (Cityweb software by ONECI) is being rolled out, currently in 105 of 860 centers across 5 regions as of early 2024, with plans for 80% by end-2024, enabling digital entry, real-time updates, and no manual transmission. Cityweb Côte d'Ivoire uses fully electronic transmission from local to central levels and outsources data hosting, but lacks dedicated IT staff and details on rural point-of-service digital use. This represents isolated digital pilots/projects amid paper default; no evidence majority rural facilities routinely digital at point of care. Key barriers: rural infrastructure, training, electricity. National ambition (RNPP, e-services) outpaces rural reality, where paper persists for most facilities.",rural-registry-status,4,https://gffklportal.org/wp-content/uploads/2020/01/5.5.-Cote-dIvore-CRVS-country-profile.pdf;https://apai-crvs.uneca.org/sites/default/files/resourcefiles/Digitalization%20of%20Civil%20Registration%20and%20Vital%20Statistics%20in%20Africa.pdf;https://www.semlex.com/en/2024/02/12/la-modernisation-de-letat-civil-en-cote-divoire/,3,Low,no_year,No data year recorded - must be populated during verification.,3,https://cinews.ci/modernisation-et-de-securisation-loneci-et-la-communaute-saintegidio-sallient-pour-accroitre-le-taux-denregistrement-des-naissances/;https://aboukam.net/2024/07/16/digitalisation-logiciel-city-web-deploye-dans-302-centres-detat-civil-sur-690-en-cote-divoire/;https://news.abidjan.net/articles/728589/modernisation-de-letat-civil-61-acteurs-formes-aux-techniques-de-lutilisation-du-logiciel-de-gestion-des-faits-detat-civil;https://gffklportal.org/wp-content/uploads/2020/01/5.5.-Cote-dIvore-CRVS-country-profile.pdf,"The original score of 2 rested on Cityweb rollout figures current to February 2024 (105 of 860 centres). Both cited sources were fetched and confirmed. Fresh searches show rapid subsequent expansion: 302 of 690 centres by July 2024, and in March 2026 the ONECI director general publicly stated that 98% of civil registry centres nationwide are now computerised and connected to Cityweb. This is a single, self-reported figure delivered in a promotional context (announcement of a birth-registration partnership with the Saint'Egidio community) rather than an independently audited statistic, and it does not break down rural versus urban coverage separately, so it should not be treated as conclusive proof of 'Entirely digital' (the top of this variable's scale). It does, however, indicate that digital capture at the point of registration is now widespread rather than an isolated pilot, supporting a recalculation to 'Mostly digital - some paper' (3) rather than confirming 'Mostly paper - some digital' (2). Given the reliance on one non-independent source for the headline figure, and the strength of the claim, this row is flagged for human review rather than asserted outright, and a promotion to the scale maximum (4, Entirely digital) is not made.",2026,medium,"Civil registry offices in Côte d'Ivoire, including those in rural areas, are in the advanced stages of a national digitalisation programme built around the Cityweb software developed with Semlex. Deployment expanded rapidly from 105 of 860 centres (five regions) in February 2024 to 302 of 690 centres by July 2024, and by March 2026 the National Office of Civil Status and Identification (ONECI) reported that 98% of civil status centres nationwide were computerised and connected to Cityweb, enabling electronic recording and near real-time transmission of births, deaths and marriages in place of manual transmission between levels. Historic gaps remain a backdrop to this rollout: birth registration coverage stood at around 60% in rural areas against 90% in urban areas as of 2016, and rural centres have historically faced weaker infrastructure, staffing and connectivity than urban ones. Given the scale and pace of the reported rollout, most registry offices - including in rural areas - now appear to capture civil status data digitally at the point of registration, though a smaller share is likely to still depend on manual back-up processes.",human_review
CMR,Cameroon,Rural Digitalisation,Status of digitalisation of records in rural facilities,Clinic,Status,The status of digital data capture in rural primary healthcare clinics,1,Entirely paper,,"Rural primary healthcare clinics in Cameroon predominantly use paper-based registers and manual forms for patient data recording at point-of-service. Individual client data management functions adequately in only 26% of facilities (urban study), with clinical staff handling data alongside duties using physical tools; electronic patient files are proposed but not implemented routinely. Aggregated data for DHIS2 reporting is compiled manually and entered at district level, not digitally at clinics. Pilots exist for EMRs like OpenMRS/GNU Health in specific regions (e.g., East/Centre for HIV/TB) and DAMA electronic registers in 154 PEPFAR sites, but these are isolated, program-specific, and not representative of most rural clinics. National DHIS2 is scaled but for aggregate reporting, not point-of-care patient records. Key barriers include poor electricity/internet in rural areas (avg. 6.9km to power; low 3G/4G), low computer access (32% facilities), lack of ICT skills among staff, high poverty, and governance gaps (85% unaware of digital health policies). National Digital Health Strategy 2020-2024 aims for EMR in 70% facilities by 2024, but rural reality lags far behind urban/national ambitions, with paper default and digital limited to upward reporting/pilots.",rural-clinic-status,1,https://pmc.ncbi.nlm.nih.gov/articles/PMC7709293/;https://pmc.ncbi.nlm.nih.gov/articles/PMC12605872/;https://extranet.who.int/cpcd/sites/default/files/public_file_repository/cmr_cameroon_digital-health-strategy_2020-2024.pdf,3,Low,no_year,No data year recorded - must be populated during verification.,2,https://pmc.ncbi.nlm.nih.gov/articles/PMC12605872/;https://extranet.who.int/cpcd/sites/default/files/public_file_repository/cmr_cameroon_digital-health-strategy_2020-2024.pdf;https://pmc.ncbi.nlm.nih.gov/articles/PMC7709293/,"Original score of 1 (Entirely paper) reflected the dominant reality but understated genuine, functioning (if isolated) digital data-capture programmes operating in specific rural facilities: DAMA electronic registers used at 154 PEPFAR-supported sites, OpenMRS/GNU Health EMR pilots in East/Centre regions for HIV/TB, and the BornFyne prenatal digital platform operating across four health districts including rural settings. A 2025 nationwide survey (data collected Jan-Apr 2024, n=60 organisations) found only 32.1% of health facilities have their own computers and 27% have internet access, confirming paper remains dominant, but these named, operational (not merely planned) digital tools mean 'entirely paper' undersells actual facility-level practice. Recalculated to 2 (Mostly paper - some digital).",2024,high,"Rural primary healthcare clinics in Cameroon remain predominantly paper-based for point-of-service data capture, with only around 32% of health facilities possessing their own computers and 27% having internet access as of 2024. However, some rural and semi-rural facilities do use functioning digital tools alongside paper registers: DAMA electronic registers operate across 154 PEPFAR-supported HIV/TB sites, OpenMRS/GNU Health electronic medical record pilots run in the East and Centre regions, and the BornFyne prenatal digital platform has been deployed across four health districts with rural coverage. National DHIS2 remains an aggregate reporting tool fed by manually compiled data rather than a point-of-care system. The National Digital Health Strategic Plan 2020-2024 targets electronic medical records in 70% of facilities, a goal not yet met in rural areas given persistent barriers of unreliable electricity and internet, low digital literacy among staff, and underinvestment in ICT infrastructure.",
CMR,Cameroon,Rural Digitalisation,Status of digitalisation of records in rural facilities,Police,Status,The status of digital data capture in rural police stations,1,Entirely paper,,"Rural police stations in Cameroon, primarily Gendarmerie Nationale brigades/posts (444 brigades, 160 posts), record case files, complaints, and incident reports using handwritten procès-verbaux (PVs) and paper files, as standard in francophone Africa and per Criminal Procedure Code. Criminal records derived from these are manually stored in hardcopy at courts/Ministry of Justice; police do not maintain digital criminal records. No evidence of digital case management systems, rural pilots, or IT for incident reporting found on official sites, despite general digital pushes (e.g., civil registration). Paper-based at facility level; any later court entry does not qualify as digital at rural station per rules. Gendarmerie, Records Paper, CPC",rural-police-status,2,https://mindef.gov.cm/gendarmerie-nationale/en/presentation/;https://ijnrd.org/papers/IJNRD2504292.pdf;https://www.unodc.org/cld/uploads/res/document/criminal-procedre-code_html/Cameroon_Criminal_Procedure_Code_2005.pdf,3,Low,no_year,No data year recorded - must be populated during verification.,,https://ijnrd.org/papers/IJNRD2504292.pdf;https://mindef.gov.cm/gendarmerie-nationale/en/presentation/;https://www.unodc.org/cld/uploads/res/document/criminal-procedre-code_html/Cameroon_Criminal_Procedure_Code_2005.pdf,"Confirmed. A 2025 legal analysis of Cameroon's civil and criminal records management (IJNRD, April 2025) explicitly describes the current regime as paper-based nationally, with no evidence of a digital case management system in use, and recommends transition to an electronic approach. A market forecast (6Wresearch, 2025) projects future demand for law enforcement software in Cameroon but confirms no established digital deployment currently reaches rural gendarmerie brigades/posts. No fresher or contrary evidence found; score of 1 (Entirely paper) confirmed.",2025,medium,"Rural police stations in Cameroon, overwhelmingly gendarmerie brigades and posts (444 brigades and 160 posts nationwide), record case files, complaints and incident reports by hand using paper procès-verbaux, as required under the 2005 Criminal Procedure Code. A 2025 academic review of Cameroon's civil and criminal records management confirms the country continues to operate a paper-based regime nationally, citing high management costs, risk of physical loss or damage, and slow retrieval, while calling for an electronic-based approach going forward. No digital case management system, incident database, or IT-based record-keeping has been identified in rural police facilities; any subsequent digitisation occurs later at courts or the Ministry of Justice, outside the scope of facility-level data capture.",
CMR,Cameroon,Rural Digitalisation,Status of digitalisation of records in rural facilities,Registry,Status,The status of digital data capture in rural civil registry offices,1,Entirely paper,,"Rural registry offices (2,350 secondary civil status centers in villages) predominantly use paper-based recording for births and other vital events, as the national system was not computerized as of 2018-2019 reports.UNECA CRVS Snapshot New 2024 law (Law No. 2024/016) introduces digital certificates, UPIN, national database, and pilot phases for computerization, with first digital births issued in select urban councils in 2026 (e.g., Limbe I).Journal of Digital Technologies and Law; UNDP Strategic plan (2025-2029) aims for full digital by 2029, but current rollout limited to pilots/donor projects in handful of municipalities, not majority rural facilities.Vital Strategies Key barriers: poor infrastructure/internet in rural areas, low digital literacy, distance/cost to centers, backlog under-registration.UNECA CRVS Snapshot; Journal of Digital Technologies and Law National ambition for digital CRVS contrasts with rural paper reality; no evidence of predominant point-of-service digital use in rural registries.",rural-registry-status,4,https://apai-crvs.uneca.org/sites/default/files/resourcefiles/CRVS_CameroonSnapshot_e.pdf;https://www.lawjournal.digital/jour/article/view/507;https://www.undp.org/cameroon/stories/first-ever-digital-birth-certificate-north-west-and-south-west-region-cameroon-new-era-civil-registration-and-access-legal-identity,3,Low,no_year,No data year recorded - must be populated during verification.,2,https://www.undp.org/cameroon/stories/digitalizing-birth-certificates-where-technology-giving-every-child-name-and-future-0;https://www.biometricupdate.com/202501/new-civil-registration-law-refocuses-cameroons-push-for-sdg-16-9-legal-id-target;https://www.undp.org/cameroon/stories/first-ever-digital-birth-certificate-north-west-and-south-west-region-cameroon-new-era-civil-registration-and-access-legal-identity,"Original score of 1 (Entirely paper) understated an active, several-year-old digitalisation programme already reaching some rural registry offices, not merely an isolated 2026 urban pilot as the original comment characterised it. A UNDP/BUNEC 'Legal Identity and Social Cohesion' project, running since 2020 (Japan-funded phase) and expanded 2024-2025 (Denmark-funded phase), has equipped 26 civil status centres around Maroua (Far North) with computers, biometric kits and dedicated software producing over 50,000 digital civil status documents, and is expanding to ten further centres including rural Far North localities (Koza, Meri, Mindif, Mora). Rural secondary centres such as Dougoui process around 7 digital registrations weekly. This is genuine, operating (not merely piloted or planned) digital data capture in a meaningful number of rural registry offices, alongside the great majority nationally (c. 2,350 secondary centres) still on paper. Recalculated to 2 (Mostly paper - some digital) rather than confirming 1; not raised further as this remains a minority of total rural registry offices nationally.",2025,high,"Rural civil registry offices in Cameroon are overwhelmingly paper-based, but a genuine and growing digital footprint now exists at facility level in some rural areas. Since 2020, a UNDP-BUNEC partnership funded first by Japan and, from 2024-2025, by Denmark, has equipped civil status centres in the Far North region (including rural localities such as Gazawa, Kaele, Mokolo, Tokombéré, Touloum, Koza, Meri, Mindif and Mora) with computers, biometric kits, printers and dedicated software, enabling over 50,000 digital civil status documents to be issued across 26 centres, with rural secondary centres such as Dougoui processing several digital registrations each week. Law No. 2024/016, enacted in December 2024, establishes a legal basis for a Unique Personal Identification Number and digital civil status certificates with the same legal value as paper documents, though nationwide activation of digital certificate issuance depends on further presidential decrees and full rollout is targeted for 2029. Outside these donor-supported centres, the great majority of Cameroon's roughly 2,350 secondary civil status centres continue to rely on manual, paper-based registration, with poor rural connectivity, low digital literacy, and distance to registration centres remaining significant barriers.",
CMR,Cameroon,Rural Digitalisation,Status of digitalisation of records in rural facilities,School,Status,The status of digital data capture in rural primary schools,1,Entirely paper,,"Rural primary schools in Cameroon predominantly use paper-based registers for recording administrative data, attendance, and learning outcomes. Only 3% of public primary schools have computers, with 87% of ICT teaching theoretical due to lack of resources.ERIC study on ICT integration Recent reports confirm many rural schools rely on paper records instead of digital databases.Ministry warning post National EMIS (STATEDUC platform) exists for aggregation at national level via INS, but implementation is delayed and focused on central/regional levels, not point-of-service in rural schools.World Bank ISR Digital pilots like UNICEF Connect My School are isolated (e.g., one e-container in Southwest).IHS-UNICEF partnership Key barriers: electricity/internet shortages, no equipment (66.6% admin structures lack computers), insufficient training, funding reliance on donors.ERIC study National policies (GESP, ETSS, ERSP) aim for integrated EMIS and digitalisation, but rural reality lags due to infrastructure gaps and crises disrupting data collection in areas like Far North.World Bank Equity project",rural-school-status,3,https://files.eric.ed.gov/fulltext/EJ1099586.pdf;https://documents1.worldbank.org/curated/en/099011724134528081/pdf/P16092615b7f0704918a461f76a0018d893.pdf;https://documents1.worldbank.org/curated/en/720691587749369240/pdf/Cameroon-Equity-and-Quality-for-Improved-Learning-Project.pdf,3,Low,no_year,No data year recorded - must be populated during verification.,,https://www.globalpartnership.org/node/document/download?file=document%2Ffile%2F2023-11-cameroon-itap-report.pdf;https://files.eric.ed.gov/fulltext/EJ1099586.pdf;https://documents1.worldbank.org/curated/en/099011724134528081/pdf/P16092615b7f0704918a461f76a0018d893.pdf,"Confirmed. A 2023 Global Partnership for Education Independent Technical Advisory Panel (ITAP) review of Cameroon's education data systems explicitly notes 'a heavy dependence on paper collection rather than digitalisation' at school level, and that EMIS platforms (SIGE) operate at a higher aggregation level, not point-of-service. This is consistent with the original evidence (3% of schools with computers) and no fresher evidence found of point-of-service digitisation in rural primary schools. Score of 1 (Entirely paper) confirmed.",2024,medium,"Rural primary schools in Cameroon rely almost entirely on paper-based registers for recording attendance, administrative data and learning outcomes at point of service. Only around 3% of public primary schools possess computers, and where ICT is taught it is overwhelmingly theoretical owing to a lack of equipment. National Education Management Information System platforms (SIGE/STATEDUC), overseen separately by each of Cameroon's education ministries, aggregate statistics at central and regional level from paper-based school returns rather than capturing data digitally at the facility. A 2023 independent review for the Global Partnership for Education confirms continued heavy reliance on paper collection rather than digitalisation across the sector's data systems. Isolated digital pilots exist (for example UNICEF's 'Connect My School' e-container initiative) but remain limited to single sites rather than representative of the rural school network as a whole, which continues to face shortages of electricity, internet connectivity, computer equipment and teacher ICT training.",
COD,Democratic Republic of the Congo,Rural Digitalisation,Status of digitalisation of records in rural facilities,Clinic,Status,The status of digital data capture in rural primary healthcare clinics,1,Entirely paper,,"Rural primary healthcare clinics in the Democratic Republic of the Congo (DRC) predominantly use paper-based systems for recording patient data. Community health workers collect data on paper forms, which facilities collate into paper reports on program outcomes, stock, and surveillance. These are sent to health zones for entry into the national DHIS2 (SNIS) platform.DHIS2 DRC Data Use Decentralized digital entry at facilities is rare, limited to some large sites with reliable power/internet; most entry is centralized at zones due to infrastructure deficits.DHIS2 DRC Data Use TB data from 2061 centers follows this: paper forms validated at centers, forwarded to zones for DHIS2.DHIS2 DRC Data Use Isolated pilots (e.g., donor laptops in 63 facilities) succeeded briefly but failed post-funding due to maintenance issues.DHIS2 DRC Data Use No widespread EMR; some OpenMRS pilots exist but not scaled to majority rural clinics.OpenMRS EMR4All Barriers: poor electricity/internet, funding, skills, outdated paper tools. National DHIS2 (since 2013) excels in aggregate reporting (80%+ completeness), but rural point-of-care remains paper, causing transcription errors. Policy ambition for digital UHC contrasts with rural paper reality.",rural-clinic-status,1,https://dhis2.org/drc-data-use/;https://tbassessment.stoptb.org/assets/docs/Digital%20TB%20Surveillance%20System%20Assessment%20All%20Country%20Reports/DR%20Congo%20Digital%20TB%20Surveillance%20System%20Assessment%20Report.pdf;https://www.childhealthtaskforce.org/sites/default/files/2018-09/data_wkshp_drc_dhis2_implem.pdf,3,Low,no_year,No data year recorded - must be populated during verification.,2,https://www.rti.org/sites/default/files/documents/2024-07/Implementing_Real-Time_Disease_Stolka.pdf;https://doi.org/10.3389/fpubh.2025.1669745;https://www.openiaso.com/digitalization-community-care-site-supervision-drc-ssc-app/;https://dhis2.org/drc-data-use/;https://www.childhealthtaskforce.org/sites/default/files/2018-09/data_wkshp_drc_dhis2_implem.pdf,"Original cited sources (dhis2.org overview, childhealthtaskforce PDF, stoptb TB assessment) were fetched/read and support a largely paper-based baseline, but pre-date more recent facility-level pilots. Fresh searches turned up fetched, read evidence of genuine point-of-care digital data capture: an RTI/CDC-supported eIDSR pilot gave tablets to head/assistant nurses in 235 responsible health centres and hospitals across 15 of 27 health zones in Haut-Katanga province, entering data directly into DHIS2 from October 2022 (RTI working paper, 2024); a peer-reviewed 2025 study found SORMAS piloted for facility-level case entry in 29 health centres plus 1 hospital in Kenge health zone, Kwango province (2022-2024); and the IASO/SSC community care site app, syncing to DHIS2, has scaled to all 26 provinces for community health worker reporting (Bluesquare, June 2026). These are still minority practices relative to the great majority of rural clinics nationwide, which continue to rely on paper forms consolidated at health-zone level, but they represent real, verified digital data capture at a meaningful number of facilities. This moves the score from 1 (Entirely paper) to 2 (Mostly paper - some digital). This is not a promotion to the top of the scale (4), so no human_review flag applies.",2024,medium,"Rural primary healthcare clinics in the Democratic Republic of the Congo remain predominantly paper-based for point-of-care data capture, with nurses and community health workers completing paper registers and weekly epidemiological report forms that are physically or verbally relayed to the health zone office for entry into the national DHIS2 (SNIS) platform. A minority of facilities now capture data digitally at the point of care: an electronic Integrated Disease Surveillance and Response (eIDSR) system using Android tablets connected to DHIS2 has been used by nurses in 235 health centres and hospitals across 15 of 27 health zones in Haut-Katanga province since October 2022, the SORMAS case-management system has been piloted for direct facility-level entry in health centres in Kenge health zone, Kwango province, and the IASO/SSC mobile application, which syncs to DHIS2, is used nationally by community health workers across all 26 provinces to report community-level health data. These digital tools remain confined to specific programmes and provinces rather than standard practice, and the great majority of rural clinics nationwide continue to rely on paper-based recording.",
COD,Democratic Republic of the Congo,Rural Digitalisation,Status of digitalisation of records in rural facilities,Police,Status,The status of digital data capture in rural police stations,1,Entirely paper,,"Rural police stations in the Democratic Republic of the Congo (PNC) record criminal cases and complaints primarily through paper-based procès-verbaux (official statements/reports for findings, arrests, hearings, etc.). These documents are generally typed but hearings are handwritten in most cases, with strict formal requirements for validity (e.g., signed, dated). No evidence of digital case management systems at rural level; procedures rely on written complaints and manual OPJ processes. Recent HRIS is for personnel management only, not cases. UN tools like goCASE used by MONUSCO, not PNC. Reforms emphasize training/accountability, not digital recording. Rural infrastructure likely precludes digital adoption.",rural-police-status,2,https://www.ecoi.net/en/document/2092757.html;https://coginta.org/en/DRC-modernization-of-HR-management-of-the-Congolese-national-police/;https://gocase.unodc.org/gocase/uploads/documents/goCASE_System_Description_2025.pdf,3,Low,no_year,No data year recorded - must be populated during verification.,,https://www.ecoi.net/en/document/2092757.html;https://coginta.org/en/DRC-modernization-of-HR-management-of-the-Congolese-national-police/;https://acp.cd/nation/inspection-generale-de-police-acquisition-du-materiel-informatique-pour-la-performance-des-operations/,"Original cited sources were fetched and read. The ecoi.net IRB report (2023) confirms that police reports (procès-verbaux) are typed or handwritten paper documents subject to strict formal legal requirements, with no mention of digital case recording. The Coginta HRIS article and goCASE description were also fetched: HRIS covers personnel/career management only (not case data), and goCASE is a UN tool used by MONUSCO, not the PNC, so neither evidences digitisation of case records. Fresh searches (2024-2025) found further fetched evidence: an ACP report (October 2024) on computer equipment (32 computers, 16 tablets, 7 printers, 5 servers) delivered to the General Inspectorate (IGPNC) central office in Kinshasa and its four provincial antennae (Haut-Katanga, North Kivu, South Kivu, Kasaï-Oriental), intended for audit/investigation database use by inspectors, and a further Coginta article (June 2025) confirming the HRIS now also equips HR departments at the provincial police stations of Tshikapa, Bunia and Mbandaka. Both concern oversight/inspection and personnel administration at central or provincial-capital level, not case recording at ordinary rural police stations. No evidence of digital case-recording adoption at rural stations was found; the score of 1 (Entirely paper) is confirmed.",2025,medium,"Rural police stations in the Democratic Republic of the Congo continue to record criminal cases and complaints entirely through paper-based procès-verbaux (official statements), which are generally typed, though hearings are recorded by hand in most cases, and must meet strict formal legal requirements to be valid. Recent digitisation initiatives are confined to personnel administration and central oversight rather than case recording: a Human Resources Information System introduced under the EU-funded PARP 3 police reform programme now covers career and staffing management for the national police, including at the provincial police stations of Tshikapa, Bunia and Mbandaka, and the General Inspectorate of the Police received computer equipment in 2024 for its central Kinshasa office and four provincial antennae to support internal audit and investigation databases. Neither initiative extends to the day-to-day recording of criminal cases and complaints at rural police stations, which remains an entirely manual, paper-based process.",
COD,Democratic Republic of the Congo,Rural Digitalisation,Status of digitalisation of records in rural facilities,Registry,Status,The status of digital data capture in rural civil registry offices,1,Entirely paper,,"Rural registry offices in the Democratic Republic of the Congo (877 out of 979 local offices) record births using entirely paper-based carbon copy registers with four copies per event: one to applicant, one to local court, one to central office in Kinshasa, one retained locally. No computers or mobile technology used in the registration process. Accessibility challenges in rural areas exacerbate low registration rates, but recording remains manual. Recent pilots (e.g., Masina urban) and plans for historical digitization exist, but no evidence of digital recording in rural facilities as of 2019 reports; national digital plans (2026+) do not yet impact rural registries.",rural-registry-status,4,https://apai-crvs.uneca.org/sites/default/files/resourcefiles/CRVS_CongoDRSnapshot_e.pdf;https://www.familysearch.org/en/wiki/Democratic_Republic_of_the_Congo_Civil_Registration,2,Low,no_year,No data year recorded - must be populated during verification.,,https://apai-crvs.uneca.org/sites/default/files/resourcefiles/CRVS_CongoDRSnapshot_e.pdf;https://drc.unfpa.org/fr/news/rdc-masina-commune-pilote-pour-la-digitalisation-des-faits-de-letat-civil,"Original cited APAI-CRVS snapshot was fetched and confirms the paper-based, four-copy carbon register system, though the underlying data dates to 2019; FamilySearch wiki (not re-fetched this round) is a general secondary source consistent with this. Fresh searches found and fetched a June 2025 UNFPA article confirming a joint UN pilot (UNICEF, BCNUDH, UNHCR, UNFPA) issuing digital tablets to registry staff in the commune of Masina, Kinshasa, to digitise birth registration data entry, alongside references to a national Digital Code (2023) and National Digital Plan (2025). Search snippets (not independently fetched) also indicate a similar 2022 population-register pilot in the commune of Kintambo (Kinshasa) and a June 2024 training/tablet distribution linking birth registration to vaccination records in Matadi, Kongo Central. All identified digitisation activity is confined to specific urban or peri-urban pilot communes; no evidence was found of digital data capture in rural civil registry offices. The score of 1 (Entirely paper) is confirmed for rural registries specifically.",2025,medium,"Rural civil registry offices in the Democratic Republic of the Congo continue to record births, deaths and marriages using entirely paper-based, four-copy carbon registers, with one copy retained locally, one sent to the local court, one to the central office in Kinshasa, and one given to the applicant; no computers or mobile devices are used in the registration process itself. Digitisation activity to date is confined to pilot programmes in specific Kinshasa communes, notably a joint UN-backed pilot launched in Masina in 2025 that issued digital tablets to registry staff to capture birth registration data, following an earlier population-register pilot in Kintambo from 2022. These initiatives have not extended to rural registry offices, which continue to operate the manual paper-based process described in national civil registration and vital statistics assessments.",
COD,Democratic Republic of the Congo,Rural Digitalisation,Status of digitalisation of records in rural facilities,School,Status,The status of digital data capture in rural primary schools,1,Entirely paper,,"Rural primary schools in DRC predominantly use paper-based registers for recording attendance, enrollment, and administrative data. School directors complete printed questionnaires for the national statistical yearbook, sent and returned physically by ground transport, leading to low response rates, delays, and reliance on estimates due to losses and poor infrastructure, especially in rural areas. No evidence of routine digital data entry at the point of service; EMIS efforts focus on national/provincial aggregation and decentralized planning (e.g., UNICEF-supported decentralized EMIS, Cordaid's GPS-mapped database combining existing sources), not school-level digital tools. SECOPE maintains a centralized (insecure) digital payroll database, but schools handle paper files. Barriers include poor ICT infrastructure, electricity/connectivity deficits in rural areas (e.g., only 7% rural schools with electricity per recent WB analysis), logistical challenges, and lack of devices/training. National SSEF policy aspires to EMIS dashboards, but rural reality remains manual recording with upward paper transcription, unchanged as of 2017-2024 reports.",rural-school-status,3,https://www.rescue.org/sites/default/files/document/1310/drceducationgovernancefinaljanuary2017.pdf;https://www.iicba.unesco.org/en/congo-democratic-republic-drc;https://reliefweb.int/report/democratic-republic-congo/better-data-better-schools-better-education;https://thedocs.worldbank.org/en/doc/d3291c08f4b645fdc31be4908947ef6b-0140022025/related/5EDU-WP-5-An-Assessment-of-the-Digital-Readiness-of-Secondary-Schools-in-the-DRC.pdf,4,Low,no_year,No data year recorded - must be populated during verification.,,https://thedocs.worldbank.org/en/doc/d3291c08f4b645fdc31be4908947ef6b-0140022025/related/5EDU-WP-5-An-Assessment-of-the-Digital-Readiness-of-Secondary-Schools-in-the-DRC.pdf,"The World Bank working paper (September 2024) on digital readiness of DRC schools was fetched and read; it confirms severe rural ICT/electricity infrastructure gaps (around 7% of rural schools with electricity access) and supports a continued paper-based reality at school level, and is the most current and authoritative of the four originally cited sources. The rescue.org, IICBA and ReliefWeb sources were not re-fetched this round but are older, general, and consistent with the World Bank finding. Fresh searches surfaced two further Ministry of Education digital initiatives (a 2023 national school geolocation platform, and KoboToolbox-based enumerator surveys building a nationwide school database) but these are periodic external mapping/census exercises carried out by enumerators with tablets, not routine digital data capture by school staff at the point of service, so they do not evidence a change in the facility-level recording practice the variable measures. The score of 1 (Entirely paper) is confirmed.",2024,high,"Rural primary schools in the Democratic Republic of the Congo continue to rely on paper-based registers and printed questionnaires to record attendance, enrolment and administrative data, which are transported physically to provincial and central offices for compilation into national education statistics. Severe infrastructure constraints, including electricity access at only around 7% of rural schools, continue to preclude routine digital record-keeping at the point of service. Ministry of Education digitisation efforts, such as a national school geolocation platform and enumerator-led tablet-based school censuses, involve periodic external data collection exercises rather than day-to-day digital data capture by school staff, so administrative and attendance recording within rural primary schools remains an entirely manual, paper-based process.",
COG,Republic of the Congo,Rural Digitalisation,Status of digitalisation of records in rural facilities,Clinic,Status,The status of digital data capture in rural primary healthcare clinics,1,Entirely paper,,"Rural primary healthcare clinics in Republic of the Congo (COG) predominantly use paper-based systems for patient records, registers, and prescriptions. DHIS2 implementation was announced in 2019 by the Ministry of Health, but as of 2020-2021 assessments, no evidence of completion or facility-level digital recording exists; national HMIS relies on aggregate data entry, likely from paper reports at district level GHS Index report. No electronic health records in use (score 0 in 2020 assessment). World Bank health projects support DHIS2 nationally with tablets for verification, but no mention of rural clinic-level digital patient data capture World Bank Health Sector Project. WHO notes limited eHealth; francophone African rural clinics typically rely on paper 'registres' and 'cartes de patient', with central digitization. No recent (2024-2026) evidence of shift to digital at rural level; score 1 as paper is standard without rural-specific digital pilots.",rural-clinic-status,1,https://ghsindex.org/wp-content/uploads/2021/12/Congo-Brazzaville.pdf;https://documents1.worldbank.org/curated/en/997271619365476164/pdf/Congo-Republic-of-Health-Sector-Project.pdf;https://www.afro.who.int/news/promise-ehealth-african-region,3,Low,no_year,No data year recorded - must be populated during verification.,,https://documents1.worldbank.org/curated/en/997271619365476164/pdf/Congo-Republic-of-Health-Sector-Project.pdf;https://ghsindex.org/wp-content/uploads/2021/12/Congo-Brazzaville.pdf;https://www.afro.who.int/news/promise-ehealth-african-region,"Fetched all three originally cited sources. The 2020 World Bank ICR for the Congo Health Sector Project confirms DHIS2/tablet use for aggregate reporting and verification above facility level only, and the 2021 GHS Index Congo-Brazzaville profile confirms no electronic health records in use. Fresh searches for 2024-2026 evidence of rural clinic-level digitisation in Congo-Brazzaville found none; digital-health programmes located (IMA World Health DHIS2 scale-up, RTI eIDSR pilot) concern the Democratic Republic of Congo, a different country, and were excluded as not applicable. Score of 1 (Entirely paper) confirmed.",2021,medium,"Rural primary healthcare clinics in the Republic of Congo continue to rely on entirely paper-based systems for patient records, registers and prescriptions at the facility level. The 2020 World Bank Implementation Completion Report for the Congo Health Sector Project confirms that DHIS2 support, including tablets, is used for aggregate reporting and verification at higher administrative levels but does not extend to facility-level electronic patient records in rural clinics. The 2021 Global Health Security Index country profile for Congo-Brazzaville likewise finds no electronic health record systems in use. No evidence of a shift to facility-level digital data capture in rural clinics has been identified.",
COG,Republic of the Congo,Rural Digitalisation,Status of digitalisation of records in rural facilities,Registry,Status,The status of digital data capture in rural civil registry offices,1,Entirely paper,,"Rural civil registration offices (centres d'état civil) in the Republic of the Congo predominantly use paper-based birth registers. No evidence found of operational electronic CRVS systems in rural areas. A national digital system, SIFEC (Système Intégré des Faits d'État Civil), was validated in February 2026 but remains in implementation phase, with no confirmed rural rollout. WHO reports functional civil registration (75-94% completeness) nationally but lacking vital statistics; rural completeness likely lower per World Bank/UNICEF surveys, though specific figures unavailable. Births declared at local offices within 30 days.",rural-registry-status,4,https://data.worldbank.org/indicator/SP.REG.BRTH.RU.ZS?locations=CG;https://pmc.ncbi.nlm.nih.gov/articles/PMC10680109/;https://acsi.cg/actualites/presentation-de-la-plateforme-denommee-systeme-integre-des-faits-detat-civil-sifec/,3,Low,no_year,No data year recorded - must be populated during verification.,,https://www.finances.gouv.cg/fr/articles/le-congo-franchit-une-%C3%A9tape-d%C3%A9cisive-dans-la-digitalisation-de-l%C3%A9tat-civil;https://www.finances.gouv.cg/fr/articles/cloture-travaux-SIFEC_200226;https://acsi.cg/actualites/presentation-de-la-plateforme-denommee-systeme-integre-des-faits-detat-civil-sifec/,"The originally cited World Bank rural birth-registration indicator and PMC article do not speak to facility-level digitisation and were superseded by fresher, more authoritative official sources. Two Ministry of Finance government articles and an ACSI (Agence Congolaise des Systemes d'Information) release, all dated 18-20 February 2026, confirm SIFEC completed its technical validation workshop but remains at the recommendation-validation stage pre-deployment, with participants explicitly requesting the human, material and financial resources needed to deploy it. No rural civil registry office is using it. Score of 1 (Entirely paper) confirmed and updated to the February 2026 evidence.",2026,high,"Rural civil registration offices in the Republic of Congo continue to record births, deaths and marriages on paper. The national digital civil registration platform, the Systeme Integre des Faits d'Etat Civil (SIFEC), developed by the Agence Congolaise des Systemes d'Information, completed a technical validation workshop in Brazzaville on 18-20 February 2026, but as of that date remains at the recommendation-validation stage, with participants calling for the human, material and financial resources needed for deployment. No rural rollout has occurred, so civil registration remains entirely paper-based at the facility level.",
COG,Republic of the Congo,Rural Digitalisation,Status of digitalisation of records in rural facilities,School,Status,The status of digital data capture in rural primary schools,1,Entirely paper,,"Republic of the Congo is developing an integrated EMIS as part of the GPE-funded TRESOR project (2024), including national strategy, legal framework, platform operationalization, yearbooks, and dashboards. Republic participates in AU/GPE KIX EMIS workshops (2024). UNESCO notes efforts to digitize primary education after prior EMIS non-functionality. No evidence of digital recording at rural primary school level (attendance, enrollment, grades); data collection likely paper-based at schools with aggregation/digital entry at higher levels. Fits ""predominantly paper with some digital (pilots, donor projects, or aggregate reporting).""",rural-school-status,3,https://documents1.worldbank.org/curated/en/099072224105580047/pdf/TF0C5564b1bf690d71bcb8130cedc821c69.pdf;https://www.iicba.unesco.org/fr/congo-republic;https://www.gpekix.org/news/education-management-information-systems-emis-heart-kix-objectives,3,Low,no_year,No data year recorded - must be populated during verification.,,https://www.globalpartnership.org/node/document/download?file=document%2Ffile%2F2024-07-program-document-republic-congo.pdf;https://www.globalpartnership.org/node/document/download?file=document%2Ffile%2F2024-06-congo_republic-itap-report.pdf;http://www.au.int/en/pressreleases/20260519/congo-moves-modernize-education-data-systems-au-iped,"The original comments concluded the row 'fits predominantly paper with some digital', which would correspond to code 2, yet the recorded Value Code was 1. The metadata guidance restricts this variable to facility-level data capture, excluding higher-level aggregation or dashboards. On that stricter facility-level test, no evidence of digital data capture in rural primary schools was found: the GPE TRESOR programme document and independent technical assessment (2024) describe a legal framework for EMIS only established in November 2023 and a strategy still under development, with data reliant on centrally compiled, donor-financed school directories rather than facility-level digital capture; the AU-IPED workshop of May 2026 confirms EMIS modernisation is still at the assessment stage. Score of 1 (Entirely paper) confirmed as correct for the facility level; the 'predominantly paper with some digital' framing in the prior comments referred to aggregate-level reporting, which is out of scope for this variable.",2026,medium,"Data capture in rural primary schools in the Republic of Congo remains paper-based at the facility level, with attendance, enrolment and grades recorded in paper registers. The government is developing an integrated Education Management Information System (EMIS) under the GPE-financed TRESOR programme, with the legal framework for the system only established in November 2023 (Decree No. 2023-1751) and the comprehensive EMIS strategy still under development. An independent technical assessment describes the enabling environment for education data as weak and fragile, relying heavily on donor-financed, centrally compiled school directories (annuaires scolaires) rather than facility-level digital capture. In May 2026 the African Union's Pan-African Institute for Education for Development held a workshop in Brazzaville to help the country assess and modernise its EMIS, confirming that digitisation of facility-level data capture, including in rural schools, has not yet occurred.",
COG,Republic of the Congo,Rural Digitalisation,Status of digitalisation of records in rural facilities,Police,Status,The status of digital data capture in rural police stations,0,Unknown,,"Extensive searches across web, academic papers, US State Department 2023 HR report, UNODC, and targeted queries for Congo-Brazzaville (Republic of the Congo) rural police stations yielded no specific evidence on how rural police record criminal cases or complaints. Reports highlight police abuses, corruption, and poor conditions in stations (mostly urban), but no mentions of digital case management, EMIS-like systems, or even paper vs. digital practices in rural areas. Congo's low development, poor rural infrastructure, and lack of documented reforms suggest paper-based if any, but genuinely no evidence found. Score 0: unknown.",rural-police-status,2,https://www.state.gov/wp-content/uploads/2024/02/528267_CONGO-REP-2023-HUMAN-RIGHTS-REPORT.pdf;https://www.afrobarometer.org/publication/ad841-citizens-in-congo-brazzaville-complain-about-police-corruption-lack-of-professionalism/;https://www.force-publique.net/wp-content/uploads/2024/02/2017-Congo-gb.pdf,3,Low,no_year,No data year recorded - must be populated during verification.,,https://www.state.gov/wp-content/uploads/2024/02/528267_CONGO-REP-2023-HUMAN-RIGHTS-REPORT.pdf;https://www.refworld.org/reference/annualreport/usdos/2017/en/116436;https://www.afrobarometer.org/publication/ad841-citizens-in-congo-brazzaville-complain-about-police-corruption-lack-of-professionalism/,"Re-checked all three originally cited sources plus fresh searches; none describe recordkeeping practices in rural police stations specifically. The State Department 2023 Human Rights Report and Afrobarometer material address corruption and public trust, not digitisation. An older (2016/2017) State Department report indicates the penitentiary system relied on non-computerised recordkeeping despite computer equipment being available in Brazzaville and Pointe-Noire, an urban, not rural, data point. A tertiary AI-aggregated source (Grokipedia) referencing a 2025 gendarmerie reorganisation law and a planned 'unified incident-reporting platform' was found but is not a primary or sufficiently authoritative source per our evidentiary standard and was not used to change the score. Unknown (0) confirmed: genuinely no evidence available on rural police station recordkeeping.",2024,low,"No authoritative evidence has been identified on how rural police stations in the Republic of Congo record cases or complaints, or on whether registers are paper-based or digital. Available reporting, including the US State Department's 2023 Human Rights Report and Afrobarometer surveys, addresses police corruption, abuse and public trust but does not describe recordkeeping practices, while earlier reporting on the penitentiary system indicates continued reliance on non-computerised recordkeeping in urban facilities despite the availability of computer equipment. No facility-level information specific to rural police stations is available.",
COM,Comoros,Rural Digitalisation,Status of digitalisation of records in rural facilities,Police,Status,The status of digital data capture in rural police stations,1,Entirely paper,,"Comoros rural police stations use entirely paper-based recording for case files, complaints, and incident reports. The 2014 Criminal Procedure Code mandates officers draft procès-verbaux (PVs) on-site for all investigations, statements, seizures, and garde à vue; PVs are signed per page, read aloud, and originals physically sent to prosecutors—no digital/electronic methods mentioned. No evidence of digital case management systems, pilots, or digitisation at station level found in national justice site, US State Dept HR reports (2023-2024), UNODC, or OC Index. Justice reforms focus on courts/IT equipment, not police. Francophone procedures confirm handwritten PVs standard in rural posts. Score 1 as paper-mandated, no rural digital evidence.",rural-police-status,2,https://justice.gouv.km/wp-content/uploads/2025/03/loi-du-22-decembre-2014-portant-code-de-procedure-penale.pdf;https://www.state.gov/reports/2023-country-reports-on-human-rights-practices/comoros;https://www.state.gov/reports/2024-country-reports-on-human-rights-practices/comoros,3,Low,no_year,No data year recorded - must be populated during verification.,,https://justice.gouv.km/wp-content/uploads/2025/03/loi-du-22-decembre-2014-portant-code-de-procedure-penale.pdf;https://justice.gouv.km/en/frequently-asked-questions/;https://www.6wresearch.com/industry-report/comoros-law-enforcement-software-market,"Confirmed. Original sources (2014 Criminal Procedure Code mandating paper procès-verbaux; US State Dept 2023/2024 HR reports) still apply; no evidence found of digitisation at rural police/gendarmerie station level. A 2025 market report on the Comorian law enforcement software market confirms no case-management or record-management software has yet been adopted nationally, stating that ""no specific policies have been enacted"" despite ongoing digital transformation initiatives. The Ministry of Justice FAQ page lists numerous rural gendarmerie posts (e.g. Koimbani, Foumbouni, Domoni, Pomoni) with no mention of digital systems. Score of 1 (Entirely paper) confirmed.",2025,medium,"Rural police and gendarmerie stations in Comoros record complaints, statements and case files entirely on paper. The 2014 Code of Criminal Procedure requires officers to draft handwritten procès-verbaux for all investigations, which are signed, read aloud and physically forwarded to prosecutors, with no digital or electronic alternative specified. No case-management or records software has been deployed at police or gendarmerie posts: a 2025 industry assessment of the Comorian law-enforcement software market notes that no specific digitisation policies have yet been enacted, notwithstanding a broader $10 million AfDB-backed digital government programme covering biometric identification and e-government portals. Rural gendarmerie brigades, including those at Koimbani, Foumbouni, Domoni and Pomoni, continue to operate without digital record-keeping at the point of service.",
COM,Comoros,Rural Digitalisation,Status of digitalisation of records in rural facilities,Registry,Status,The status of digital data capture in rural civil registry offices,1,Entirely paper,,"Rural registry offices in Comoros (prefectures and communes, many in rural areas) currently record births using paper-based état civil registers and forms, as indicated by historical records and lack of evidence for electronic entry at point of service.FamilySearch Wiki A 2016 ECA assessment placed Comoros in the lowest category (<35%) for digitization, infrastructure (35-49%), and processes, with regional trends showing most local offices paper-dependent and under-resourced.ECA Report No routine digital systems at rural facilities; completeness low due to rural inaccessibility. Recent developments include a 2023 law mandating computerization and 2026 validation of a nationwide digitization plan (Amecc, funded by France/UNICEF), responding to a 2022 assessment highlighting a ""largely manual"" system prone to errors and fraud. This remains a national ambition/pilot stage, not deployed at rural points of service.We Are Tech Africa Key barriers: poor infrastructure, limited HR/training, low digital maturity (esp. outer islands), underfunding. Gap: Policy pushes digital ID/CRVS interoperability, but rural reality is entirely paper-based with ad hoc efforts.",rural-registry-status,4,https://apai-crvs.uneca.org/sites/default/files/resourcefiles/report_on_the_status_of_civil_registration_and_vital_statistics_in_africa.pdf;https://www.wearetech.africa/en/fils-uk/news/tech/comoros-advances-digital-identity-reform-with-nationwide-registry-overhaul;https://www.familysearch.org/en/wiki/Comoros_Civil_Registration,3,Low,no_year,No data year recorded - must be populated during verification.,,https://www.wearetech.africa/en/fils-uk/news/tech/comoros-advances-digital-identity-reform-with-nationwide-registry-overhaul;https://www.lagazettedescomores.com/soci%C3%A9t%C3%A9/vers-un-%C3%A9tat-civil-num%C3%A9rique-moh%C3%A9li-ouvre-la-voie-%C3%A0-la-modernisation-nationale-.html;https://lagazettedescomores.com/soci%C3%A9t%C3%A9/vers-un-d%C3%A9cret-d%E2%80%99application-pour-l%E2%80%99agence-nationale-de-l%E2%80%99%C3%A9tat-civil-.html,"Confirmed and refreshed. The 2023 law (n°23-016/AU) mandating computerisation of civil registration remains at the planning stage: preparatory digitisation studies were only validated in Moroni and Mohéli between October 2025 and March 2026 under the AMECC programme (funded by France, with UNICEF technical support), and as of April-May 2026 the government is still drafting the implementing decree for a new National Civil Registration Agency (ANEC) and running capacity-building workshops for registry agents across the islands. No rural civil registry office is yet operating a digital system at point of service; the register remains ""largely manual"" per the 2022 assessment underpinning the reform. Original sources (APAI-CRVS Africa report, FamilySearch wiki) remain broadly consistent with this. Score of 1 (Entirely paper) confirmed, year updated to reflect the latest 2026 evidence.",2026,high,"Rural civil registry offices across Comoros' prefectures and communes continue to record births, deaths and marriages on paper état civil registers. A 2023 law (n°23-016/AU) mandates eventual computerisation of civil registration, and the government, through the AMECC programme funded by France with UNICEF technical support, validated preparatory digitisation studies in Moroni and Mohéli between October 2025 and March 2026, setting out plans for a unique Personal Identification Number and a new National Civil Registration Agency (ANEC). As of mid-2026 the reform remains at the planning and consultation stage, with implementing decrees still being drafted and agent training workshops under way across the islands; no rural registry office yet captures vital events digitally at the point of service. The reform responds to a 2022 assessment that described the existing system as largely manual and prone to errors, document loss and fraud.",
COM,Comoros,Rural Digitalisation,Status of digitalisation of records in rural facilities,School,Status,The status of digital data capture in rural primary schools,1,Entirely paper,,"Rural primary schools in Comoros predominantly use paper-based registers for administrative data, attendance, and learning outcomes. The national EMIS (SIGE) was designed to collect data from all schools but has been defunct since around 2018 due to funding shortages and complexity, relying on likely manual paper inputs aggregated centrally World Bank 2021 Assessment. Digital infrastructure is minimal: only 30.8% primary schools had computers (2017), 40.9% electricity (2017)/48.4% (2021), and 8% internet (2017)/21.4% (2021), with no rural-urban split but rural areas facing greater disparities in access and infrastructure UNESCO SDG4 Profile. Recent national digital platforms like e-Msomo (launched ~2025, for student records/grades/staff mgmt) and E-Shiyo (online textbooks) exist, supported by UNICEF/ANADEN, but no evidence of routine use at rural point-of-service; low connectivity (35.7% national internet) and hardware limits rollout to pilots or urban. Key barriers: poor infrastructure, electricity/internet deficits, budget dominated by salaries (96-99%), cyclones disrupting data. National ambitions (e.g., digital strategy 2028) outpace rural reality, where paper remains default.",rural-school-status,3,https://documents1.worldbank.org/curated/en/099625012152115623/pdf/P17443203a278e060b1b607154998bf331.pdf;https://download.uis.unesco.org/SDG4/SDG4-Profile-Comoros.pdf;https://www.e-msomo.com,3,Low,no_year,No data year recorded - must be populated during verification.,,https://lagazettedescomores.com/soci%C3%A9t%C3%A9/digitalisation-de-l%E2%80%99enseignement-les-comores-passent-%C3%A0-l%E2%80%99%C3%A8re-du-num%C3%A9rique-avec-e-msomo-et-e-shiyo-.html;https://www.africa-press.net/comores/toutes-les-actualites/bulletins-uniques-accordent-periode-probatoire;https://download.uis.unesco.org/SDG4/SDG4-Profile-Comoros.pdf,"Confirmed, with a caveat flagged for review. Original sources (defunct SIGE EMIS, UNESCO 2017/2021 infrastructure data) still describe minimal ICT access in schools. However, fresh reporting shows the Ministry of Education/ANADEN launched e-Msomo (grade entry, automated report cards) and e-Shiyo (digital textbooks for pre-primary/primary pupils) nationally in June 2025, with e-Msomo reported at around 95% of secondary schools registered by February 2026, including named rural collèges (Domoni, Mboueni) actively entering grades, alongside continued technical and adoption problems (platform migrations, delayed report cards, teacher training gaps). Evidence on uptake within primary schools specifically (as opposed to collèges/lycées) is thin, so it is unclear whether rural PRIMARY schools - the scope of this variable - have moved meaningfully beyond paper registers for day-to-day data capture. Score kept at 1 (Entirely paper) but flagged for human review given the pace of the e-Msomo/e-Shiyo rollout and the risk that this variable now understates the primary-school picture.",2026,medium,"Rural primary schools in Comoros continue to rely on paper-based registers for attendance, grades and administrative records. The national EMIS (SIGE) has been defunct since around 2018, and UNESCO data show only limited ICT infrastructure in primary schools (electricity access around 48%, internet access around 21% as of 2021), with rural schools facing the greatest disparities in access. The Ministry of Education and the National Agency for Digital Development (ANADEN) launched two national digital platforms in June 2025: e-Msomo, for online grade entry, automated report cards and unique student identifiers, and e-Shiyo, a digital textbook library for pre-primary and primary pupils. By early 2026 the ministry reported the large majority of secondary schools registered on e-Msomo, including some rural collèges, though rollout has been accompanied by technical disruptions and uneven teacher readiness. Uptake specifically within rural primary schools remains unconfirmed, and low national internet penetration (around 36%) together with device shortages continues to constrain rollout beyond pilot and secondary-level sites, leaving paper as the default at the point of service for most rural primary schools.",human_review
COM,Comoros,Rural Digitalisation,Status of digitalisation of records in rural facilities,Clinic,Status,The status of digital data capture in rural primary healthcare clinics,2,Mostly paper -  some digital,,"Rural clinics in Comoros transitioned from paper-based stock and service reporting to DHIS2, used by 99% of public facilities including primaries. 2024 World Bank-funded eLMIS digitized stock management at 78% of 74 facilities via Android RTS tool, replacing handwritten records and enabling real-time data (previously weeks for aggregation) DHIS2. WB COMPASS (2019) notes HMIS DHIS2 upgrade ongoing, but PBF verifies against paper registries/cards; only 14% facilities have computers World Bank. No EMR/patient records found; likely paper at clinic level, digitized aggregates later. Score 2: Predominantly paper, some digital via DHIS2 pilots/projects.",rural-clinic-status,1,https://dhis2.org/supply-chain-management-dhis2-open-msupply-comoros/;https://documents1.worldbank.org/curated/en/988861560788593578/pdf/Comoros-Comprehensive-Approach-to-Health-System-Strengthening-Project.pdf;https://pmc.ncbi.nlm.nih.gov/articles/PMC8378088/,3,Low,no_year,No data year recorded - must be populated during verification.,,https://dhis2.org/supply-chain-management-dhis2-open-msupply-comoros/;https://documents1.worldbank.org/curated/en/988861560788593578/pdf/Comoros-Comprehensive-Approach-to-Health-System-Strengthening-Project.pdf;https://core-mis.org/blog/advancing-universal-health-coverage-comoros-openimis,"Confirmed and refreshed. DHIS2 remains used by around 99% of public facilities for aggregate health-service reporting, and a 2024 World Bank-funded eLMIS project (using the DHIS2 Real-Time Stock Management tool on Android) had digitised stock-management transactions at 78% of the country's 74 facilities by November 2025, replacing handwritten stock ledgers. A new openIMIS-based health insurance platform (Assurance Maladie Généralisée, AMG) began piloting from December 2025 in Mohéli, digitising enrolment and claims data for around 318,000 people, but this is an insurance/administrative layer rather than clinical record capture at the point of care. No evidence of electronic medical or patient records at rural clinic level was found; routine clinical data capture (consultations, patient notes) remains paper-based, with digital tools confined to stock management, aggregate reporting and, from late 2025, insurance enrolment. Score of 2 (Mostly paper - some digital) confirmed.",2025,high,"Rural primary healthcare clinics in Comoros record most day-to-day clinical data, such as patient consultations and treatment notes, on paper, but several digital layers now operate alongside this. Almost all public health facilities (around 99%) use DHIS2 for routine health-service reporting, and a World Bank-funded eLMIS project introduced an Android-based Real-Time Stock tool in 2024 that had digitised stock-management transactions at 78% of the country's 74 facilities by November 2025, replacing handwritten stock ledgers. From December 2025 a pilot of the openIMIS-based Assurance Maladie Généralisée (AMG) health insurance platform began enrolling beneficiaries and processing claims in Mohéli. These initiatives digitise supply-chain, reporting and insurance data, but there is no evidence of electronic patient records or clinical data capture at the point of care, so clinics remain predominantly paper-based with meaningful but partial digital elements.",
CPV,Cabo Verde,Rural Digitalisation,Status of digitalisation of records in rural facilities,Clinic,Status,The status of digital data capture in rural primary healthcare clinics,1,Entirely paper,,"Cabo Verde has implemented DHIS2 for health management information system, including trackers for 18 programs (WHO AFRO-funded) and used for COVID surveillance/vaccines, indicating aggregate digital reporting from facilities including rural island clinics DHIS2 Community Forum, DIAL Exchange. WHO CCS 2024-2028 prioritizes strengthening digital health, modernizing HIS/DHIS2, but notes challenges in data timeliness/quality and lack of integrated digital strategy; no evidence of EMR or digital patient records (registers, prescriptions) at primary/rural clinics WHO CCS. Rural clinics likely use paper records with aggregate entry at higher levels, fitting score 2 (predominantly paper, some digital aggregate/pilots). No paper-specific confirmation found, but absence of EMR evidence in advanced system supports this over higher scores.",rural-clinic-status,1,https://community.dhis2.org/t/realistic-dhis2-implementation-timeline/64021;https://exchange.dial.global/projects/cape-verde-dhis2-for-covid19-surveillance-cabo-verde;https://www.afro.who.int/sites/default/files/2025-09/CCSCaboVerde-eng.pdf,3,Low,no_year,No data year recorded - must be populated during verification.,2,https://backend-ugpe.gov.cv/wp-content/uploads/2023/05/ToR-TA-FOR-THE-UPGRADE-OF-THE-HEALTH-INFORMATION.pdf;https://www.afro.who.int/sites/default/files/2026-06/EN_Results_of_techinical_cooperation_WHO_CPV%20%28v2.0%29.pdf;https://www.balai.cv/noticias/ministro-da-saude-aponta-avanco-da-digitalizacao-do-sistema-nacional-de-saude/;https://www.brava.news/cabo-verde-investira-em-telemedicina-e-inteligencia-artificial-para-modernizar-sistema-de-saude,"Original cited sources (DHIS2 forum thread, DIAL project page, WHO Country Cooperation Strategy) confirm only aggregate/programme-level digital reporting via DHIS2, consistent with a facility-level paper baseline; the row's own Comments text argued for score 2 while Value Code was recorded as 1, an internal inconsistency. A 2023 Ministry of Health TOR document explicitly states the single-patient digital record (M1) is used only in Praia health facilities, not on the rural islands, while DHIS2 nationwide is aggregate-only - directly supporting a facility-level paper baseline outside the capital. However, fresh evidence of an active national telemedicine programme (24 units delivered by December 2025, per Balai.cv and Brava.news reporting from April and December 2025) shows island/rural clinics now digitally capturing and transmitting diagnostic images (X-ray, ECG, ultrasound), which is genuine facility-level digital data capture beyond mere aggregate reporting. This supports moving the score up one band to 2 (Mostly paper - some digital) rather than confirming 1.",2025,medium,"Cabo Verde's health information system remains only partially digitised at the point of care. A 2023 Ministry of Health technical assessment confirms that the single digital patient record application (M1) is used exclusively in health facilities in the capital, Praia, while DHIS2 is used nationwide but only for aggregate and programme-level reporting rather than primary clinical data capture. The National Digital Health Strategy 2024-2034 and a WHO-supported assessment place the health information system at roughly 55% maturity, and the government has since rolled out telemedicine units (24 delivered by December 2025) enabling digital transmission of X-rays, ECGs and ultrasound images between island clinics and central hospitals. Rural clinics therefore continue to rely predominantly on paper-based patient records, supplemented by a growing but still limited set of digital tools for diagnostics and aggregate reporting.",
CPV,Cabo Verde,Rural Digitalisation,Status of digitalisation of records in rural facilities,Police,Status,The status of digital data capture in rural police stations,1,Entirely paper,,"No specific evidence found of digital recording of case files, complaints, or incident reports at rural police stations/posts. National Police has regional commands and posts on rural islands (e.g., Santo Antão, Fogo). Recent SIJ judicial system (2026) integrates police with courts for process tracking but focuses on court-level digitalisation, not initial station recording. US State Dept HR reports and UNODC training mention no station-level digital tools. General gov digital push exists, but rural police likely use paper for initial data collection, consistent with many African countries absent contrary evidence. Score 1 as broad paper use indicated.",rural-police-status,2,https://www.state.gov/wp-content/uploads/2025/07/624521_CABO-VERDE-2024-HUMAN-RIGHTS-REPORT.pdf;https://terranova.cv/pt_PT/cabo-verde-lanca-sistema-digital-para-modernizar-funcionamento-da-justica/;https://en.wikipedia.org/wiki/Law_enforcement_in_Cape_Verde,3,Low,no_year,No data year recorded - must be populated during verification.,3,https://imij.gov.cv/;https://justica.gov.cv/w/nosi-entrega-sistema-de-informa%C3%A7%C3%A3o-da-justi%C3%A7a-penal;https://terranova.cv/pt_PT/cabo-verde-lanca-sistema-digital-para-modernizar-funcionamento-da-justica/,"The cited US State Department human rights report URL returned a dead/forbidden link and could not be verified. The remaining cited sources (Terra Nova, Wikipedia) describe only the court-level launch of the SIJ system and general police organisation, not facility-level digitisation, so the original score of 1 was reasonably cautious given what was cited. However, subsequent official reporting from the Instituto da Modernização e Inovação da Justiça (IMIJ, a government body) and the justica.gov.cv portal, dated March-May 2026, states explicitly that the SIJ platform is now integrated with National Police stations and Judicial Police delegations, that complaint handling is 'essentially digital, from the police to the courts', and that the system is operational in 14 of the country's judicial comarcas (covering most islands/municipalities), with only the small island of Brava still pending due to local network infrastructure. This is authoritative, current, and specific enough to justify raising the score from 1 to 3, since digital case data capture now appears to reach the great majority of rural/island police stations, short of full nationwide (target 2027) coverage.",2026,high,"Cabo Verde's Sistema de Informacao da Justica (SIJ), launched in January 2025 by the Nucleo Operacional da Sociedade de Informacao (NOSi) and the Instituto da Modernizacao e Inovacao da Justica (IMIJ), integrates National Police stations and Judicial Police delegations directly with the courts, giving each criminal case a unique digital reference number. By May 2026 the platform is operational in 14 of the country's judicial comarcas, covering the great majority of islands and municipalities, with only the small island comarca of Brava awaiting full integration pending local network upgrades. Official reporting states that complaint handling is now 'essentially digital, from the police to the courts', with roughly 25,000 police reports and over 18,000 cases processed digitally to date. Rural and island police stations therefore now capture and transmit case data digitally across most of the country, though a residual paper-based process persists in the least-connected areas and full nationwide coverage, targeted for 2027, is not yet complete.",
CPV,Cabo Verde,Rural Digitalisation,Status of digitalisation of records in rural facilities,Registry,Status,The status of digital data capture in rural civil registry offices,3,Mostly digital - some paper,,"Cabo Verde has one of Africa's most robust CRVS systems, with nearly 100% death certification by doctors and significant integration of information systems for vital statistics. WHO assessment highlights progress in CRVS, with recommendations for real-time digitization and IT reinforcement, indicating predominantly digital operations with some paper elements. National SNIAC system coordinates civil identification and registration, providing electronic authentication, digital signatures, and integration with health, education, etc. Government sites mention online requests for certificates via portals like Porton di Nos Ilha and consular platforms (100% digital processes). High birth registration completeness (~91% per World Bank). No explicit rural-specific evidence found, but centralized digital infrastructure (SNIAC aims for national coverage including diaspora) suggests rural registry points use digital systems, though initial recording may involve paper in remote areas. Score 3 as predominantly digital nationally, with ongoing digitization.",rural-registry-status,4,https://www.afro.who.int/countries/cabo-verde/news/cabo-verde-takes-historic-step-mortality-management-support-who-and-portuguese-cooperation;https://www.worldbank.org/en/news/feature/2024/10/23/afw-digital-transformation-in-cabo-verde-the-new-horizon;https://justica.gov.cv/dgrni;https://justica.gov.cv/sniac,4,Low,no_year,No data year recorded - must be populated during verification.,,https://portalconsular.mnec.gov.cv/documents/20126/0/Lei+n%C2%BA+43-VIII-2013++-++Cria+e+Regula+SNIAC.pdf/1797d9e3-d283-7e09-d86c-829e5ab6f978;https://www.afro.who.int/countries/cabo-verde/news/cabo-verde-takes-historic-step-mortality-management-support-who-and-portuguese-cooperation;https://www.worldbank.org/en/news/feature/2024/10/23/afw-digital-transformation-in-cabo-verde-the-new-horizon;https://sniac.cv/infraestrutura/,"All four originally cited sources were fetched and are genuine and relevant, though none give rural-specific detail, as the row itself acknowledged. The founding law of SNIAC (Law 43/VIII/2013) confirms that civil registry offices (conservatorias do registo civil) nationwide are the designated digital collection points for biographic and biometric data, including a mobile registration service for citizens unable to travel to a fixed office, which supports genuinely national (not just capital-based) digital data capture at registry level. A May 2025 WHO-supported assessment corroborates this as one of the strongest CRVS systems in Africa, while still recommending further real-time digitisation of notifications, indicating the system is not yet entirely digital. The evidence supports confirming the existing score of 3 rather than promoting to the top of the scale, since gaps in real-time notification (particularly for deaths outside hospitals) remain documented as recently as 2025.",2025,medium,"Cabo Verde's civil registry offices (conservatorias do registo civil) function as designated collection points for the Sistema Nacional de Identificacao e Autenticacao Civil (SNIAC), a centralised digital platform established by Law 43/VIII/2013 that captures biographic and biometric data for births, deaths, marriages and other vital events directly at the point of registration, including via mobile registration units for citizens unable to travel. A May 2025 WHO-supported national assessment describes Cabo Verde's civil registration and vital statistics system as one of the most robust in Africa, with almost 100% of deaths certified by a doctor, while recommending further work on real-time digitisation of notifications and IT reinforcement, particularly for death registration outside the main hospitals. This indicates that registry offices, including those on the smaller and more rural islands, operate on a predominantly digital basis, with residual manual steps in notification and reporting rather than in core data capture.",
CPV,Cabo Verde,Rural Digitalisation,Status of digitalisation of records in rural facilities,School,Status,The status of digital data capture in rural primary schools,3,Mostly digital - some paper,,"Rural primary schools in Cabo Verde use the SIGE (Sistema Integrado de Gestão Escolar), a digital platform rolled out nationally by 2019 to all 395 basic education schools, including rural ones across the territory, for recording attendance, grades, administrative data, and enabling online parental access. This indicates digital systems are standard at point of service for admin and attendance. National EMIS/SIGE supports evidence-based decisions with real-time data. Digital initiatives like computer distribution to all basic schools (2021) and WebLabs enhance capacity. However, rural-urban gaps persist in internet access, device ownership, and connectivity (Afrobarometer 2020; World Bank 2020), with some reliance on printed materials in low-coverage areas during COVID, suggesting some paper processes remain. Barriers include infrastructure disparities and digital literacy. National policy via SIGE achieves majority digital use at rural facilities, but full rollout challenges yield score 3.",rural-school-status,5,https://minedu.gov.cv/recursos_educativossigemenu;https://www.iicba.unesco.org/en/cabo-verde;https://education-profiles.org/sub-saharan-africa/cabo-verde/~technology;https://documents1.worldbank.org/curated/en/933721603977574627/pdf/Cabo-Verde-Digital-Cabo-Verde-Project.pdf;https://www.afrobarometer.org/articles/many-cabo-verdeans-have-access-e-learning-devices-rural-urban-and-poverty-gaps-persist/,5,Low,no_year,No data year recorded - must be populated during verification.,,https://minedu.gov.cv/recursos_educativossigemenu;https://www.afrobarometer.org/articles/many-cabo-verdeans-have-access-e-learning-devices-rural-urban-and-poverty-gaps-persist/;https://www.worldbank.org/en/news/feature/2024/10/23/afw-digital-transformation-in-cabo-verde-the-new-horizon,"The Ministry of Education's own SIGE portal confirms nationwide completion of the platform's rollout to all 395 basic education schools by February 2019 (after all 43 secondary schools in 2018), used at school level for attendance, grades and administrative records with a parent-facing online dossier. This is clear, authoritative, facility-level evidence and corroborates the original score. It was considered whether this now supports the scale's top code (Entirely digital), but the evidence does not confirm that paper has been eliminated at the facility (e.g. attendance backups, exercise books, connectivity-driven fallback in the least-served islands), and the Afrobarometer survey continues to document a material rural-urban gap in device ownership and internet access that plausibly affects consistency of digital engagement in the most remote schools. The score is therefore confirmed at 3 rather than promoted to 4.",2019,medium,"Cabo Verde's Sistema Integrado de Gestao Escolar (SIGE), developed by NOSi with the Ministry of Education, was rolled out to all 395 basic education schools nationwide by February 2019 (following completion in all 43 secondary schools in 2018), and is used at school level to record attendance, grades and administrative data, with a parent-facing portal ('Dossier do Aluno') accessible via the Porton di Nos Ilha government portal. This represents comprehensive digital data capture at the point of service across the school network, including rural islands. Afrobarometer survey data nonetheless show that rural and lower-income households have less reliable device ownership and internet access than urban households, a gap that can affect the consistency of digital engagement, for example during remote or e-learning provision, even where the school's own administrative system is digitised.",
DJI,Djibouti,Rural Digitalisation,Status of digitalisation of records in rural facilities,Clinic,Status,The status of digital data capture in rural primary healthcare clinics,1,Entirely paper,,"Djibouti's rural primary health centres (38 facilities) operate in a pyramidal system. No evidence found of EMR or digital patient records/registers/prescriptions at clinic level. Djibouti uses DHIS2 for HMIS, with recent IGAD digital equipment donations to districts/HIS. World Bank Health Strengthening Project reports 84% facilities with DHIS2 data entry; some enter directly, others use paper and submit immediately; manual disaggregated data collection noted. Indicates predominant paper-based recording at rural clinics with aggregate digital entry (some direct), fitting score 2. Lacks rural-specific data but general facility mix and absence of EMR evidence supports this over 1 or 3. World Bank ISR, IGAD, WHO EMRO private health",rural-clinic-status,1,https://documents1.worldbank.org/curated/en/099102225172035856/pdf/P178033-79193a4a-bd86-4d36-b863-cdbc43bde6c7.pdf;https://igad.int/igad-hands-over-digital-health-equipment-to-djiboutis-ministry-of-health/;https://applications.emro.who.int/docs/9789292742102-eng.pdf,3,Low,no_year,No data year recorded - must be populated during verification.,,https://reliefweb.int/attachments/73a027b7-f448-4206-b77e-de3b9e776335/241212%20UNICEF%20MENARO%20Country%20Brief%20Djibouti%20English.pdf.pdf;https://sante.gouv.dj/article/61;https://igad.int/igad-hands-over-digital-health-equipment-to-djiboutis-ministry-of-health/;https://documents1.worldbank.org/curated/en/099102225172035856/pdf/P178033-79193a4a-bd86-4d36-b863-cdbc43bde6c7.pdf,"Original Value Code (1, Entirely paper) is confirmed. The Comments field itself argued for a score of 2 based on a World Bank ISR reference to '84% facilities with DHIS2 data entry', but this appears to describe data availability at district/regional HIS level rather than capture at the point of care. A more specific and recent source, UNICEF's MENARO Djibouti country brief (December 2024), states explicitly that although DHIS2 has the technical capacity to include community-level data, this integration 'has not yet' occurred, that there are 'no community indicators and tools for collecting community data', and that plans to deploy medical secretaries for electronic data entry are a future step, not current practice. IGAD's December 2024 digital equipment handover targeted district health offices and HMIS/HIS units, not primary clinics themselves. On the balance of evidence, facility-level data capture in rural clinics remains paper-based, with digitisation occurring only once data is aggregated above facility level. Score of 1 confirmed.",2024,high,"Djibouti operates a pyramidal health system in which the Ministry of Health's DHIS2 platform serves as the national health management information system, aggregating routine data reported from health facilities. As of late 2024, DHIS2 does not yet incorporate data collection at community or primary-clinic level: a UNICEF regional country brief records that despite DHIS2's technical capacity for community-level data, this integration has not been implemented, and no community-level indicators or digital collection tools are currently in use at the point of care. Plans to introduce medical secretaries for electronic data entry, and a December 2024 donation of digital equipment from IGAD to district health offices and health information system units, point to future strengthening of the system at district and regional level rather than at the primary clinic itself. Data capture in Djibouti's rural primary healthcare clinics therefore continues to rely on paper registers and records, which are subsequently compiled and entered into DHIS2 at a higher administrative level.",
DJI,Djibouti,Rural Digitalisation,Status of digitalisation of records in rural facilities,Police,Status,The status of digital data capture in rural police stations,1,Entirely paper,,"Rural police stations in Djibouti are managed by the National Gendarmerie, responsible for security outside Djibouti City. No evidence found of digital case management, incident reports, or complaints recording at rural facilities. Djiboutian law mandates handwritten procès-verbaux (police reports) and registers for garde à vue in police and gendarmerie stations, indicating paper-based initial recording. US State Dept 2020 HR report notes records digitalization only in certain urban National Police precincts (phased implementation), aimed at tracking arrestees; no mention for gendarmerie or rural areas. Police response slow, resources limited per OSAC reports. Casier judiciaire (criminal records) issued manually by Ministry of Justice. Recent digital initiatives (e.g., 2025 Digital Code, mobile ID) focus on public services/ID, not police case files. In francophone Africa, rural stations typically use paper procès-verbaux. Thus, predominantly paper at rural level, with possible urban digitization pilots.",rural-police-status,2,https://www.state.gov/wp-content/uploads/2021/10/DJIBOUTI-2020-HUMAN-RIGHTS-REPORT.pdf;https://www.journalofficiel.dj/texte-juridique/loi-n30-78-portant-sur-la-garde-a-vue/;https://www.osac.gov/Content/Report/85c702b3-caa5-4490-8fdb-1d1697d44b6f,3,Low,no_year,No data year recorded - must be populated during verification.,,https://www.6wresearch.com/industry-report/djibouti-law-enforcement-software-market;https://www.osac.gov/Content/Report/85c702b3-caa5-4490-8fdb-1d1697d44b6f;https://www.civipol.fr/fr/appel-d-offres/supply-cis-and-video-equipment-national-judicial-and-police-authorities-djibouti;https://www.journalofficiel.dj/texte-juridique/loi-n30-78-portant-sur-la-garde-a-vue/,"Original Value Code (1, Entirely paper) confirmed. The original State Department PDF citation was inaccessible (site error) but its finding is consistent with newer sources: a 2025 market analysis of Djibouti's law enforcement software sector describes limited government investment and adoption of digital case-management, records-management or dispatch systems nationally, constrained by cost and local technical capacity. A September 2024 EU/Civipol procurement to supply laptops, tablets and servers to Djiboutian police and judicial authorities is targeted at specialised anti-trafficking/migration investigation units, not routine rural gendarmerie station operations, and in any case represents equipment procurement rather than deployed, in-use systems. No evidence found of digital case files, incident registers or complaints systems in use at rural stations. Score of 1 confirmed.",2025,medium,"Rural policing in Djibouti falls under the National Gendarmerie, which is legally required to record procès-verbaux and garde-à-vue registers by hand. A 2025 industry assessment of Djibouti's law enforcement software market finds adoption of case-management, records-management and dispatch software still limited nationally, constrained by cost, infrastructure and local technical capacity, with most available solutions imported rather than deployed at scale. A 2024 donor-funded procurement of laptops, tablets and servers for police and judicial authorities is directed at specialised anti-trafficking investigation units rather than general rural station operations. Data capture in rural police and gendarmerie stations accordingly remains paper-based, with any digitisation confined to specific specialised or urban units.",
DJI,Djibouti,Rural Digitalisation,Status of digitalisation of records in rural facilities,Registry,Status,The status of digital data capture in rural civil registry offices,1,Entirely paper,,"Djibouti rural registry offices (interior regions: Tadjourah, Obock, Dikhil, Ali-Sabieh, Arta) record vital events in paper registers with no computers or internet (~2013 WHO assessment). Monthly stats sent physically to central. Low rural coverage (20%), poor access. Urban areas have databases for hospital births. 2019 RNPP biometric ID system assigns NNI to those in civil registries, implying paper data entry at higher levels later. No evidence of rural digital recording or pilots; plans for computers (2013) unconfirmed in recent sources. Thus, rural facilities entirely paper-based.",rural-registry-status,4,https://www.emro.who.int/images/stories/crvs/documents/djibouti.pdf?ua=1;https://numerique.gouv.dj/Articles/detailArticleAvancee/15;https://data.unicef.org/crvs/djibouti/,3,Low,no_year,No data year recorded - must be populated during verification.,,https://villededjibouti.dj/actualite2.php?id=31;https://data.unicef.org/crvs/djibouti/;https://numerique.gouv.dj/Articles/detailArticleAvancee/15,"Original Value Code (1, Entirely paper) confirmed. The WHO EMRO CRVS document cited originally could not be retrieved (repeated timeout) so was not re-verified; UNICEF's CRVS country profile for Djibouti (fieldwork 2016-17, still the most detailed public account) records registration processing as 'manually (on paper)'. A 2024 article from the Ville de Djibouti confirms the capital operates a computerised civil status management system (SIGEC) since 2011 and commissioned an international diagnostic of it in April 2024, but this system is explicitly municipal/urban in scope. No evidence was found of an equivalent computerised system in the five interior regional prefectures (Tadjourah, Obock, Dikhil, Ali-Sabieh, Arta). The 2019 RNPP law centralises identity data nationally but operates above the level of the local registrar's office and does not itself digitise data capture at the counter. Score of 1 confirmed for rural registry offices specifically.",2024,medium,"Civil registration in Djibouti's interior regions is carried out at prefecture-level registrar's offices using handwritten paper registers, with statistics forwarded physically to the central civil status administration. By contrast, the capital, Djibouti-Ville, has operated a computerised civil status management system (SIGEC) since 2011 and in 2024 commissioned an international expert diagnostic of this system with a view to modernisation and improved data security, an initiative confined to the municipality rather than the interior regions. No comparable computerised registration system has been documented for the rural prefectures, and national civil registration processing outside the capital is recorded as manual. The 2019 law establishing the biometric National Population Register (RNPP) centralises identity data at national level but does not digitise data capture at rural civil registry counters.",
DJI,Djibouti,Rural Digitalisation,Status of digitalisation of records in rural facilities,School,Status,The status of digital data capture in rural primary schools,1,Entirely paper,,"Rural primary schools in Djibouti use the OPAD digital application for data collection on administrative metrics like enrollment and outcomes, as per World Bank analysis. However, data is manually re-entered centrally due to system incompatibilities, causing 7-month delays in reporting. This suggests digital tools exist at point-of-service but are not fully integrated or reliable for routine use. No specific evidence confirms daily attendance or learning outcomes are recorded digitally at rural facilities; traditional paper registers likely persist alongside apps for aggregate reporting. EMIS supports national statistical yearbooks via the Ministry's Planning Department, but rural schools (avg. 120 students, smaller than urban 527) face infrastructure barriers like poor connectivity, electricity, and ICT skills, as inferred from general reports. World Bank project (2019) aims to modernize EMIS with real-time portals and student tracking, prioritizing urban rollout before 60-70% rural coverage, indicating current predominant paper with emerging digital pilots. Key barriers: technical incompatibilities, limited training, rural access issues. National EMIS ambition contrasts with rural reality of partial digitization focused on aggregation, not point-of-care recording. Score 2 reflects isolated digital use for reporting, not standard at most rural sites.",rural-school-status,3,https://www.iicba.unesco.org/en/djibouti;https://documents1.worldbank.org/curated/en/605651570154537746/pdf/Djibouti-Expanding-Opportunities-for-Learning-Project.pdf;https://oxfordbusinessgroup.com/reports/djibouti/2023-report/health-education/greater-reach-progress-is-being-made-to-make-education-more-accessible-nationwide-in-both-rural-and-urban-areas-overview/,3,Low,no_year,No data year recorded - must be populated during verification.,2,https://documents1.worldbank.org/curated/en/605651570154537746/pdf/Djibouti-Expanding-Opportunities-for-Learning-Project.pdf;https://dj.usembassy.gov/usaid-tool-for-monitoring-and-strengthening-teaching-practices-adopted-by-djiboutis-educational-system/;https://www.globalpartnership.org/blog/djibouti-transforming-education-build-its-human-capital;https://oxfordbusinessgroup.com/reports/djibouti/2023-report/health-education/greater-reach-progress-is-being-made-to-make-education-more-accessible-nationwide-in-both-rural-and-urban-areas-overview/,"Original Value Code (1, Entirely paper) is revised to 2 (Mostly paper - some digital) to align with the evidence, which the Comments field itself had already concluded pointed to a score of 2. The World Bank's 2019 Project Appraisal Document confirms school directors enter administrative data directly through the OPAD digital application at facility level, even though MENFOP subsequently re-keys this data centrally due to system incompatibility. A July 2024 USAID article confirms a tablet-based classroom observation tool, developed with FHI360, has been made mandatory nationwide for primary school inspections, with data transmitted directly to a central dashboard from the classroom. Both represent genuine digital data capture occurring at the facility, alongside continued paper-based record keeping for most routine functions (attendance, grades). A January 2024 Global Partnership for Education blog confirms a broader digital EMIS with unique student identifiers is still 'gradually being developed', i.e. not yet in general use. No rural-specific figures were found, so the assessment relies on general national practice; rural connectivity, electricity and ICT skills constraints (noted in the Oxford Business Group 2023 report) likely slow adoption relative to urban schools, supporting 'mostly paper' rather than 'mostly digital'.",2024,medium,"Djibouti's primary schools use the OPAD (outil de pilotage d'aide à la décision) application, through which school directors enter enrolment and administrative data directly at facility level, and since 2024 a USAID-supported, tablet-based classroom observation tool has been made mandatory nationwide, with pedagogical advisors recording observations directly into a central dashboard during school visits. These represent genuine point-of-service digital data capture, but routine pupil records such as attendance and grades continue to be kept mainly on paper, and the Ministry of National Education and Vocational Training's broader digital education management platform, which will introduce unique student identifiers, remains at an early stage of development. Rural schools face additional constraints from limited connectivity, electricity supply and ICT skills relative to urban schools, which is likely to slow the pace of adoption. Overall, digital tools are used for specific functions at rural school facilities, while paper remains the predominant medium for day-to-day record keeping.",
DZA,Algeria,Rural Digitalisation,Status of digitalisation of records in rural facilities,Clinic,Status,The status of digital data capture in rural primary healthcare clinics,1,Entirely paper,,"Rural primary healthcare clinics in Algeria predominantly use paper-based records. Recent analyses (2026) describe public hospitals, including those in rural/southern regions, as largely reliant on handwritten patient folders and notes, with no EHRs at facility level.LinkedIn analysis by health expert. Digital initiatives like DEM.DZ EMR and digital hospitals exist but are pilots (e.g., Annaba wilaya) or hospital-focused, not rolled out to rural clinics.ASJP digital transformation paper. A 2025 rural village study shows low utilization of local primary care due to lack of comprehensive services, with no mention of digital tools.PMC rural access study. DHIS2 listed in old forums but unconfirmed for Algeria; likely aggregate HMIS, not facility-level digital recording. National digital plans aim for zero-paper but rural facilities lag, indicating entirely paper-based at clinics with possible later digitization at higher levels.",rural-clinic-status,1,https://www.linkedin.com/posts/sengwiss_why-algeria-cant-afford-to-keep-its-public-activity-7415122216939548672-slja;https://asjp.cerist.dz/en/downArticle/311/10/1/277781;https://pmc.ncbi.nlm.nih.gov/articles/PMC12641105/,3,Low,no_year,No data year recorded - must be populated during verification.,,https://algeriatech.news/fr/algeria-healthtech-startups-digital-health-wave-2026-fr/;https://lalgerieaujourdhui.dz/sante-la-numerisation-franchit-une-nouvelle-etape/;https://www.linkedin.com/posts/sengwiss_why-algeria-cant-afford-to-keep-its-public-activity-7415122216939548672-slja,"Original cited LinkedIn post is accessible and supports the score; the ASJP paper could not be fetched (crawl error) and the PMC study was blocked by a bot-check, so both are treated as unverified rather than confirmed. Fresh searches (2025-2026) confirm rural/primary-care level patient record capture remains overwhelmingly paper-based: an April/May 2026 healthtech market analysis states Algeria's population is served by a health system running 'almost entirely on paper records', with private practitioners (who commonly provide rural primary care) using cardboard folders, handwritten appointment books and photocopied prescriptions. The Ministry of Health's national Dossier Electronique du Patient (DEP) was described as only 'planned for end of 2025' in an October 2025 report and remains a hospital/emergency-care-led rollout that has not reached rural primary clinics. Earlier ministry claims of 90%+ 'digitalisation' of health establishments by mid-2024 appear to describe administrative/connectivity metrics rather than facility-level clinical data capture, and are contradicted by more granular reporting through 2026. Score of 1 (Entirely paper) is confirmed.",2026,medium,"Data capture in Algeria's rural primary healthcare clinics remains overwhelmingly paper-based. Patient records are typically kept in folders and handwritten notes, appointment books are paper-based, and no electronic health record system operates at facility level in the great majority of rural clinics. The government's national Dossier Electronique du Patient initiative, intended to replace paper files with a centralised digital record, was still in the planning and early-rollout phase into 2026, with ministerial calls that spring for 'large-scale digitisation' of the hospital system underscoring that most facilities, including rural and southern clinics, have not yet transitioned to digital record capture. A small and growing number of private clinics use commercial electronic medical record software, but this is not representative of rural primary care provision.",
DZA,Algeria,Rural Digitalisation,Status of digitalisation of records in rural facilities,Police,Status,The status of digital data capture in rural police stations,1,Entirely paper,,"Rural police stations in Algeria, primarily Gendarmerie Nationale brigades, record complaints, case files, and incident reports on paper via handwritten procès-verbaux (official records). Official procedure requires victims to present orally at stations where facts are consigned into a PV, then transmitted to prosecutors; digital pre-complaints online require physical signature of PV at the station within 30 days. No evidence of digital recording at rural facilities; later digitization efforts focus on urban justice, traffic fines, or online submissions, not initial rural case logging. Consistent with francophone African norms of paper-based PVs at police/gendarmerie outposts. US State Dept reports detail procedures without mentioning digital tools at station level.",rural-police-status,2,https://www.mjustice.gov.dz/fr/la-plainte/;http://www.ena.dz/pdf/Gendarmerie%20N%20261217.pdf;https://www.state.gov/wp-content/uploads/2024/02/528267_ALGERIA-2023-HUMAN-RIGHTS-REPORT.pdf,3,Low,no_year,No data year recorded - must be populated during verification.,,https://algerie-eco.com/2025/11/27/sayoud-lance-la-plateforme-numerique-de-declaration-de-perte-de-documents/;https://www.wearetech.africa/en/fils-uk/news/public-management/algeria-police-launch-digital-platform-for-lost-document-reports;https://assets.publishing.service.gov.uk/media/679baca36bb4c44f0805e842/DZA+CPIN+Actors+of+protection.pdf,"Original sources (mjustice.gov.dz, an ena.dz gendarmerie PDF, and the US State Department human rights report) could not be fetched directly (403 / timeout errors), so their content is corroborated rather than directly re-verified. A November 2025 platform launched by the Direction Generale de la Surete Nationale (DGSN, the national police) digitises only the declaration of lost, stolen or destroyed documents - an explicitly narrow administrative process - and is run by the urban-focused national police rather than the Gendarmerie Nationale, which polices rural communes under the Ministry of National Defence (per a 2025 UK Home Office country policy note). No evidence was found of digitised initial case-file or incident recording at rural gendarmerie brigades. Score of 1 (Entirely paper) is confirmed.",2025,medium,"Rural policing in Algeria is primarily undertaken by the Gendarmerie Nationale, whose roughly 1,233 territorial brigades cover rural communes under the Ministry of National Defence. Initial recording of complaints and incidents at these rural posts continues to rely on the handwritten proces-verbal (PV): a citizen must present in person for the facts to be consigned by an officer, and even recently digitised channels for pre-complaints and lost-document declarations either still require a signed paper PV to be produced at the station within a set period, or apply only to the separate, urban-focused national police (DGSN) rather than the rural Gendarmerie. There is no evidence of electronic case-management or incident-recording systems operating at rural station level.",
DZA,Algeria,Rural Digitalisation,Status of digitalisation of records in rural facilities,School,Status,The status of digital data capture in rural primary schools,1,Entirely paper,,"No direct evidence found on digital data recording at rural primary school level for attendance, enrollment, or grades. National stats from Ministry of Education collected via ONS show aggregates but no methodology indicating school-level digital entry.ONS Education Stats UNESCO report mentions digital platforms for enrollment/results access but pilot digital schools and ICT initiatives focus on access/teaching, not core admin records.UNESCO Algeria Report Rural digital divide noted.Zenodo Rural Digital Divide World Bank notes ICT policy but vast rural areas lagging, implying paper-based collection standard with central aggregation. Evidence points to entirely paper-based at rural facilities, digitized later if at all. Score 1 per rules for broad paper use.",rural-school-status,3,https://www.ons.dz/IMG/pdf/Education2021_2022.pdf;https://media.unesco.org/sites/default/files/webform/ed3002/ALGERIE_NC_report.pdf;https://openknowledge.worldbank.org/bitstreams/4ad4eeee-f1f1-572c-b985-7a00f0e7ebf7/download;https://zenodo.org/records/18734679,4,Low,no_year,No data year recorded - must be populated during verification.,,https://ilkogretim-online.org/index.php/pub/article/view/8145;https://www.agenceecofin.com/formation/1104-117776-algerie-numerisation-des-documents-scolaires-des-la-rentree-2024-2025;https://backendspace.cu-maghnia.dz:8443/server/api/core/bitstreams/abee7455-301f-4fd2-b6e0-a062c54ab6bb/content,"Original ONS/UNESCO/World Bank/Zenodo sources are high-level national statistics and policy reports rather than facility-level evidence and were not re-fetched in full; the underlying claim that rural primary schools capture attendance, enrolment and grades on paper is nonetheless supported by fresher, more specific evidence. A December 2024 field study of electronic administration in Bordj Bou Arreridj primary schools found usage 'limited, with usage confined to specific areas', with organisational, financial and technical obstacles preventing full implementation. National digitisation of first-grade enrolment (announced 2024) is a centralised online registration channel for parents rather than digitisation of in-school record-keeping, and a national tablet programme explicitly favoured schools with single-shift operation and reliable electricity, criteria likely to exclude many rural schools. Score of 1 (Entirely paper) is confirmed.",2024,medium,"Rural primary schools in Algeria continue to record attendance, enrolment and grades on paper at facility level. National digitisation initiatives launched in 2024 focus on centralising first-grade enrolment through an online portal for parents and on distributing tablets loaded with digital textbooks to a limited number of selected schools (chosen partly on the basis of reliable electricity supply and single-shift operation), rather than on digitising day-to-day administrative record capture within the school itself. Field research into electronic administration in Algerian primary schools found adoption confined to a few specific areas and constrained by infrastructural, financial and organisational barriers, indicating that core facility-level record capture in rural schools remains predominantly paper-based.",
DZA,Algeria,Rural Digitalisation,Status of digitalisation of records in rural facilities,Registry,Status,The status of digital data capture in rural civil registry offices,2,Mostly paper -  some digital,,"Algeria&#39;s civil registration (état civil) is managed at commune level, including rural areas, with births declared at the commune of birth. Official Ministry of Interior describes procedures requiring physical presence and documents like livret de famille, suggesting paper-based initial recording by local officers, consistent with traditional registry practices.Ministry of Interior. However, national centralization is advanced: civil registries interconnected since ~2014 allowing extracts from any commune; online 12S secure birth certificate requests via demande12s.interieur.gov.dz; digital birth extracts (نسخة رقمية لشهادة الميلاد) via etatcivil.interieur.gov.dz; biometric integration for passports/ID. US Embassy notes non-acceptance of handwritten certificates, implying printed/digital standard. No direct rural-specific evidence, but central digitization indicates paper at rural points digitized centrally. ECA CRVS reports exclude Algeria but note Africa&#39;s rural services often inaccessible/poor quality. Predominantly paper locally with national digital systems/pilots.",rural-registry-status,4,https://interieur.gov.dz/category/etat-civil/;https://embwashington.mfa.gov.dz/consular-services/12s-birth-certificate;https://www.ecoi.net/en/document/1163828.html;https://dz.usembassy.gov/checklist-for-reporting-birth-in-algeria-to-u-s-citizen-parents/,4,Low,no_year,No data year recorded - must be populated during verification.,3,https://interieur.gov.dz/index.php/fr/mes-d%C3%A9marches-administratives/etat-civil?id=117;https://www.algerie62.dz/service-public-lavancee-du-numerique-reduit-les-depenses/;https://www.id4africa.com/2019_event/presentations/InF3/4-Abderrazak-Henni-MOI-Algeria.pdf;https://ouest-tribune.dz/mascara-la-fibre-optique-pour-85-mairies-et-future-realisation-de-8-poles-urbains/,"Original sources (Ministry of Interior etat civil page, embassy 12S guidance, ecoi.net, US embassy checklist) were reviewed and are broadly consistent but understate the extent of digitisation. Fresh evidence indicates the etat civil registre national has been operating as an automated system since a 2015 decree exempted citizens from presenting physical civil-status documents, with a 2019 Ministry of Interior/ID4Africa presentation confirming over 100 million birth, marriage and death records digitised and communes interconnected for real-time certificate issuance from any commune in under a minute. A May 2023 ministry statement records over 80% of public services, including commune-level civil registry services, delivered online, alongside a national identification number generated automatically from civil status data. However, a November 2023 report on Mascara wilaya shows fibre-optic connections to civil registry annexes still being rolled out at that date (85 town halls connected, several more pending), and southern wilayas retain extended (20-day) declaration windows reflecting continued logistical and connectivity constraints in the most remote communes. This points to most, but not all, rural commune offices now capturing and processing civil status data digitally, with a residual paper component in less-connected areas, consistent with 'Mostly digital - some paper' (3) rather than the previous 'Mostly paper - some digital' (2). This is a moderate promotion, not to the top of the scale, so no escalation is required.",2023,medium,"Algeria's civil registry (etat civil) operates as a nationally automated system: a 2015 executive decree exempts citizens from presenting physical civil-status documents because the registre national automatise de l'etat civil now holds authoritative digital records, comprising more than 100 million digitised birth, marriage and death acts. Communes are progressively connected by fibre optic to this national platform, allowing certificates to be issued within minutes from any commune in the country and enabling online retrieval of birth, marriage and death certificates via dedicated portals. As of 2023, government figures indicate over 80% of commune-level public services, including civil status services, are delivered online. Connectivity rollout to some rural annexes was still in progress as of late 2023, and southern wilayas are allowed extended declaration periods reflecting residual logistical constraints in the most remote areas, so a modest proportion of rural registry activity continues to rely on paper processes pending full network coverage.",
EGY,Egypt,Rural Digitalisation,Status of digitalisation of records in rural facilities,Clinic,Status,The status of digital data capture in rural primary healthcare clinics,1,Entirely paper,,"Rural primary healthcare clinics in Egypt predominantly use paper-based patient records, with handwritten registers for clinical data like history, diagnosis, and treatment. A 2014 WHO-EMRO study in Alexandria PHC units showed parallel paper and early e-records, but paper had higher completeness; e-records varied widely by unit and were incomplete (EMRO study). Recent reports (2024-2026) indicate only 314 hospitals have EMRs, with public/rural lagging due to infrastructure limits (Arxiv paper). DHIS2 launched nationally in 2026 with pilots in select primary facilities for emergencies/refugees (nutrition screening in 16 sites), but not routine patient care at most rural clinics (DHIS2.org). National Digital Health Strategy 2025-2029 aims for ecosystem-wide digitalisation, but rural point-of-service remains paper-default. Barriers: poor connectivity, training gaps, resource scarcity in rural areas. Gap: Ambitious policies contrast with rural reality of paper dominance and pilot-only digital use.",rural-clinic-status,1,https://www.emro.who.int/emhj-vol-20-2014/volume-20-issue-2/quality-of-documentation-of-electronic-medical-information-systems-at-primary-health-care-units-in-alexandria-egypt.html;https://arxiv.org/html/2502.05603v1;https://dhis2.org/egypt-launches-dhis2-in-health-information-system/,3,Low,no_year,No data year recorded - must be populated during verification.,2,"https://english.ahram.org.eg/NewsContent/1/1236/566307/Egypt/Health/Egypt%E2%80%99s-UHIS-delivers--mln-services,-allocates-EGP.aspx;https://eha.gov.eg/en/news/highlights-transformation/;https://regtechafrica.com/healthcare/egypt-records-nearly-20-million-digital-treatment-approvals-as-health-insurance-reform-advances/;https://www.emro.who.int/emhj-vol-20-2014/volume-20-issue-2/quality-of-documentation-of-electronic-medical-information-systems-at-primary-health-care-units-in-alexandria-egypt.html","Cited sources were fetched and are relevant but dated (2014 study; DHIS2 2026 launch note on emergency/refugee use only) and, taken alone, understate recent progress. Fresh search found authoritative, dated evidence (Ahram Online, 20 April 2026; Egypt Healthcare Authority official site, 19 August 2024; Regtech Africa, 20 June 2025) that Universal Health Insurance System (UHIS) Phase I has fully digitised primary healthcare facilities (285 primary care units/centres, including rural facilities) across six governorates (Port Said, Ismailia, Luxor, South Sinai, Suez, Aswan), with 6+ million electronic health records created. This is stronger than 'entirely paper' but coverage is confined to Phase I governorates (roughly a fifth of the country), with Phase II only beginning trial rollout in Minya in April 2026 and most other governorates' rural clinics still reliant on paper per the original cited sources. Recalculated to code 2 (Mostly paper - some digital), reflecting a genuine but partial and geographically uneven digital footprint rather than the previously stated 'entirely paper'. Not a top-of-scale change, so no escalation required.",2026,medium,"Rural primary healthcare clinics in Egypt present a mixed but improving picture of digital data capture. Under the Universal Health Insurance System (UHIS), primary care units and centres in the six Phase I governorates (Port Said, Ismailia, Luxor, South Sinai, Suez and Aswan) - which include many rural and village facilities - have been fully digitised, with electronic health records, e-prescriptions and unit-level digital archiving now standard. Phase II, beginning trial operations in Minya in April 2026 and later extending to Matrouh, Damietta, Kafr El-Sheikh and North Sinai, is expected to extend similar digitisation to a further five governorates covering over 12 million citizens. Outside UHIS-covered governorates, rural clinics still rely predominantly on paper registers, and DHIS2, launched nationally in January 2026, is so far used mainly for emergency and refugee health screening rather than routine primary care data capture. Overall, digital capture at rural clinics is present and growing but remains partial rather than the national norm.",
EGY,Egypt,Rural Digitalisation,Status of digitalisation of records in rural facilities,Police,Status,The status of digital data capture in rural police stations,1,Entirely paper,,"Egypt has national digital transformation initiatives in law enforcement, including the Digital Justice Platform by Egabi that starts with complaint registration and police record issuance at stations, and a unified law enforcement system integrating criminal cases.Egabi Digital Justice Platform, SIS Egypt. However, EFHR reports (2021) indicate police stations, especially outside Cairo/Alexandria (i.e., rural), often lack technology, with ~50% documents handwritten; arrest/investigation records sometimes paper-based depending on location.ECOI/IRB EFHR Report. No rural-specific digitalisation evidence found; paper predominant at rural stations with digital aggregation higher up, fitting score 2.",rural-police-status,2,https://egabi.com/solutions/digital-justice-platform;https://sis.gov.eg/en/media-center/news/pm-follows-up-application-of-digital-transformation-system-in-law-enforcement/;https://www.ecoi.net/en/document/2064759.html,3,Low,no_year,No data year recorded - must be populated during verification.,2,http://mcit.gov.eg/en/Media_Center/Press_Room/Press_Releases/98882;https://www.elwatannews.com/news/details/8209440;https://egabi.com/solutions/digital-justice-platform;https://www.ecoi.net/en/document/2064759.html,"One cited source (sis.gov.eg) was dead on fetch; the egabi and ecoi.net sources were fetched and are relevant. Note the original Value Code (1, Entirely paper) did not match the row's own comment, which concluded a score of 2 - this internal inconsistency is resolved here based on independently verified evidence. A December 2025 MCIT press release confirms the Public Prosecution's systems are now fully paperless and digitally integrated with 118 police departments for reporting and statistics, and a January 2026 news report describes new mobile technology centres extending criminal-record and civil-status services beyond fixed offices, part of the Haya Karima rural programme. However, the same MCIT release states the goal is to 'accelerate the full implementation of the law enforcement system digitally across all governorates', indicating the rollout is ongoing rather than complete, and the older EFHR-documented reliance on handwritten records outside Cairo/Alexandria remains the best available evidence specific to non-metropolitan stations. Recalculated to code 2 (Mostly paper - some digital), consistent with the original comment's own conclusion. Not a top-of-scale change.",2026,medium,"Digital data capture in Egyptian police stations, including rural ones, is expanding but remains incomplete. The Ministry of Interior and Ministry of Communications and Information Technology have rolled out an integrated Digital Justice Platform whose police-station module allows complaints and police records to be registered and issued electronically, feeding into the Public Prosecution's now fully paperless case-management system, with the collaboration extended to 118 police departments by late 2025. Mobile technology centres, including units delivered in January 2026 for criminal-record and civil-status services, are being extended to reach citizens outside main urban centres as part of the broader Haya Karima rural development programme. Official statements describe plans to accelerate full digital implementation of the law enforcement system across all governorates, indicating the rollout is still in progress rather than complete, and independent reporting on stations outside Cairo and Alexandria continues to note substantial reliance on handwritten documentation. Rural police stations therefore combine growing digital record-keeping with continued predominant use of paper for day-to-day intake.",
EGY,Egypt,Rural Digitalisation,Status of digitalisation of records in rural facilities,Registry,Status,The status of digital data capture in rural civil registry offices,1,Entirely paper,,"Rural registry offices and civil registration points in Egypt predominantly use paper-based forms for recording births and other vital events. Notifications are collected manually from health offices (some digitized via EBDRS since 2017 for ~4,571 offices, including rural via GPRS/3G) and sent as paper to local Civil Registry Offices, then compiled at governorate level where electronic data entry occurs before central processing WHO EMRO Questionnaire. Civil registry offices lack computers, scanners, internet, or other digital equipment—only paper is used WHO EMRO Questionnaire. Digital systems like EBDRS handle health notifications digitally at point-of-care and notify civil registry electronically, but registration at registry remains paper/manual African Union EBDRS. Recent advances (2024-2026) focus on urban kiosks/machines for certificate issuance and biometric apps for online services, with no evidence of rural rollout Ahram Online. Key barriers: poor ICT infrastructure in villages, no mobile registration units, inadequate budgets. National ambition (Egypt Vision 2030) pushes digital gov, but rural point-of-service lags, relying on aggregation/transcription—score 2 reflects some digital upstream but predominant paper at rural registries.",rural-registry-status,4,https://www.emro.who.int/images/stories/crvs/documents/egypt.pdf;https://au.int/sites/default/files/newsevents/workingdocuments/37474-wd-crvs-v-the_electronic_birth_and_death_registration_system_in_egypt.pdf;https://www.cdc.gov/nchs/data/isp/033_organization_and_status_of_civil_regist_and_vital_stat_in_arab_countries.pdf,3,Low,no_year,No data year recorded - must be populated during verification.,2,https://www.elfagr.org/5229345;https://au.int/sites/default/files/newsevents/workingdocuments/37474-wd-crvs-v-the_electronic_birth_and_death_registration_system_in_egypt.pdf;https://www.emro.who.int/images/stories/crvs/documents/egypt.pdf,"Cited AU and WHO-EMRO sources were fetched and confirm that health-office notification (EBDRS) is digitised but registry-office intake itself has historically been manual. Note the original Value Code (1, Entirely paper) did not match the row's own comment, which concluded a score of 2 - this internal inconsistency is resolved here based on independently verified fresher evidence. A October 2025 news report (elfagr.org) confirms the Ministry of Interior's civil status sector has extended its 'smart registry' pilot - previously operating only in Cairo for around four years - to Minya governorate, including rural/Upper Egypt centres (Bani Mazar, Shalabi), for digital issuance of birth, marriage and death certificates, with further national rollout planned. This is the first direct evidence of digital capture reaching a rural civil registry setting. Coverage remains limited to a small number of pilot governorates, so most rural registry offices continue to rely on manual paper intake. Recalculated to code 2 (Mostly paper - some digital), matching the original comment's own conclusion. Not a top-of-scale change.",2025,medium,"Rural civil registry offices in Egypt are in the early stages of digitisation. Since 2017, the Electronic Birth and Death Registration System (EBDRS) has digitised birth and death notifications at around 4,571 health offices nationwide, including rural facilities, which then transmit data electronically to civil registry offices for compilation. At the civil registry office itself, a 'smart registry' pilot for issuing birth, marriage and death certificates, first introduced in Cairo some four years earlier, has since October 2025 been extended to Minya governorate - including rural, Upper Egypt centres such as Bani Mazar and Shalabi - with further rollout planned nationally as part of the Ministry of Interior's civil status modernisation programme. Village-level notary and documentation offices are also being newly opened under the Decent Life (Haya Karima) rural development initiative. Outside these pilot areas, rural registry offices continue to rely on manual paper intake, with electronic data entry occurring mainly at governorate level rather than at the point of registration. Rural civil registration therefore combines a predominantly paper-based process with a small but growing number of digitised offices.",
EGY,Egypt,Rural Digitalisation,Status of digitalisation of records in rural facilities,School,Status,The status of digital data capture in rural primary schools,2,Mostly paper -  some digital,,"Egypt has an EMIS system integrated with national dashboards for decision-making, with recent (2025) EMIS-linked daily attendance monitoring achieving >80% attendance nationwide, including rural areas World Education Blog. 36,878/42,931 schools meet smart school criteria, but primary schools average 95 students/device, indicating limited digital tools in rural primaries UNESCO IICBA. World Bank projects mention EMIS data use but no school-level collection details. No evidence of direct digital recording (e.g., tablets/apps) at rural primary schools for attendance/enrollment/grades; likely paper-based with later aggregation (pilots/digital in some). Rural infrastructure gaps affect data reliability. Predominantly paper with some digital/pilots.",rural-school-status,4,https://thedocs.worldbank.org/en/doc/280941527621087910-0280022018/render/EgyptEducationReform.pdf;https://world-education-blog.org/2025/12/22/monitoring-equity-through-verified-data-how-egypts-2025-education-reforms-are-reframing-progress-and-revealing-what-still-must-be-done/;https://moe.gov.eg/en;https://emis.uis.unesco.org/wp-content/uploads/sites/5/2020/09/EMIS-Operational-Guide-EN-WEB.pdf,4,Low,no_year,No data year recorded - must be populated during verification.,,https://world-education-blog.org/2025/12/22/monitoring-equity-through-verified-data-how-egypts-2025-education-reforms-are-reframing-progress-and-revealing-what-still-must-be-done/;https://eu-zira3a.org/en/cdb-delivers-it-equipment-to-strengthen-digital-infrastructure-at-the-ministry-of-agriculture/;https://doi.org/10.21608/bsge.2023.161979.1013,"The World Education Blog (GEM Report) source cited in the row was fetched and read in full; it is authoritative, being based on a CAPMAS-verified Ministry of Education dataset, and directly supports the existing assessment. It confirms that by the end of the 2024/25 academic year, national attendance rose above 80% via EMIS-linked monitoring, 36,878 of 42,931 schools meet 'smart school' criteria, and over 54,000 schools have reliable internet - but primary schools average 95 students per digital device (versus near 1:1 in secondary/TVET), and the source itself flags that infrastructure gaps particularly affect remote areas. A supplementary case study (Menoufia governorate, villages under the Decent Life programme) corroborates that digital tools (tablets, smart classrooms) exist only in pockets of rural primary education, with most instruction and record-keeping still paper-based. Confirmed at code 2 (Mostly paper - some digital); no change to the Value Code.",2025,high,"Digital data capture in Egyptian rural primary schools remains predominantly paper-based with a growing but still limited digital layer. Nationally, 36,878 of 42,931 schools meet 'smart school' criteria and more than 54,000 schools have reliable internet connectivity, and EMIS-linked daily attendance monitoring helped raise nationwide attendance above 80% by the end of the 2024/25 academic year, according to the Ministry of Education and Technical Education's CAPMAS-verified dataset. However, primary schools average 95 students per shared digital device, compared to close to one-to-one ratios in secondary and technical education, indicating that most day-to-day record-keeping and attendance-taking in rural primary classrooms is still done on paper before being aggregated into EMIS. Targeted programmes, such as tablet provision to Upper Egypt community schools and Decent Life (Haya Karima) smart-classroom pilots in villages such as Manshat Sultan (Menoufia), demonstrate pockets of direct digital capture, but these remain localised rather than the rural norm. Overall, rural primary schools sit between predominantly paper practice and emerging digital capture.",
ERI,Eritrea,Rural Digitalisation,Status of digitalisation of records in rural facilities,Clinic,Status,The status of digital data capture in rural primary healthcare clinics,1,Entirely paper,,"Rural clinics in Eritrea primarily use paper-based recording for patient data at point of care, with aggregate data later entered into DHIS2 for reporting. DHIS2 connects 342 facilities (2018), including rural ones, via offline decentralized entry, but pre-DHIS2 relied on pen-and-paper, and no evidence confirms direct digital patient registration in most rural clinics. Recent tracker program aims at patient-level data, but implementation unclear; computers procured for districts (2020), digital platforms planned for hospitals, not clinics. Barriers: limited internet/power, suggesting reliance on aggregation not PoS digital. National HIS ambition exceeds rural PoS reality, typical of low-resource settings. Score 2 as digital limited to aggregate reporting/pilots.",rural-clinic-status,1,https://www.afro.who.int/sites/default/files/2022-07/Who%20Eritrea%20Bienniun%20Report%20WHO%202020%20-%202021_0.pdf;https://community.dhis2.org/t/overcoming-connectivity-barriers-the-role-of-dhis2-platform-in-enhancing-health-data-management-in-eritrea/57621;https://shabait.com/2018/11/07/dhis2-improving-data-management-and-health-in-eritrea/,3,Low,no_year,No data year recorded - must be populated during verification.,,https://community.dhis2.org/t/overcoming-connectivity-barriers-the-role-of-dhis2-platform-in-enhancing-health-data-management-in-eritrea/57621;https://extranet.who.int/uhcpartnershiplivemonitoring/activity/eritrea-support-sector-digitization-and-dhis-2-roll-out-health-information-system-gaps;https://shabait.com/2018/11/07/dhis2-improving-data-management-and-health-in-eritrea/,"Fetched all three originally cited sources; none describes digital data capture occurring at the rural clinic itself. The 2024 DHIS2 conference abstract describes decentralised data entry occurring at zone/sub-zone level with centralised analysis, not facility-level digital capture, and the WHO UHC partnership monitoring entry confirms DHIS2 roll-out to 'lower levels' is still a supported activity rather than a completed state. The 2018 Shabait piece confirms the pre-DHIS2 baseline was pen-and-paper. Per the metadata guidance, only facility-level capture counts (higher-level aggregation digitisation is excluded), so the evidence supports 'Entirely paper' (code 1) as originally scored; confirmed, not changed.",2024,medium,"Rural clinics in Eritrea record patient data on paper at the point of care. Aggregate data is subsequently entered into the DHIS2 platform, but this entry occurs at zone or sub-zone level rather than through digital capture at the clinic itself. The Ministry of Health has introduced a DHIS2 tracker module intended to support patient-level data in future, and WHO's UHC partnership monitoring records continuing support for extending DHIS2 to lower levels of the health system, but no evidence indicates this has yet translated into routine digital data capture within rural clinics. Limited rural electricity and connectivity continue to constrain facility-level digitisation.",
ERI,Eritrea,Rural Digitalisation,Status of digitalisation of records in rural facilities,Police,Status,The status of digital data capture in rural police stations,1,Entirely paper,,"Extensive searches across web, academic papers, US State Dept HR reports, UK guidance, UNODC, Shabait (gov news), OSAC security report yield no evidence of digital case management, incident reporting, or records systems in Eritrean police, including rural stations. Recent digital initiatives (customs ASYCUDA, library digitization, police computer training) exist but not for police records. Eritrea's centralized, militarized, low-resource police structure (district stations, manual investigations per Criminal Procedure Code) and lack of mentions in intl reports imply entirely paper-based recording at rural facilities, consistent with most African countries without specific digitalization evidence. No rural-specific contradiction found; score 1 per instructions favoring paper if no digital evidence.",rural-police-status,2,https://www.osac.gov/Country/Eritrea/Content/Detail/Report/4f8eb3c2-9eef-4a6e-baea-1c2ca21b80d4;https://www.state.gov/wp-content/uploads/2025/07/62451_ERITREA-2024-HUMAN-RIGHTS-REPORT.pdf;https://shabait.com/2025/11/14/training-on-police-profession-to-new-police-members/,3,Low,no_year,No data year recorded - must be populated during verification.,,https://www.osac.gov/Country/Eritrea/Content/Detail/Report/4f8eb3c2-9eef-4a6e-baea-1c2ca21b80d4;https://shabait.com/2025/11/14/training-on-police-profession-to-new-police-members/;https://africa.com/eritrea-vocational-training-provided-to-college-students/,"Fetched the OSAC report (June 2025) and the November 2025 Shabait article; the State Department human rights report PDF could not be retrieved (server returned a technical-difficulties error) and is treated as unverifiable. Neither working source discusses records or case-management systems. A further search found a 2026 report of computer-maintenance and networking training for serving police officers, which evidences general IT skills training but not deployment of any digital records or case-management system at station level. No authoritative source describes digitisation of record-keeping at rural (or any) Eritrean police stations, so the absence-of-evidence basis for 'Entirely paper' stands; confirmed, not changed.",2025,low,"No official source documents a digital case-management, incident-reporting, or records system in Eritrean police stations, including rural stations. Recent Ministry of Information reporting describes new recruits and serving officers receiving general computer-maintenance and networking training, but this reflects basic IT skills training rather than deployment of an electronic records system. Eritrea's police structure remains centralised, militarised and resource-constrained, and available evidence points to record-keeping at rural stations remaining entirely paper-based.",
ERI,Eritrea,Rural Digitalisation,Status of digitalisation of records in rural facilities,Registry,Status,The status of digital data capture in rural civil registry offices,1,Entirely paper,,"Rural registry offices in Eritrea lack dedicated civil status officers, resulting in entirely paper-based or non-existent birth registration processes. Births are declared via manual forms from local administrative areas (e.g., district committees), requiring witnesses and later court approval if delayed, then processed at urban municipal offices like Asmara. No evidence of electronic CRVS, DHIS2, or digital point-of-service recording in rural areas; urban areas have some network systems for population registers, but rural facilities do not. Key barriers include resource shortages, lack of policy enforcement, optional registration, low awareness, and no infrastructure for offices in rural zones (80%+ population). National policy under Transitional Civil Code exists but unimplemented rurally; 2025 UN metadata confirms no functional CRVS system countrywide, relying on old DHS surveys. Gap: Urban selective registration vs. rural absence; pilots absent.",rural-registry-status,4,https://unstats.un.org/wiki/download/attachments/106499574/Demographic%20Profile%20and%20Birth%20Registration%20Status%20of%20Eritrea_Eritrea.pdf?api=v2;https://unstats.un.org/unsd/demographic-social/products/dyb/documents/metadata/2025/Eritrea-2025-VT-Metadata.pdf;https://www.sem.admin.ch/dam/sem/en/data/internationales/herkunftslaender/afrika/eri/eri-identitaets-und-zivilstandsdokumente.pdf.download.pdf/ERI-identitaets-und-zivilstandsdokumente-e.pdf,3,Low,no_year,No data year recorded - must be populated during verification.,,https://unstats.un.org/unsd/demographic-social/products/dyb/documents/metadata/2025/Eritrea-2025-VT-Metadata.pdf;https://unstats.un.org/wiki/download/attachments/106499574/Demographic%20Profile%20and%20Birth%20Registration%20Status%20of%20Eritrea_Eritrea.pdf?api=v2;https://reliefweb.int/report/eritrea/experts-committee-rights-child-praise-eritreas-proposed-data-collection-system-child-protection-ask-about-harmful-practices-and-compulsory-military-training-programme,"Fetched the UN Statistics Division 2025 vital statistics metadata questionnaire, which explicitly states there is no functional and complete CRVS system in Eritrea, and the older (2002) Kampala workshop report describing rural areas as having no civil status officer at all. A January 2025 UN Committee on the Rights of the Child session record confirms the government is still working towards a 90%-by-2028 registration strategy rather than describing an operational digital rural registry. No source found describes any digital or electronic recording at rural registry offices. The evidence supports 'Entirely paper' (code 1); confirmed, not changed.",2025,high,"Eritrea has no functional, complete civil registration and vital statistics system, and rural areas lack civil status officers altogether, so births, deaths, and marriages there are recorded, if at all, through informal, manual declarations rather than at a dedicated registry office. The UN Statistics Division's 2025 vital statistics metadata questionnaire for Eritrea confirms there is no functional and complete CRVS system, with national vital statistics still derived from Demographic and Health Surveys (1995, 2002, 2010) rather than routine registration. The government has told the UN Committee on the Rights of the Child (January 2025) that it is pursuing a strategy to reach 90% birth registration nationwide by 2028, indicating that rural civil registration capacity remains largely undeveloped and paper-based at present.",
ERI,Eritrea,Rural Digitalisation,Status of digitalisation of records in rural facilities,School,Status,The status of digital data capture in rural primary schools,1,Entirely paper,,"Rural primary schools in Eritrea rely on paper-based questionnaires and annual school censuses for recording administrative data, attendance, and learning outcomes, which are collected by Zoba education offices and sent to the Ministry of Education. Questionnaire 7 and 8 cover enrollment data from November each year, with 100% collection rate reported, but no mention of digital tools at school level; process implies manual filling and physical/digital transmission higher up. EMIS exists at national level since World Bank project (2003-2012), used for policy alongside GIS (not integrated), but school-level input remains paper-default per annual stats process. No evidence of routine digital recording (computers/tablets) at rural point-of-service; rural areas lack electricity/infrastructure for ICT, widening digital divide. Barriers: poor electricity/telecom in remote areas, inadequate ICT resources/maintenance, limited teacher training. National EMIS ambition contrasts with rural paper reality; data aggregated upward post-collection, fitting score 2 (predominant paper, digital for aggregate reporting).",rural-school-status,3,https://www.ecss-online.com/2013/wp-content/uploads/2025/06/Basic-Education-Statistics-2023-24.pdf;https://www.iicba.unesco.org/en/eritrea;https://documents.worldbank.org/curated/en/607441491551866327/pdf/114096-PUB-PUBLIC-PUBDATE-4-6-17.pdf,3,Low,no_year,No data year recorded - must be populated during verification.,,https://www.ecss-online.com/2013/wp-content/uploads/2025/06/Basic-Education-Statistics-2023-24.pdf;https://doi.org/10.1108/jice-02-2024-0009;https://www.globalpartnership.org/node/document/download?file=document%2Ffile%2F2024-07-program-document-system-transformation-system-capacity-grants-eritrea.pdf,"Fetched the Ministry of Education's Basic Education Statistics 2023/24 report and the IICBA Eritrea country brief, and located further academic and GPE documentation. The original Comments text described the underlying evidence (paper questionnaires collected via annual census, no digital tools at school level) but its concluding sentence stated 'score 2' while the Value Code recorded was 1 - an internal inconsistency in the original row. A 2025 journal article on Eritrea's EMIS confirms its data-collection tools still date from a 1993 design, and 2024 Global Partnership for Education documents note that education data collection, management and storage require strengthening, corroborating that no digital capture occurs at the school facility itself. Per the metadata guidance that only facility-level capture counts, the evidence supports 'Entirely paper' (code 1), matching the value actually recorded; confirmed, not changed.",2024,medium,"Rural primary schools in Eritrea record enrolment, attendance and other administrative data on paper, which is compiled through standardised questionnaires submitted to Zoba (regional) education offices for entry into the Ministry of Education's national Education Management Information System. The Ministry's Basic Education Statistics 2023/24 report, published in December 2024, is produced through this annual paper-based census process. Academic research on Eritrea's EMIS notes that its data-collection tools still reflect a design dating from 1993, and Global Partnership for Education programme documents note that education data collection, management and storage require further strengthening. Limited rural electricity and telecommunications infrastructure continues to constrain any facility-level digital data capture, and no evidence indicates that rural schools themselves capture data digitally at the point of collection.",
ETH,Ethiopia,Rural Digitalisation,Status of digitalisation of records in rural facilities,Police,Status,The status of digital data capture in rural police stations,1,Entirely paper,,"No specific evidence found on rural police stations' recording methods. Recent urban innovations like unmanned smart police stations (2026) and Digital Ethiopia 2030 focus on Addis Ababa pilots with digital kiosks for reporting, eliminating paperwork there. Courts have e-filing (2025). However, UNODC reports emphasize training and capacity building without digital case systems; HR reports detail poor conditions in police stations but no digital mentions. Rural areas likely retain traditional paper-based practices (occurrence books, manual files) as digitisation is urban/pilot-focused. Score 1 as broad evidence indicates paper dominance outside pilots.",rural-police-status,2,https://www.ena.et/web/eng/w/eng_8528358;https://www.state.gov/wp-content/uploads/2025/07/62451_ETHIOPIA-2024-HUMAN-RIGHTS-REPORT.pdf;https://www.unodc.org/documents/evaluation/Independent_Project_Evaluations/2022/Final_Evaluation_Report_ETHX97.pdf,3,Low,no_year,No data year recorded - must be populated during verification.,,https://www.bbc.com/news/articles/cjd9jgnrdpko;https://addisfortune.news/ai-institute-federal-police-ink-deal-for-smart-station;https://justice.gov.et/en/news/crims-project-steering-committee-sets-strategic-directions/;https://www.ena.et/web/eng/w/eng_8528358;https://www.unodc.org/documents/evaluation/Independent_Project_Evaluations/2022/Final_Evaluation_Report_ETHX97.pdf,"The state.gov human rights report URL returned a technical/access error on fetch and could not be independently verified; the ena.et and UNODC evaluation report URLs were not re-fetched but remain consistent with corroborating evidence found elsewhere. Fresh search confirms rural/traditional police stations remain paper-based: BBC (March 2026) reports the AI-driven 'smart police station' remains a single pilot in Addis Ababa's Bole district, with traditional stations - including rural ones - continuing to rely on in-person, paper-based reporting; a Federal Police-AI Institute smart station agreement (July 2025) and a Ministry of Justice Criminal Record Information Management System (CRIMS) project (2026) are both still at pilot/development stage and Addis Ababa-focused. Score 1 (Entirely paper) confirmed for rural stations as of 2026.",2026,medium,"Rural police stations in Ethiopia continue to rely on entirely paper-based record keeping. Digitalisation initiatives such as the AI Institute-Federal Police smart station pilot in Addis Ababa's Bole district, launched in February 2026, and the Criminal Record Information Management System (CRIMS) project remain confined to the capital and are still at pilot or early development stage. Traditional police stations, which include all rural facilities, continue in-person, paper-based reporting and record keeping, with no evidence of digital data capture at the point of service.",
ETH,Ethiopia,Rural Digitalisation,Status of digitalisation of records in rural facilities,Registry,Status,The status of digital data capture in rural civil registry offices,1,Entirely paper,,"Rural registry offices (kebeles, 92% of operational sites) in Ethiopia rely entirely on paper-based manual registration using bound booklets with carbon copies; original stays local, copies transmitted upward.UNECA CRVS Ethiopia Snapshot Digitalisation limited to urban pilots (100 kebeles in Addis Ababa computerized; tablet ME-CRVS in 1,300 kebeles, fragmented home-grown/open-source systems in regions like Oromia/Amhara).Strengthening CRVS Presentation No evidence of routine point-of-service digital use in most rural facilities; paper default despite national plans for standardization.UNECA Digitalisation Assessment Key barriers: inadequate ICT infrastructure, electricity/network interruptions, rugged terrain limiting access (up to 8hr walks), transport/support lacks, low awareness/demand. National policy (Digital Ethiopia 2030, CRVS Strategy 2022-26, 2025 Proclamation) aims full digital linkage to NID/Fayda ID, but rural reality lags far behind urban pilots due to infrastructure gaps, conflicts reducing kebele ops from 90% to 70%.",rural-registry-status,4,https://apai-crvs.uneca.org/sites/default/files/resourcefiles/CRVS_EthiopiaSnapshot_e.pdf;https://apai-crvs.uneca.org/sites/default/files/resourcefiles/Digitalization%20of%20Civil%20Registration%20and%20Vital%20Statistics%20in%20Africa.pdf;https://www.child-identity.org/wp-content/uploads/2025/06/Taju-Mohammed-Presentation.pdf,3,Low,no_year,No data year recorded - must be populated during verification.,,https://www.child-identity.org/wp-content/uploads/2025/06/Taju-Mohammed-Presentation.pdf;https://capitalethiopia.com/2025/11/09/digital-dreams-invisible-children-ethiopias-struggle-to-make-every-birth-count/;https://www.fanamc.com/english/digital-civil-and-family-registration-underpins-ethiopias-digital-transformation-governance-and-identity-systems/;https://www.gcs.gov.et/en/2025/12/22/digital-ethiopia-2025-has-brought-about-a-significant-change-in-improving-access-to-civil-registration-and-citizenship-services/;https://apai-crvs.uneca.org/sites/default/files/resourcefiles/CRVS_EthiopiaSnapshot_e.pdf,"The UNECA snapshot PDF timed out on re-fetch (CRAWL_LIVECRAWL_TIMEOUT) but its findings (paper booklets with carbon copies, only around 100 kebeles in Addis Ababa computerised) were corroborated via search excerpt and by fresher 2025 sources. Updated search confirms rural kebele registration remains predominantly paper-based: a July 2025 CRVS presentation records a tablet-based ME-CRVS system piloted in only around 1,300 of roughly 19,200 kebeles (under 7%), with kebele operational coverage at 70% (down from 90% due to conflict); a November 2025 Capital Newspaper report finds the mobile registration platform accounts for only around 24% of total registrations nationally, concentrated where connectivity is better; a December 2025 Fana Media report confirms that work is 'currently underway to fundamentally overhaul the existing paper-based registration system'. Score 1 (Entirely paper) is confirmed as the reality for the great majority of rural kebeles as of 2025.",2025,high,"Civil registration at kebele (rural registry office) level in Ethiopia remains predominantly paper-based. Registration of vital events is recorded manually in bound booklets with carbon copies, with one copy retained locally and further copies passed up through woreda, regional and federal levels. A tablet-based mobile civil registration platform has been piloted in around 1,300 of the country's roughly 19,200 kebeles, and computerised registration exists in around 100 kebeles in Addis Ababa, but these remain isolated pilots rather than the norm. Nationally, the mobile platform accounts for only around a quarter of total registrations, concentrated in areas with better connectivity and power supply; unstable infrastructure keeps the electronic system largely symbolic across most rural areas. A comprehensive overhaul to replace the paper-based system with an integrated digital platform is under way as part of the Digital Ethiopia 2030 strategy, but rural implementation lags substantially behind urban areas.",
ETH,Ethiopia,Rural Digitalisation,Status of digitalisation of records in rural facilities,School,Status,The status of digital data capture in rural primary schools,1,Entirely paper,,"Rural primary schools in Ethiopia predominantly use paper-based methods for recording administrative data, attendance, and learning outcomes. Schools complete lengthy annual EMIS census questionnaires (25 pages) by hand, using paper registers that are often poorly maintained or stored insecurely. Data is physically transported to woreda/REB levels for manual Excel entry; no digital tools at point-of-service. Attendance tracked in registers (not centrally digitized), learning outcomes via national exams aggregated later.UNESCO ECW EMIS Case Study%20and%20Data%20for%20Increased%20Resilience%20to%20Crisis_%20country%20case%20study_%20Ethopia.pdf) Only 76-83% of schools use EMIS (declining), with most rural lacking computers (40% have working ones, 28% internet); principals handle manually.RISE GEQIP Report In Oromia (rural-heavy sample), EMIS manual/paper, rated moderate but emerging on infrastructure; shortages in ICT, budget, staff.Oromia EMIS Thesis Digital pilots (SMIS, tablets) exist but isolated/not scaled to majority rural facilities. Barriers: no electricity/computers/internet in most rural schools, low skills, transport issues, no data culture. National EMIS policy ambitious, but rural reality remains paper (score 1); aggregation digitalizes upward reports only.UNESCO ECW EMIS Case Study%20and%20Data%20for%20Increased%20Resilience%20to%20Crisis_%20country%20case%20study_%20Ethopia.pdf)",rural-school-status,3,https://www.educationcannotwait.org/sites/default/files/2022-03/Strengthening%20Education%20Management%20Information%20Systems%20(EMIS;https://riseprogramme.org/sites/default/files/2023-03/GEQIP-E%20Implementation%20Practices%20and%20Value-Added%20Learning%20at%20Primary%20Schools%20in%20Ethiopia_0.pdf;https://repository.ju.edu.et/bitstream/handle/123456789/4495/Wubnesh%20Mati.pdf?sequence=1&amp;isAllowed=y,4,Low,no_year,No data year recorded - must be populated during verification.,,https://blog.atenu.org/ethiopia-education-report-2024-25/;https://education.dhis2.org/implementation/ethiopia/;https://www.globalpartnership.org/node/document/download?file=document%2Ffile%2F2024-08-program-document-system-transformation-girls-education-accelerator-grants-ethiopia.pdf;https://www.educationcannotwait.org/sites/default/files/2022-03/Strengthening%20Education%20Management%20Information%20Systems%20(EMIS,"The original EMIS case-study and RISE GEQIP-E sources were not re-fetched in full but their findings (paper registers, manual woreda-level data entry, low computer/internet access in rural schools) are corroborated by fresh 2025/26 sources. A March 2026 Ethiopia Education Report notes that EMIS 'digitalisation' was completed for 2024/25 using AI and business intelligence, but this refers to ministry-level data processing and analysis, not facility-level data capture. A DHIS2-for-Education rollout began in four regions in November 2025 (UNICEF/HISP), again operating at woreda/zonal level. A GEQIP-E-piloted digitised school data system is expected to extend to primary schools nationally only from the 2025/26 school year and has not yet reached most rural schools. Facility-level data capture in rural primary schools therefore remains paper-based; score 1 (Entirely paper) is confirmed as of the 2024/25 academic year (data published October 2025).",2025,medium,"Rural primary schools in Ethiopia continue to record attendance, enrolment and administrative data on paper at the point of service. Annual EMIS census data is collected via lengthy paper questionnaires completed by hand and transported to woreda and Regional Education Bureau level for manual entry, and most rural schools lack functioning computers or internet access. The Ministry of Education has completed a national EMIS upgrade using artificial intelligence and business intelligence tools for downstream data analysis, and a DHIS2-based education data system has begun roll-out in four regions with UNICEF support, but these developments operate at woreda, zonal and ministry level rather than replacing paper-based data capture inside rural school facilities. A digitised school-level data system piloted under GEQIP-E is expected to extend to primary schools nationally only from the 2025/26 school year and has not yet reached the majority of rural schools.",
ETH,Ethiopia,Rural Digitalisation,Status of digitalisation of records in rural facilities,Clinic,Status,The status of digital data capture in rural primary healthcare clinics,2,Mostly paper -  some digital,,"Rural primary healthcare in Ethiopia operates through ~17,900 health posts staffed by Health Extension Workers (HEWs). The electronic Community Health Information System (eCHIS), introduced in 2018, has been scaled to approximately 8,011 health posts (~45% of total) as of 2024, with over 25 million individuals and 6 million households registered. eCHIS is a tablet-based platform covering modules for family folders, RMNCHN, disease prevention, and NCD management. However, actual utilisation remains low: only ~50% of HEWs at equipped posts actively use it, and just 24.5% offer ANC services through the platform. A 2023 maturity assessment rated ICT infrastructure at 1.67/5, citing inadequate power supply, limited connectivity, and insufficient hardware at health posts. DHIS2 covers all 30,000+ public health facilities for aggregate reporting (95%+ completeness), but data at health posts is still primarily collected on paper then entered at district level. EMR systems exist at only 58 public facilities nationally. Key barriers include unreliable electricity and internet at rural health posts, low digital literacy, heavy workloads creating dual paper-digital reporting burdens, and staff turnover. The scale of eCHIS deployment (~45% of health posts) represents meaningful digital presence at point of service, moving beyond entirely paper-based, though paper remains the predominant method.",rural-clinic-status,1,https://www.frontiersin.org/journals/digital-health/articles/10.3389/fdgth.2025.1554995/pdf;https://dhis2.org/enhancing-healthcare-in-ethiopia-using-dhis2/;https://pmc.ncbi.nlm.nih.gov/articles/PMC12403253/,3,Low,no_year,No data year recorded - must be populated during verification.,,https://pmc.ncbi.nlm.nih.gov/articles/PMC12403253/;https://www.frontiersin.org/journals/digital-health/articles/10.3389/fdgth.2025.1554995/full;https://www.technet-21.org/en/resources/case-study/ethiopia-s-electronic-community-health-information-system-a-tool-to-achieve-universal-health-coverage;https://dhis2.org/enhancing-healthcare-in-ethiopia-using-dhis2/,"The original PMC and Frontiers sources were fetched directly and confirm the prior assessment. A September 2025 national eCHIS maturity assessment (PMC) rates overall maturity as 'repeatable' (2.24/5) and ICT infrastructure at only 1.67/5, noting that only around 32% of required tablets have been supplied and that LAN internet coverage across health facilities stands at just 28%; eCHIS is implemented in over 7,500 health posts nationally (around 42% of roughly 17,900), with more than 20 million people registered. A July 2025 Frontiers study of rural East Shewa zone confirms that 7,808 of 17,903 health posts (46%) have adopted eCHIS since 2018, but only 24.5% offer ANC and 10.2% PNC through the platform, and usage even at equipped posts lags at around 50%. This confirms mixed paper and digital data capture at the majority of rural clinics; score 2 (Mostly paper - some digital) is upheld as of 2025.",2025,high,"Rural primary healthcare in Ethiopia operates through around 17,900 health posts staffed by Health Extension Workers. The tablet-based electronic Community Health Information System (eCHIS), rolled out since 2018, has reached around 7,500-8,000 health posts, or roughly 42-46% of the total, with more than 20 million people registered. A national maturity assessment rates ICT infrastructure at only 1.67 out of 5, noting that only around 32% of required tablets have been supplied and that internet connectivity across health facilities stands at just 28%. Even where eCHIS is deployed, utilisation remains partial: only around a quarter of equipped health posts provide antenatal care through the platform, and roughly half of Health Extension Workers at equipped posts use it actively. Paper-based recording therefore remains the predominant method at the majority of rural health posts, with meaningful but partial digital uptake at those that have been equipped.",
GAB,Gabon,Rural Digitalisation,Status of digitalisation of records in rural facilities,Clinic,Status,The status of digital data capture in rural primary healthcare clinics,1,Entirely paper,,"Rural primary healthcare clinics in Gabon predominantly use paper-based registers for patient data recording. Multiple studies confirm that health facilities, including clinics, collect data manually in registers, with data managers later aggregating and entering it into national systems like DHIS2 (launched nationally in 2024) or SNIS at district or regional levels. A 2022 JMIR pilot study explicitly states that facilities are compelled to use paper records due to inadequate digital infrastructure, making point-of-care electronic recording challenging. Recent evaluations (2022) show only 45% of structures have digital tools for data collection, with many lacking consultation registers entirely. National e-health initiatives (eGabon/SNIS since 2016, DHIS2 2024) focus on centralized aggregation, not routine point-of-service digital capture in rural areas. Pilots like Routine Info exist but are limited to select facilities and not scaled to most rural clinics. Barriers include poor internet outside cities, fragmented systems, low digital capacity, and medical desertification in rural zones. While national policy pushes digitalization, rural reality remains paper-dominant with digital limited to upward reporting, fitting score 1.",rural-clinic-status,1,https://pmc.ncbi.nlm.nih.gov/articles/PMC9587495/;https://pmc.ncbi.nlm.nih.gov/articles/PMC7444076/;https://www.jelsciences.com/articles/jbres1593.pdf,3,Low,no_year,No data year recorded - must be populated during verification.,,https://pmc.ncbi.nlm.nih.gov/articles/PMC9587495/; https://www.remedypublications.com/open-access/data-quality-in-a-routine-health-information-system-the-situation-10123.pdf; https://hisprwanda.org/dhis2-officially-launched-in-gabon-hisp-rwandas-pivotal-role-in-transforming-health-information-management/,"Confirmed. The 2022 JMIR pilot study (fetched and read) documents that Gabonese health facilities are compelled to use paper registers owing to inadequate digital infrastructure, with data managers manually transcribing paper entries into DHIS2 at district/regional level rather than capturing data digitally at the point of care. A companion data-quality survey of 71 health facilities (fieldwork 2019, published 2023) found only 45% possessed any digital tool for data collection/storage, and only 42% met all criteria for capturing and preserving data - and this sample was concentrated in the Libreville-Owendo and West regions, i.e. more urbanised areas than rural Gabon, meaning rural facilities are likely to be even more paper-reliant. DHIS2 was launched nationally in December 2024 but operates at the aggregation/reporting level, not facility point-of-care capture. No evidence was found of routine digital data capture in rural clinics specifically. Score 1 stands. One of the three originally-cited sources (PMC7444076) was blocked by an anti-bot check and jelsciences.com returned a 403 error, so these could not be directly re-verified; the JMIR study (PMC9587495) was successfully fetched and supports the score independently.",2022,medium,"Rural primary healthcare clinics in Gabon record patient data on paper at the point of care. A 2022 JMIR pilot study found that facilities are compelled to use paper registers owing to inadequate digital infrastructure (unreliable connectivity, limited computer access), and a national data-quality assessment of 71 health facilities found that only 45% possessed any digital tool for data collection and storage, with data managers subsequently transcribing paper register entries into national platforms such as DHIS2 (launched nationally in December 2024) for aggregated reporting. Digitalisation therefore remains concentrated at the aggregation and reporting level rather than at the facility point of care, particularly in rural areas where infrastructure constraints are most acute.",
GAB,Gabon,Rural Digitalisation,Status of digitalisation of records in rural facilities,Police,Status,The status of digital data capture in rural police stations,1,Entirely paper,,"Rural police stations in Gabon predominantly use paper-based recording for criminal cases and complaints. A February 2026 government announcement detailed new digital tools like FARIAJ (automated judicial antecedents database) for identity checks and SITA for promotions, aimed at national police efficiency.Ministère de l'Intérieur. However, no evidence indicates deployment at rural point-of-service; these appear centralized/national. A March 2026 APT roundtable on standardized custody registers confirmed current paper-based systems as the baseline, with infrastructure limits in remote areas hindering even paper standardization, and digitalization discussed only as future aspiration.APT. Police complaints site promotes fillable PDF forms requiring in-person validation, suggesting manual processes.FPN. Key barriers: poor rural infrastructure, training gaps, electricity/connectivity issues. National digital ambitions (e.g., Digital Gabon project) exist but gap with rural reality persists, limited to pilots/central use.",rural-police-status,2,https://www.interieur.gouv.ga/9-actualites/804-forces-de-police-nationale-la-digitalisation-en-marche-/;https://www.apt.ch/news/gabon-moves-strengthen-judicial-safeguards-standardised-custody-registers;https://fpn.ga/infos-aux-usagers/plaintes-depositions/,3,Low,no_year,No data year recorded - must be populated during verification.,,https://www.apt.ch/news/gabon-moves-strengthen-judicial-safeguards-standardised-custody-registers; https://agpgabon.ga/gabon-la-police-nationale-sur-la-voie-de-la-digitalisation/; https://ethiquemediagabon.net/?p=14508,"Confirmed. A February 2026 national roundtable convened by the Ministry of Justice and the Association for the Prevention of Torture (APT) explicitly describes current record-keeping in Gabon's police stations and gendarmerie brigades as paper-based, with digitalisation of custody records discussed only as a future aspiration and infrastructure limitations flagged as a particular constraint in remote/rural areas. National digitalisation projects announced the same month (FARIAJ automated judicial-antecedents database, SITA promotions system) are centralised tools operated at national level, not point-of-service record capture at individual stations. A May 2026 deployment of the 'Identity Secu' citizen-complaint app is confirmed limited to a handful of Libreville neighbourhoods (the PK9 corridor), explicitly described as a first phase, with extension to other zones still pending - no evidence of any rural rollout. Score 1 stands for rural police stations specifically.",2026,high,"Rural police stations in Gabon rely on paper-based recording for criminal cases, complaints and custody records. A February 2026 national roundtable on standardised custody registers, convened by the Ministry of Justice and the Association for the Prevention of Torture, confirms that current record-keeping in police stations and gendarmerie brigades is paper-based, with digitalisation of custody records discussed only as a future ambition and infrastructure limitations flagged as a particular constraint in remote areas. National digitalisation projects announced around the same time, such as the FARIAJ judicial-antecedents database and the SITA promotions system, operate at a centralised level rather than providing point-of-service digital capture. A digital citizen-complaint application launched in May 2026 remains confined to a small number of Libreville neighbourhoods, with rural expansion still pending.",
GAB,Gabon,Rural Digitalisation,Status of digitalisation of records in rural facilities,Registry,Status,The status of digital data capture in rural civil registry offices,1,Entirely paper,,"Rural registry offices in Gabon primarily use paper-based processes for birth registration. Declarations are made to civil registrars within extended timelines (1 month in rural areas per recent law changes), involving manual supplementary judgments from tribunals and transcription into certificates via ""One-Stop Centres"" in provinces. No evidence found of routine digital recording at point-of-service in rural facilities; processes described as complex administrative/legal without mention of e-CRVS or electronic entry at registries. Digital pilots exist for data collection (e.g., Go-Data app for mapping hard-to-reach populations) and national health info systems are planned, but CRVS remains non-centralized with poor interoperability to HMIS. Barriers include remoteness, low awareness, cultural practices among indigenous groups, coordination gaps, and Covid-19 delays. National policy aims at integration (e.g., registration at health facilities), but rural reality lags with low pickup rates (34%) and focus on late registrations via projects rather than real-time digital point-of-care. High national completeness (~90% in 2012 DHS) masks rural challenges; no specific rural digital evidence post-2012.",rural-registry-status,4,https://openknowledge.worldbank.org/entities/publication/51e6f0b5-1de7-55f8-96d1-fa8d898c8552;https://mptf.undp.org/sites/default/files/documents/2023-05/gabon_final_report.pdf;https://apai-crvs.uneca.org/sites/default/files/resourcefiles/report_on_the_status_of_civil_registration_and_vital_statistics_in_africa.pdf,3,Low,no_year,No data year recorded - must be populated during verification.,,https://journal-officiel.ga/18873-008-2022-/; https://id4africa.com/wp-content/uploads/2023/06/PS3-6-Massamba-Gueremy-Gabon-Thales.pdf; https://mptf.undp.org/sites/default/files/documents/35000/gabon_lnob_annual_report_2020.pdf,"Confirmed. Law 008/2022 (Journal Officiel) establishes a legal framework for a digital, biometric, centralised civil registry (etat civil numerique, biometrique et centralise), but this is a legislative aspiration rather than an operational reality. A 2023 ID4Africa/Thales presentation on the IBOGA national identity project explicitly depicts the current ('today') civil registration system as 'paper-based, decentralised', with a centralised digital civil registry positioned as the future ('tomorrow') state once IBOGA is deployed - direct evidence that rural registry offices were not yet digitised as of 2023. UNDP joint-programme reporting corroborates this: rural birth registration relies on manual declarations, tribunal-issued supplementary judgments for late registration, and paper-based provincial 'One-Stop Centres', with no evidence of routine digital point-of-service capture. Score 1 stands. The World Bank publication originally cited (openknowledge.worldbank.org) returned only a bare title with no retrievable content and could not be used as supporting evidence.",2023,medium,"Rural civil registry offices in Gabon record vital events on paper at the point of registration. Although Law 008/2022 establishes a legal framework for a digital, biometric and centralised civil registry, implementation is still under way: a 2023 national identity project presentation (IBOGA, presented at ID4Africa) depicts the current civil registration system as paper-based and decentralised, with a centralised digital registry positioned as a future state once the project is deployed. Rural birth registration continues to rely on manual declarations to civil registrars, tribunal-issued supplementary judgments for late registrations, and paper processing through provincial One-Stop Centres, with no evidence of routine digital data capture at rural registry offices.",
GAB,Gabon,Rural Digitalisation,Status of digitalisation of records in rural facilities,School,Status,The status of digital data capture in rural primary schools,1,Entirely paper,,"Gabon has implemented SIGE (Système d’Information pour la Gestion de l’Éducation), a digital education management information system for collecting, analyzing, and exploiting educational data, including recent integration of school health indicators Gabon Media Time. Ministry prioritizes strengthening school data collection with World Bank tablets and UNESCO software for field collection, with training ongoing PointNoirTV. UNESCO SDG4 data relies on administrative sources alongside surveys UNESCO SDG4 Profile. No evidence of direct digital recording (e.g., tablets for attendance/grades) at rural primary school level; efforts suggest pilots/district aggregation from paper, fitting score 2. Broader digital Gabon push exists but civil registry remains paper-based analogously World Bank Digital Gabon.",rural-school-status,3,https://gabonmediatime.com/gabon-integration-de-la-sante-scolaire-dans-le-systeme-de-gestion-educative/;https://pointnoirtv.com/2025/03/11/gabon-renforcement-de-la-collecte-des-donnees-scolaires-une-priorite-pour-le-ministere-de-leducation-nationale/;https://download.uis.unesco.org/SDG4/SDG4-Profile-Gabon.pdf;https://documents1.worldbank.org/curated/en/301741627956043619/txt/Gabon-Digital-Gabon-Project.txt,4,Low,no_year,No data year recorded - must be populated during verification.,2,https://pointnoirtv.com/2025/03/11/gabon-renforcement-de-la-collecte-des-donnees-scolaires-une-priorite-pour-le-ministere-de-leducation-nationale/; https://www.baobabpulse.com/article/gabons-ministry-of-national-education-unicef-and-airtel-gabon-distribute-digital-teir8k; https://gabonmediatime.com/gabon-integration-de-la-sante-scolaire-dans-le-systeme-de-gestion-educative/,"Recalculated from 1 to 2. The Value Code recorded on the row (1, Entirely paper) contradicted the row's own Comments text, which explicitly argued for a score of 2 ('fitting score 2') - this inconsistency has been corrected. Evidence: in March 2025 the Ministry of Education, the World Bank and UNESCO announced provision of tablets and data-collection software to strengthen SIGE-based school data collection, with several establishments already equipped and training under way. By June 2026 a related UNICEF/Airtel digital-education programme had expanded to 146 schools connected nationally (a minority of Gabon's total primary schools), with fifth-grade curricula digitised on the Learning Passport platform, 120 teachers trained, and 140 establishments connected to the internet; earlier reporting confirms this programme has reached at least one explicitly rural school (Oyane 4), though it is oriented mainly towards learning-content delivery rather than administrative record capture. Taken together, this is partial, still-expanding digital data capture concentrated in a minority of schools, consistent with 'mostly paper, some digital' (code 2) rather than 'entirely paper' (code 1); there is no evidence supporting the higher 'mostly digital' (code 3).",2026,medium,"Rural primary schools in Gabon predominantly rely on paper administrative records, with digital data capture only partially introduced. Since March 2025 the Ministry of National Education, working with the World Bank and UNESCO, has been distributing tablets and data-collection software to strengthen the Systeme d'Information pour la Gestion de l'Education (SIGE), reaching a growing but still minority number of schools nationally by mid-2026 (146 schools connected, fifth-grade curricula digitised via the Learning Passport platform, 120 teachers trained). Separate UNICEF-Airtel digital-learning partnerships have equipped some rural schools, including Oyane 4, with tablets and connectivity, although these programmes are oriented towards learning-content delivery rather than administrative data capture. Overall, digital data capture in rural primary schools remains the exception rather than the rule, with paper records still predominant but digital tools increasingly present.",
GHA,Ghana,Rural Digitalisation,Status of digitalisation of records in rural facilities,Police,Status,The status of digital data capture in rural police stations,1,Entirely paper,,"Rural Ghana police stations predominantly use paper-based records for case files, complaints, and incidents. Key evidence: Local stations record on paper files (easily lost), lack modern technology especially in smaller towns/hinterlands; records physically transported to Accra CID HQ for central database (no remote sync). CDSB receives crime details on paper CID Forms 6/8 from stations. Ongoing central digitization of old records partial (AFIS 2011, but only 3700 fingerprints captured). Recent central services digitized (e.g., clearance 2023), but no evidence of station-level digital case recording. New IPDMS (2025) promoted but appears promotional/pilot, not rolled out to rural. Academic study (2023) confirms manual processes; hinterland data rarely included nationally. Score 1: entirely paper-based at rural facilities, digitized later centrally.",rural-police-status,2,https://researchonline.jcu.edu.au/79959/1/79959.pdf;https://police.gov.gh/en/index.php/criminal-data-service-bureau-cdsb/;https://journals.sagepub.com/doi/10.1177/17488958231161429,3,Low,no_year,No data year recorded - must be populated during verification.,,https://police.gov.gh/en/index.php/criminal-data-service-bureau-cdsb/;https://ideas.repec.org/a/rbs/ijbrss/v13y2024i8p139-150.html;https://233times.net/2025/07/ghana-police-to-establish-ai-powered-crime-fighting-centre-this-year-igp/,"Cited CDSB source fetched and confirmed directly; the original sagepub source returned a 403 error on fetch and could not be re-verified, and the JCU repository source was not re-checked. A fresh search covering 2024-2025 finds no evidence that rural police stations have moved beyond paper-based case recording: the Criminal Data Service Bureau still receives paper CID Forms 6/8 from stations, only around 3,700 fingerprint records have been digitised centrally via AFIS, and 2024-2025 initiatives (an AI-powered Real-Time Crime Centre, community policing technology studies, GIS policing research) are concentrated in Accra/major regions or remain at proposal/pilot stage with no rural station-level rollout. Score of 1 (Entirely paper) confirmed.",2024,medium,"Rural police stations in Ghana continue to rely on paper-based case files and CID Forms 6 and 8 for recording complaints and incidents, which are physically transported to the Criminal Investigations Department in Accra for later digitisation into the Automated Fingerprint Identification System (AFIS) and Criminal Records Database. Only a small fraction of historical records (around 3,700 fingerprint sets) has been digitised centrally, and national initiatives such as the planned AI-powered Real-Time Crime Centre (announced 2025) and the Integrated Police Data Management System remain concentrated in Accra with no evidence of rollout to rural stations. Studies of community policing technology use in Ghana (2024) find that officers rely mainly on personal mobile phones rather than dedicated digital case-management systems, constrained by financial limitations and low digital literacy, particularly outside major urban centres.",
GHA,Ghana,Rural Digitalisation,Status of digitalisation of records in rural facilities,Clinic,Status,The status of digital data capture in rural primary healthcare clinics,2,Mostly paper -  some digital,,"Rural primary healthcare clinics in Ghana, particularly CHPS compounds, predominantly use paper-based registers for patient data recording at point of care. Aggregate data is compiled monthly on paper tallies and entered into DHIMS2 (DHIS2) at district level for national reporting.PLOS Digital Health Patient-level EHR like LHIMS is standard in district/regional hospitals and urban facilities in 16 regional capitals, with ongoing efforts to extend to health centers, but not yet rolled out to most rural clinics.[Same] In a semi-rural district, only two hospitals used EHR while ""the rest are all health centers that rely on paper records.""Digital Health journal Pilots like Simprints biometrics exist in select rural CHPS (e.g., 325 Eastern Region facilities), but represent isolated donor projects.[Global Citizen] Barriers include unreliable rural electricity/internet, low digital literacy (esp. older managers), staff turnover, training gaps, and interoperability issues between DHIMS/LHIMS. National policy (2023-2027 Digital Health Strategy) aims for digital transformation, but rural POC lags behind urban/secondary care and aggregate systems, with paper default.WHO-extranet policy",rural-clinic-status,1,https://pmc.ncbi.nlm.nih.gov/articles/PMC12758792/;https://pmc.ncbi.nlm.nih.gov/articles/PMC12576109/;https://extranet.who.int/cpcd/sites/default/files/public_file_repository/gha_ghana_policy-and-strategy-on-digital-health_2023-2027.pdf,3,Low,no_year,No data year recorded - must be populated during verification.,,https://doi.org/10.21037/mhealth-24-42;https://journals.plos.org/plosone/article?id=10.1371%2Fjournal.pone.0341176;https://pmc.ncbi.nlm.nih.gov/articles/PMC12576109/,"Original cited PMC sources were blocked by a bot-check on direct fetch but were corroborated via search highlights; the WHO digital health strategy source was not re-fetched. Cross-referenced with three additional 2025 studies: a Savannah Region case report on DHIS2 e-Tracker rollout to CHPS compounds (partial, inconsistent uptake even among enrolled facilities), a Northern Ghana CHPS study, and an Ashanti semi-rural EHR survey confirming health centres rely on paper records while only hospitals use EHR. All confirm paper-based recording remains the norm at rural facility level with only partial, donor-supported digital pilots. Score of 2 (Mostly paper - some digital) confirmed.",2025,high,"Rural primary healthcare clinics in Ghana, particularly Community-based Health Planning and Services (CHPS) compounds, predominantly record patient data on paper registers and tally sheets at the point of care. Aggregate figures are subsequently entered into the District Health Information Management System 2 (DHIMS2) at facility or district level. Point-of-care electronic tools such as the DHIS2 e-Tracker have been piloted in selected regions (for example Savannah Region from 2023), but uptake even within pilot facilities is partial and inconsistent, and 2025 studies confirm that most rural health centres continue to rely on paper records, with electronic health record systems concentrated in district and regional hospitals rather than rural facilities.",
GHA,Ghana,Rural Digitalisation,Status of digitalisation of records in rural facilities,Registry,Status,The status of digital data capture in rural civil registry offices,2,Mostly paper -  some digital,,"Rural registry offices in Ghana predominantly use paper-based recording for births, with forms filled manually at local points and later aggregated or scanned for electronic transmission to district/regional/central levels, as per traditional structure under Act 301/1027 and UNECA assessment listing Ghana for electronic transmission but not full district-wide digitalization at point-of-service [Journal of Public Health in Africa study]. Digital pilots like m-Birth (UNICEF-supported since 2017) enable some electronic capture via mobile in rural/remote areas, but coverage is limited by infrastructure/connectivity gaps, benefiting urban more than rural, with persistent urban-rural disparities (64-70% rural registration vs 80% urban) [Int J Pediatrics 2025]. Barriers include poor electricity/internet in rural areas, low staffing/resources, geographical access issues, and incomplete rollout beyond pilots/outreach. National ambitions (Act 1027 decentralization/digitalization, CRVS plans) outpace rural reality, where paper remains default with digital for aggregate reporting/pilots [UNECA CRVS Digitalization report].",rural-registry-status,4,https://pmc.ncbi.nlm.nih.gov/articles/PMC5345480/;https://pmc.ncbi.nlm.nih.gov/articles/PMC12614733/;https://apai-crvs.uneca.org/sites/default/files/resourcefiles/Digitalization%20of%20Civil%20Registration%20and%20Vital%20Statistics%20in%20Africa.pdf,3,Low,no_year,No data year recorded - must be populated during verification.,,https://www.adomonline.com/births-and-deaths-registry-validates-plan-to-digitise-national-vital-statistics/;https://doi.org/10.1155/ijpe/8458061;https://getinthepicture.org/system/files/sites/default/files/C1_Session%204.2_Owusu_Paper_0.pdf,"Original UNECA assessment source fetched and confirmed general picture; one cited PMC link was blocked by a bot-check on direct fetch. Fresh search finds a major national reform, the Ghana Card Number at Birth System (launched March 2024), which links health-facility birth records electronically to the Births and Deaths Registry and National Identification Authority, but the Registry's own 2025-2030 CRVS Strategic Plan (validated July 2025) identifies 'expanding mobile registration in remote areas' as a forward priority, indicating rural offices have not yet made this transition, and a 2025 peer-reviewed review confirms digitalisation gains have favoured urban over rural areas owing to persistent infrastructure gaps. Score of 2 (Mostly paper - some digital) confirmed.",2025,medium,"Rural civil registry offices in Ghana record births primarily on paper forms at the point of service, with data subsequently compiled and, where infrastructure allows, transmitted electronically to district, regional and national databases. Digital tools such as the m-Birth mobile platform and the Ghana Card Number at Birth System (launched March 2024, linking the Ghana Health Service, the Births and Deaths Registry and the National Identification Authority) have extended some electronic capture to births occurring in health facilities with adequate connectivity. However, the Births and Deaths Registry's own 2025-2030 CRVS Strategic Plan identifies expansion of mobile registration to remote areas as a forward priority, and current academic literature confirms that digitalisation gains have disproportionately benefited urban over rural areas owing to persistent infrastructure and connectivity constraints.",
GHA,Ghana,Rural Digitalisation,Status of digitalisation of records in rural facilities,School,Status,The status of digital data capture in rural primary schools,2,Mostly paper -  some digital,,"Rural primary schools in Ghana predominantly use paper-based recording for administrative data, attendance, and learning outcomes, such as manual registers and annual census questionnaires completed by head teachers. These paper forms are forwarded to district and regional offices for data entry and aggregation into the national EMIS, with no routine digital entry at the point of service in most rural facilities.World Bank EMIS Ghana Digital systems like the GES EMIS mobile app for annual census data entry exist and are promoted for teachers, but daily attendance remains paper-based. Pilots such as mSRC app (2014, 20 districts) and GALOP project laptops for weekly attendance uploads represent isolated donor/Gov initiatives, not standard across rural Ghana. Recent studies (2025) show rural headteachers use basic digital tools (spreadsheets 50%, email 50%) inconsistently due to infrastructure gaps (internet, electricity, hardware).GSCARR ICT Study Barriers include poor connectivity, low IT capacity, teacher training deficits, and resource scarcity in rural areas vs. urban. National EMIS ambition contrasts with rural paper reality, where data is transcribed higher up.UEW Record Keeping Thesis",rural-school-status,3,https://documents1.worldbank.org/curated/en/133081468031776923/pdf/466190NWP0Box310Case0Study0Ghana111.pdf;https://gsconlinepress.com/journals/gscarr/sites/default/files/GSCARR-2025-0350.pdf;https://ir.uew.edu.gh/bitstream/handle/123456789/4484/Record%20keeping%20practices%20of%20primary%20school%20teachers%20in%20Sagnarigu%20district%20of%20northern%20region%20of%20Ghana.pdf?sequence=1&isAllowed=y,4,Low,no_year,No data year recorded - must be populated during verification.,,https://gsconlinepress.com/journals/gscarr/sites/default/files/GSCARR-2025-0350.pdf;https://www.globalpartnership.org/node/document/download?file=document%2Ffile%2F2024-10-gpe-program-document-system-capacity-grant-ghana.pdf;https://apply07.grants.gov/grantsws/rest/opportunity/att/download/320846,"Cited GSCARR 2025 study fetched and confirmed; World Bank case study and UEW thesis were not re-fetched but are consistent with fresh findings. A 2024 Global Partnership for Education programme document confirms EMIS was digitised in 2022 but functions primarily as an annual census/aggregate reporting tool rather than day-to-day facility-level data capture, with daily attendance and mSRC reporting still transitioning from paper. The GSCARR 2025 Wenchi Municipality study confirms inconsistent ICT use by rural headteachers for administrative tasks despite the One-Teacher-One-Laptop programme, with a marked urban-rural divide driven by infrastructure gaps. Score of 2 (Mostly paper - some digital) confirmed.",2025,medium,"Rural primary schools in Ghana predominantly use paper-based registers for day-to-day administrative data such as attendance, with head teachers completing an annual EMIS census (digitised since 2022) that is entered via a mobile app or web platform at a later point rather than captured digitally at the moment of use. Digital tools including the mobile School Report Card (mSRC) exist to support weekly reporting, but a 2025 study of rural headteachers in the Wenchi Municipality found that use of ICT for administrative and data-management tasks remains inconsistent and significantly behind urban schools, constrained by infrastructure gaps in electricity, internet connectivity and hardware.",
GIN,Guinea,Rural Digitalisation,Status of digitalisation of records in rural facilities,Police,Status,The status of digital data capture in rural police stations,1,Entirely paper,,"Rural police stations in Guinea (Police Nationale/Gendarmerie) record case files, complaints, and incidents using handwritten paper-based procès-verbaux (PVs), as per standard francophone African practice and Guinea's Code de Procédure Pénale. The 2018 MSPC Police Statistical Yearbook reports 8,843 PVs drawn up nationwide (including rural CCPs/DRPs like N'Zérékoré, Faranah), based on manual registers/fiches; rural challenges include poor archiving, no computers or vehicles. The Innovatrics ABIS in Conakry digitises paper criminal records/fingerprints centrally, with regions sending paper for central processing — this does not constitute digital recording at rural facility level. US State Dept HR reports (2023/2024) describe manual detentions with no digital recording at stations. No rural-specific digital evidence found; entirely paper-based at point of service.",rural-police-status,2,https://www.stat-guinee.org/images/Documents/Publications/SSN/mspc/MSPC_ANNUAIRE_2018.pdf;https://www.innovatrics.com/resources/digitalization-of-police-investigation-in-west-africa/;https://www.state.gov/wp-content/uploads/2025/07/624521_GUINEA-2024-HUMAN-RIGHTS-REPORT.pdf,3,Low,no_year,No data year recorded - must be populated during verification.,,https://www.stat-guinee.org/images/Documents/Publications/SSN/mspc/MSPC_ANNUAIRE_2018.pdf;https://www.innovatrics.com/resources/digitalization-of-police-investigation-in-west-africa/;https://www.imedias.net/guinee-deux-nouvelles-infrastructures-securitaires-renforcent-la-capacite-operationnelle-de-la-police-nationale/,"Confirmed Entirely paper (1). Verified the original 2018 MSPC statistical yearbook (manual registers underpin all reported activity) and the Innovatrics ABIS case study (central Conakry digitisation only, paper still submitted from regions). The cited state.gov HR report URL returned a technical-difficulties error and could not be verified, so it is not relied upon. A fresh search found a November 2025 government announcement on new police infrastructure (Danompa commissariat, CMIS n°22) stating that digital operational management systems are planned only from 2026 onwards, confirming that routine data capture at police facilities, particularly rural ones, is still paper-based today. No change to score.",2025,medium,"Rural police stations in Guinea (Police Nationale and Gendarmerie) continue to record case files, complaints and criminal proceedings (procès-verbaux) by hand on paper, in line with the Code de Procédure Pénale. The 2018 Ministry of Security and Civil Protection statistical yearbook records thousands of manually compiled procès-verbaux nationwide, including in rural commissariats and gendarmerie brigades, based on paper registers. The national Automated Biometric Identification System, supplied by Innovatrics, digitises fingerprint and criminal records centrally in Conakry, with regional stations still submitting material on paper for central processing rather than capturing data digitally at the point of service. As of late 2025, government announcements on new police infrastructure describe plans to introduce digital operational management systems only from 2026 onwards, indicating that routine data capture at police facilities, particularly in rural areas, remains entirely paper-based.",
GIN,Guinea,Rural Digitalisation,Status of digitalisation of records in rural facilities,Registry,Status,The status of digital data capture in rural civil registry offices,1,Entirely paper,,"Rural registry offices in Guinea primarily use paper-based systems for birth registration. Vital events like births occurring at home are first recorded in paper ""village notebooks"" by local sector chiefs and then forwarded to the head of the rural commune (mayor or delegate), who serves as the official registrar and issues certificates manually (UNICEF Profile; UNECA Snapshot). Processing is explicitly ""manually (on paper)."" Limited digital elements exist in isolated pilots and some urban/commune centers: a 2017 modernization pilot in rural N’zerekore region introduced computers (standalone, not networked); an EU-backed project (2021-2024) in 10 municipalities digitizes existing paper records into a national database post-recording; ~40 centers acquiring computers with local backups planned. No evidence of digital tools at point-of-service in most rural facilities or networked systems for routine use (UNECA Snapshot; Enabel Project). Key barriers: poor accessibility (centers often >5km from villages), untrained volunteer staff, lack of electricity/connectivity, large backlog (>25% unregistered births). National CRVS Reform Strategy (2018-2022) aims at modernization/DHIS2 linkage, but rural point-of-service remains paper-dominant, with digital limited to aggregation/pilots—not shifting majority to digital recording.",rural-registry-status,4,https://fln.dk/media/0n3fpx2w/guin205.pdf;https://apai-crvs.uneca.org/sites/default/files/resourcefiles/CRVS_GuineeSnapshot_e.pdf;https://citizenshiprightsafrica.org/the-modernisation-of-guineas-civil-registry-inspired-by-belgiums-experience/,3,Low,no_year,No data year recorded - must be populated during verification.,2,https://ravec.gov.gn/;https://presidence.gov.gn/programme-national-de-recensement-administratif-a-vocation-detat-civil-pn-ravec-le-president-de-la-republique-s-e-le-general-mamadi-doumbouya-donne-lexemple-en-senrolant/;https://agpguinee.com/mandiana-pn-ravec-1200-centres-denrolement-deployes-dans-la-prefecture/;https://gouvernement.gov.gn/le-premier-ministre-receptionne-les-kits-denrolement-biometrique/;https://fln.dk/media/0n3fpx2w/guin205.pdf,"Recalculated from Entirely paper (1) to Mostly paper - some digital (2). The UNICEF CRVS profile (fln.dk) confirms the legacy paper-based, decentralised mayoral registration process; the two other originally cited sources (UNECA snapshot, citizenshiprightsafrica) could not be fetched (repeated timeouts) so are not relied upon further. Fresh, well-corroborated primary government sources show that since April 2025 the government has run the Programme National de Recensement Administratif a Vocation d'Etat Civil (PN-RAVEC), a nationwide biometric civil-status enrolment campaign using computers and biometric kits deployed to enrolment centres across the country, including rural prefectures (e.g. around 300 centres in rural Mandiana prefecture), feeding a new National Civil Status Register (RNEC) under an April 2025 decree that explicitly permits paper or electronic declaration by registrars. This is genuine evidence of a shift towards digital capture, but PN-RAVEC is a census-style enrolment campaign rather than confirmed proof that routine, day-to-day rural civil registry office operations (recording new births/deaths as they occur) are now digitised, so this is flagged for human review rather than asserted with full confidence.",2025,medium,"Civil registration in rural Guinea has historically relied on paper-based recording: vital events are first noted in paper village registers by local chiefs and then transmitted to the commune registrar (mayor or delegate) for manual certification. Since April 2025, the government has rolled out the Programme National de Recensement Administratif a Vocation d'Etat Civil (PN-RAVEC), a nationwide biometric enrolment campaign that captures civil-status facts (births, marriages, deaths, adoptions) digitally using computers and fingerprint/iris scanners deployed to hundreds of enrolment centres, including in rural prefectures such as Mandiana, which alone hosted around 300 centres. The programme feeds a new National Civil Status Register (RNEC), and its implementing decree allows registrars to record events on paper or electronically. This represents a genuine, though still developing, shift towards digital capture in the civil registration system, alongside earlier EU-backed pilots (2021-2024) and computer provision in around 40 centres, with paper registers continuing to be used for routine registration in most rural offices.",human_review
GIN,Guinea,Rural Digitalisation,Status of digitalisation of records in rural facilities,School,Status,The status of digital data capture in rural primary schools,1,Entirely paper,,"Rural primary schools in Guinea use paper-based registers for recording administrative data, attendance, and learning outcomes. National EMIS exists with data aggregated by the National Institute of Statistics into yearbooks, but collection at rural facilities remains entirely manual, later transcribed at higher levels. A World Bank project (BOSIB, closed 2024) piloted tablets for ~25,000 primary teachers and mobile data entry, but failed to achieve its targets: 0% of schools achieved digital data integration or dashboard usage. The GIGA/UNICEF connectivity project (2025-2026) aims to connect 2,200 schools but is prospective. Only 35% of primary schools have electricity. No evidence of any functioning digital recording system at rural school level; the failed pilot with 0% adoption does not constitute digital presence at point of service.",rural-school-status,3,https://www.iicba.unesco.org/en/guinea;https://documents1.worldbank.org/curated/en/099021025115512289/pdf/BOSIB-e98530da-4262-4114-a3b8-9e4daa06717a.pdf;https://www.ecofinagency.com/news-digital/0711-50249-guinea-kicks-off-plan-to-bring-internet-to-2-200-schools,3,Low,no_year,No data year recorded - must be populated during verification.,,https://documents1.worldbank.org/curated/en/099021025115512289/pdf/BOSIB-e98530da-4262-4114-a3b8-9e4daa06717a.pdf;https://www.ecofinagency.com/news-digital/0711-50249-guinea-kicks-off-plan-to-bring-internet-to-2-200-schools;https://www.iicba.unesco.org/en/guinea,"Confirmed Entirely paper (1). Verified the World Bank BOSIB/PrePEF Implementation Completion Report (January 2024): the government cancelled the disbursement-linked results requiring school-level information to be entered via mobile technology and integrated into a national database in at least 90% of schools, and requiring dashboard use by at least 20% of decision-makers, i.e. the digital data-capture targets were abandoned rather than partially met. The GIGA/UNICEF connectivity project (launched November 2025) addresses internet access, not administrative data capture, and is still being rolled out. No change to score.",2024,high,"Rural primary schools in Guinea continue to record attendance, enrolment and learning-outcome data on paper. The World Bank-financed Early Childhood and Basic Education project, which closed with an Implementation Completion Report in January 2024, piloted tablets and mobile data entry for around 25,000 primary teachers, but the government ultimately cancelled the disbursement-linked results requiring school-level information to be entered via mobile technology and integrated into a national database for at least 90 percent of schools, and requiring dashboards to be used by at least 20 percent of decision-makers. The GIGA/UNICEF connectivity initiative, launched in November 2025, aims to connect 2,200 public primary schools to the internet by the end of 2026, with around 600 schools equipped so far, but this addresses internet access rather than digital administrative data capture. No evidence indicates a functioning digital record-keeping system at the rural school level; data capture at the point of service remains entirely paper-based.",
GIN,Guinea,Rural Digitalisation,Status of digitalisation of records in rural facilities,Clinic,Status,The status of digital data capture in rural primary healthcare clinics,2,Mostly paper -  some digital,,"Rural primary healthcare clinics in Guinea predominantly use paper-based systems for patient data recording, including registers and forms for routine care and initial surveillance reporting. Aggregate weekly disease data and individual case notifications are compiled on paper at clinics/health centers and sent to District Health Offices for digital entry into DHIS2, which is used nationally for surveillance and routine monthly reporting since 2016.Implementation of DHIS2 for Disease Surveillance in Guinea. No evidence of widespread point-of-care digital systems like EMRs in government rural clinics; Swiss Re Foundation notes pre-project reliance on paper.Swiss Re Foundation on Clinic+O. Digital pilots exist, e.g., Clinic+O NGO deploys offline EMRs and dashboards in select rural CHCs/community outreach, integrating with national systems via manual uploads; successful but limited scale.Oxford Open Digital Health study. Barriers: poor connectivity/electricity, staff shortages/training gaps, infrastructure lacks. National policy pushes DHIS2 post-Ebola, but rural point-of-service remains paper; digital for district aggregation only. Score 2 reflects paper default with isolated donor pilots, not majority routine use.",rural-clinic-status,1,https://pmc.ncbi.nlm.nih.gov/articles/PMC8811041/;https://www.swissrefoundation.org/what-we-do/projects/access-to-health/Clinic-O--Strengthening-community-based-primary-healthcare-in-rural-Guinea.html;https://pmc.ncbi.nlm.nih.gov/articles/PMC11932417/,3,Low,no_year,No data year recorded - must be populated during verification.,,https://www.swissrefoundation.org/what-we-do/projects/access-to-health/Clinic-O--Strengthening-community-based-primary-healthcare-in-rural-Guinea.html;https://www.gavi.org/sites/default/files/evaluations/Decentralised/Report_eLMIS-evaluation_Guinea.pdf;https://www.frontiersin.org/journals/public-health/articles/10.3389/fpubh.2021.761196/full;https://pasa2.sante.gov.gn/activite-cle/gestion-analyse-et-validation-des-donnees-snis-dhis2/,"Confirmed Mostly paper - some digital (2). The two originally cited PMC articles were blocked by a bot-check and could not be fetched; findings from the same underlying research (DHIS2 rollout history and the Clinic+O digital tool feasibility study) were instead verified via the Frontiers in Public Health article and the Swiss Re Foundation project page. A Gavi-funded evaluation found that, as of March 2022, only 59 of 444 health centres nationwide had implemented the electronic logistics management system for vaccine stock, of which just 4 were rural. A PASA2/Ministry of Health programme report shows computer kits and solar power were provided mainly to district-level structures (hospitals, prefectural health directorates) rather than to primary rural clinics, where paper primary registers continue to be reproduced and disseminated. The Swiss Re Foundation Clinic+O project, launched in late 2025, explicitly frames rural community health centres as reliant on paper-based systems today. No change to score.",2025,medium,"Rural primary healthcare clinics in Guinea predominantly record patient data on paper. Weekly aggregate disease-surveillance data and individual case notifications are compiled on paper at health centres before being entered into DHIS2 at district level, the national platform used since 2018 for routine reporting. A Gavi-funded evaluation found that, as of March 2022, only 59 of 444 health centres nationwide had implemented the electronic logistics management information system for vaccine stock, of which just four were rural, with paper vaccine registers remaining the norm elsewhere. The Clinic+O initiative, an NGO-led programme launched in late 2025 with Swiss Re Foundation support, is digitising data collection at selected rural community health centres using offline electronic medical records and tablets, integrating with the national health information system, while explicitly describing rural centres as currently reliant on paper-based systems. This combination of a paper-based default with limited, growing digital pilots at facility level supports a status of mostly paper with some digital capture.",
GMB,Gambia,Rural Digitalisation,Status of digitalisation of records in rural facilities,Police,Status,The status of digital data capture in rural police stations,1,Entirely paper,,"Rural police stations in Gambia rely entirely on paper-based recording for criminal cases and complaints. Official manuals mandate use of station diaries, pocket diaries, and Diary of Action for logging arrests, statements, incidents, and actions, with no reference to digital tools. Procedures describe manual writing, signing, and copying entries. In March 2026, Inspector General of Police Seedy Mukhtar Touray called for transition from paper documentation to digital systems for speed, cost savings, and efficiency, indicating current nationwide reliance on paper. UNDP-supported community policing includes mobile data apps linked to case management in some areas like Upper River Region, but this is for patrols and reporting, not core station case dockets; represents isolated donor project. No evidence of digital case management rollout at majority of rural stations; new model stations (GIZ/EU-funded) emphasize infrastructure/human rights, not IT. Barriers include lack of training facilities, mobility, rural electricity access (31% per BTI), and infrastructure. National digital ambitions (e.g., NDP digital nation) and justice pilots (UNDP feasibility study for digital case mgmt) exist, but rural point-of-service remains manual, with data likely aggregated upward manually.",rural-police-status,2,https://standard.gm/police-must-transition-from-paper-documentation-to-digitalised-mode-igp/;https://ons.gov.gm/security-legislation/wp-content/uploads/2022/05/GPF-DCAF-ARREST-AND-DETENTION-MANUAL.pdf;https://www.undp.org/gambia/stories/essau-gambisara-reimagining-community-policing-across-gambia,3,Low,no_year,No data year recorded - must be populated during verification.,,https://www.kerrfatou.com/police-chief-cites-mobility-and-digital-gaps-as-key-operational-challenges/;https://standard.gm/police-must-transition-from-paper-documentation-to-digitalised-mode-igp/;https://ons.gov.gm/security-legislation/wp-content/uploads/2022/05/GPF-DCAF-ARREST-AND-DETENTION-MANUAL.pdf,"Confirmed. Original score of 1 (Entirely paper) is supported by the cited sources and by fresh corroborating reporting. IGP Seedy Mukhtar Touray publicly confirmed in March 2026 (Kerr Fatou, 17 March 2026; The Standard, 24 March 2026) that the Gambia Police Force still relies on paper-based documentation and workflow, calling for a transition to digital records management. An April 2026 national AFIS/fingerprint database launch (Voice Out Digital, Foroyaa) is centred on forensic capacity at Police Headquarters, not routine case recording in rural stations, so it does not change the facility-level assessment. No evidence found of digital case-recording at the point of service in rural stations.",2026,high,"Rural police stations in The Gambia record cases and complaints entirely on paper. Officers use station diaries, pocket diaries and the Diary of Action to log arrests, statements, incidents and actions, with no digital tools referenced in official procedural manuals. In March 2026, Inspector General of Police Seedy Mukhtar Touray publicly confirmed that the force still relies on paper-based documentation and called for a transition to a faster, cheaper digitalised mode of records management. A national Automated Fingerprint Identification System launched in April 2026 modernises forensic and criminal-records capacity at Police Headquarters but does not extend digital case recording to rural stations. Isolated donor-supported community policing initiatives use mobile apps for patrol reporting in some areas (e.g. Upper River Region), but these do not cover core case dockets. Barriers include limited rural electricity access, lack of training infrastructure and mobility constraints.",
GMB,Gambia,Rural Digitalisation,Status of digitalisation of records in rural facilities,Clinic,Status,The status of digital data capture in rural primary healthcare clinics,2,Mostly paper -  some digital,,"Rural primary healthcare clinics in Gambia predominantly use paper registers and structured forms for recording patient data such as antenatal visits, immunizations, and child health. Data is manually aggregated and transcribed into DHIS2 at district or regional levels for national reporting. The Smart Paper Technology (SPT) hybrid system—where paper forms are scanned and digitized post-visit, then synced to DHIS2—has been scaled nationally for the Expanded Programme on Immunization (EPI) and piloted in urban facilities like Bundung Maternal and Child Hospital, enabling mother-child record linkage and improved data quality. However, point-of-care recording remains paper-based even in SPT areas. Limited pilots like TB e-Tracker exist in some rural sites. Key barriers include unreliable electricity, internet connectivity, scanning equipment shortages, and staff training needs, especially in rural areas. While national policy emphasizes HMIS/DHIS2, rural facilities lag with paper as default; digital efforts are donor-driven pilots or aggregation tools, not routine point-of-service use. No evidence majority of rural clinics digitally record data onsite.World Bank PHC Assessment;Nigeria Health Watch SPT",rural-clinic-status,1,https://documents1.worldbank.org/curated/en/099121523194133413/pdf/P1598650585e0e01c0b8ae0dcc1f1cc826c.pdf;https://articles.nigeriahealthwatch.com/smart-paper-technology-is-transforming-community-health-data-capture-in-the-gambia/;https://pmc.ncbi.nlm.nih.gov/articles/PMC11987008/,3,Low,no_year,No data year recorded - must be populated during verification.,,https://journals.theunion.org/content/ijtldo/3/3/138.full.pdf;https://articles.nigeriahealthwatch.com/smart-paper-technology-is-transforming-community-health-data-capture-in-the-gambia/;https://globalvoices.org/2022/07/06/the-gambia-launches-digital-immunization-registry/;https://gambia.actionaid.org/our-projects/my-child-solution-project,"Confirmed, with fresher and more precise evidence. The original sources (World Bank PHC assessment, Nigeria Health Watch, PMC) broadly support 'mostly paper - some digital', but the Smart Paper Technology (SPT) system technically digitises forms at regional scanning centres rather than at the facility, so on a strict facility-level reading SPT alone would not count as digital capture per the metadata guidance. A March 2026 peer-reviewed study (Darboe et al., Union) confirms a genuine facility-level digital pilot: the DHIS2 TB e-Tracker, running at 11 sites (5 of them rural district hospitals - Bansang, Basse, Essau, Farafenni, Soma) since mid-2024, where health workers enter TB case data directly into tablets at the point of care alongside continuing paper registers. This remains a limited pilot rather than majority practice, so 'mostly paper - some digital' is confirmed as the best-supported score.",2025,medium,"Rural primary healthcare clinics in The Gambia predominantly record patient data such as antenatal visits, immunisations and child health on paper registers and forms at the point of care. The Smart Paper Technology (SPT) system, used nationally for the Expanded Programme on Immunisation, keeps data capture paper-based at the facility while forms are scanned and digitised at regional centres, so digitisation effectively occurs above facility level. A more advanced pilot, the DHIS2 TB e-Tracker, has since 2024 enabled genuine point-of-care digital data entry via tablets at 11 sites, including several rural district hospitals, run in hybrid with continuing paper registers. Coverage remains limited to these pilot sites. Persistent barriers to wider digital point-of-service capture include unreliable electricity and internet connectivity, shortages of devices, and staff training gaps, particularly in rural areas.",
GMB,Gambia,Rural Digitalisation,Status of digitalisation of records in rural facilities,Registry,Status,The status of digital data capture in rural civil registry offices,2,Mostly paper -  some digital,,"Rural registry offices in Gambia primarily use manual, paper-based and ledger systems for birth and civil registration, as confirmed in 2020 UN report stating systems for births, deaths, and marriages are not digitized, with only early digitization efforts like pictorial capture under CRVSNOW.UN Gambia CRVS COVID Report Pre-2020, registration was entirely paper-based per World Bank.World Bank Mass Registration Recent eCRVS rollout (2022-23) via health facilities with satellite internet scaled to all facilities, including rural, enabled mass registration of 1.17M people digitally, but focused on health-linked campaigns, not routine point-of-service at dedicated rural registry points.World Bank Mass Registration No evidence majority rural registries routinely use digital at point of care; health facilities may aggregate digitally, but registry remains paper-default with donor digital pilots. Barriers: poor rural internet (addressed via satellite for health), limited infrastructure, low coverage historically (59%). National ambition for eCRVS exists, but rural registry reality lags, relying on paper with upward digital transcription.",rural-registry-status,4,https://www.worldbank.org/en/results/2024/03/28/afw-transformative-journey-of-mass-birth-registration-and-health-insurance-in-the-gambia;https://unstats.un.org/unsd/demographic-social/meetings/2020/Webinar-crvs-africa/docs/W2-E/Gambia.pdf;https://sesricdiag.blob.core.windows.net/sesric-site-blob/imgs/news/1898_PRESENTATION_OICSTATCOM7_S2_POPULATION-HOUSING_GAMBIA.pdf,3,Low,no_year,No data year recorded - must be populated during verification.,3,https://www.worldbank.org/en/results/2024/03/28/afw-transformative-journey-of-mass-birth-registration-and-health-insurance-in-the-gambia;https://alkambatimes.com/ministry-of-health-warns-against-fake-old-birth-certificates/;https://www.voicegambia.com/2021/07/29/gambia-to-start-electronic-birth-registration/;https://www.moj.gm/marriage-registry,"Score revised upward from 2 to 3. The original comments and cited sources (World Bank result page, 2020 UN CRVS report, SESRIC presentation) accurately described the 2022-23 position but understated how far routine practice has since moved. Fresh evidence shows the shift from a one-off mass-registration campaign to routine, digital, point-of-service registration: a March 2024 World Bank results note confirms the Ministry of Health 'has transitioned from mass registration to providing routine registration services in all public health facilities' via the eCRVS system, with devices (desktops, laptops, tablets, scanners) distributed to registration centres nationwide and satellite internet extended to all health facilities including rural ones. An April 2026 Ministry of Health statement states the birth and death registration process is now fully digitised, with new QR-coded digital certificates replacing the old paper format nationwide. Marriage registration, however, remains a separate, paper-based process administered by the Ministry of Justice (physical Civil Marriage Form submission), so full 'entirely digital' status is not supported. Because births and deaths make up the great majority of vital events and are now captured digitally at the point of registration, 'mostly digital - some paper' (3) is the best-supported score. This is a substantive but not maximal score change on the scale, so it is not escalated to human review.",2024,high,"Rural civil registration in The Gambia is now mostly digital. Following a World Bank-financed project, the Ministry of Health transitioned from a paper-based, manual system to an electronic Civil Registration and Vital Statistics (eCRVS) system, distributing digital registration devices (desktops, laptops, tablets, scanners) to registration centres nationwide and extending satellite internet to all health facilities, including rural ones. Since 2024 this has moved from a one-off mass-registration campaign to routine, digital point-of-service registration of births and deaths, with new QR-coded digital certificates replacing the former paper format. Marriage and divorce registration remains a separate, paper-based process administered by the Ministry of Justice. As births and deaths represent the large majority of registered vital events, rural civil registration is best characterised as mostly digital with some continuing paper-based elements.",
GMB,Gambia,Rural Digitalisation,Status of digitalisation of records in rural facilities,School,Status,The status of digital data capture in rural primary schools,2,Mostly paper -  some digital,,"Rural primary schools in The Gambia predominantly use paper-based recording for administrative data, attendance, and learning outcomes. The 2025 Education Statistics Summary Report indicates only 13.2% of schools (10.5% lower basic/primary) have internet for teaching and 15.6% have pedagogical computers nationally, with urban-rural divides exacerbating low access in rural areas (e.g., Regions 5N/6). EMIS data collection relies on school heads' contributions, likely paper forms aggregated centrally. Digital systems like DHIS2 for Education and SEMIS app have been piloted (200 schools in 2020) and scaled nationally by 2021, enabling school-level entry of enrolment, attendance, and performance data via offline Android/Chromebooks, with live dashboards and School Report Cards. However, low infrastructure (electricity 57% in lower basic schools) limits routine point-of-service use in most rural facilities. Key barriers: poor connectivity/electricity, teacher training gaps, multi-grade rural classes. National ambition via MoBSE/GPE KIX/DHIS2 contrasts with rural reality of predominant paper with donor-piloted digital tools.",rural-school-status,3,https://mobse.gov.gm/wp-content/uploads/2025/10/The-Gambia-Education-Statistics-Summary-Report-ESSR-2025.pdf;https://education.dhis2.org/implementation/the-gambia/;https://education.dhis2.org/gambia-data-driven-education/,3,Low,no_year,No data year recorded - must be populated during verification.,,https://mobse.gov.gm/wp-content/uploads/2025/10/The-Gambia-Education-Statistics-Summary-Report-ESSR-2025.pdf;https://education.dhis2.org/implementation/the-gambia/;https://thepoint.gm/africa/gambia/national-news/gambia-launches-first-ever-one-laptop-per-school-initiative;https://www.wearetech.africa/en/fils-uk/news/public-management/gambia-launches-new-initiative-to-digitize-school-management,"Confirmed, with fresher corroborating evidence. The original score of 2 is supported. Since 2021 the SEMIS App (built on DHIS2) has enabled individual-level learner data entry via offline Android/Chromebook devices at national scale, and in September 2024 a 'One Laptop Per School' initiative began equipping school managers/administrators with laptops nationwide to support administrative record-keeping, alongside the 2023 GAMREN rollout extending connectivity to schools. However, the October 2025 Education Statistics Summary Report shows only 13.2% of schools (10.5% of lower basic/primary) have internet for teaching, only 15.6% have pedagogical computers, and only 57% of lower basic schools have electricity, confirming that routine point-of-service digital data capture remains the exception rather than the rule in rural primary schools. This keeps the facility-level score at 'mostly paper - some digital' rather than higher.",2025,high,"Rural primary schools in The Gambia predominantly record administrative data, attendance and learning outcomes on paper. National policy has pursued digitisation since 2019 through the DHIS2-based SEMIS App, scaled nationally by 2021 for individual learner data entry via offline Android/Chromebook devices, and a 'One Laptop Per School' initiative launched in 2024 to equip school managers with laptops for administrative record-keeping. Nonetheless, the Ministry of Basic and Secondary Education's 2025 Education Statistics Summary Report shows that only 13.2% of schools (10.5% of lower basic/primary schools) have internet access for teaching, only 15.6% have pedagogical computers, and only 57% of lower basic schools have electricity. These infrastructure gaps, concentrated in rural regions, mean that most rural primary schools still rely predominantly on paper-based record-keeping at the point of service, with digital tools used only in a minority of facilities.",
GNB,Guinea-Bissau,Rural Digitalisation,Status of digitalisation of records in rural facilities,Clinic,Status,The status of digital data capture in rural primary healthcare clinics,1,Entirely paper,,"Rural primary healthcare clinics in Guinea-Bissau predominantly use paper-based recording for patient data. The 2016 Health Sector Diagnostic states: ""The majority of health centers don't have automated process. All data is registered on forms and books, with a logical sequence and order; however, there is not a preservation mechanisms or control of the quality of registration."" The 2019 World Bank Service Delivery Indicators (SDI) Health report notes ""non-operational health-information systems"" and relies on manual outpatient records for caseloads, with no mentions of digital tools at point-of-care in surveyed facilities (62% rural). No evidence found of routine electronic health records (EHR) or DHIS2 use at rural clinics for patient registration; DHIS2 is national-level for aggregate reporting/surveillance since ~2018, with data likely paper-collected then transcribed at district level. Isolated NGO pilots (e.g., DREAM HIV software, Clinic+O community digital tools in Guinea-not Bissau) exist but do not represent standard practice. Key barriers: poor infrastructure (45% facilities have basic electricity/water/sanitation), lack of computers/internet in rural areas, insufficient trained staff, political instability. National ambitions include DHIS2 expansion and recent platforms (e.g., NIA 2026), but rural point-of-service remains paper-based, with large gap between policy and reality.",rural-clinic-status,1,https://documents1.worldbank.org/curated/en/294721561652896187/pdf/Guinea-Bissau-Service-Delivery-Indicators-Report-Health.pdf;https://p4h.world/app/uploads/2023/02/GNB20-20Health20Sector20Diagnostic2020162020FINAL.x73677.pdf;https://dhis2.org/guinea-bissau-covid-surveillance/,3,Low,no_year,No data year recorded - must be populated during verification.,,https://www.zenysis.com/news-ideas/zenysis-technologies-partners-with-inasa-and-minsap-to-strengthen-health-system-in-guinea-bissau-with-support-from-the-global-fund/;https://p4h.world/app/uploads/2023/02/GNB20-20Health20Sector20Diagnostic2020162020FINAL.x73677.pdf;https://dhis2.org/guinea-bissau-covid-surveillance/;https://www.undp.org/guinea-bissau/news/capacitating-digital-public-goods-guinea-bissau,"Original cited sources (2016 Health Sector Diagnostic, 2019 SDI report, 2020 DHIS2 blog) verified and confirm paper-based data capture at rural clinics. A fresh check finds DHIS2 in use nationally since 2011/2014 for malaria and other aggregate reporting across around 145 facilities, and a May 2024 Zenysis/INASA/MINSAP partnership announcement explicitly cites reliance on manual, error-prone data entry as the current baseline problem, confirming the score. DHIS2 entries are aggregate/district-level reporting rather than point-of-care digital capture at the clinic, consistent with metadata guidance to exclude higher-level digitalisation. Score of 1 (Entirely paper) confirmed.",2024,high,"Rural primary healthcare clinics in Guinea-Bissau continue to rely on paper-based recording of patient data at the point of care. Guinea-Bissau has used the DHIS2 platform since 2011 for national health information management, and Global Fund-supported digitisation covers around 145 facilities for malaria and other disease surveillance, but this operates as aggregate district-level reporting rather than digital record-keeping within the clinic itself. A May 2024 partnership between INASA, MINSAP and Zenysis Technologies to build a National Integration and Analytics Platform explicitly identifies manual, error-prone data entry across more than twenty fragmented health data systems as the current baseline challenge, with over 60 percent of systems inaccessible to INASA management. No evidence indicates routine electronic patient records or digital data capture at the rural clinic level.",
GNB,Guinea-Bissau,Rural Digitalisation,Status of digitalisation of records in rural facilities,Police,Status,The status of digital data capture in rural police stations,1,Entirely paper,,"No direct evidence on rural police stations, but justice sector shows early digital pilots (e.g., SIGDAJ for MoJ data aggregation, Judiciary Police judicial forum website, online complaint submission on pj.gw with case tracking Polícia Judiciária). UNDP E-Justice (2023) notes shift from paper-based methods, targeting regional decentralization, implying predominantly paper at rural/outlying stations with central digital entry/pilots. UNODC goCASE (2014) limited to urban TCU. Model station in rural Gabú (2024 UNODC/UNDP) focuses on community policing infrastructure, no records tech mentioned. Lacks evidence of predominant digital at station level; fits score 2 per rules (pilots/donor projects).",rural-police-status,2,https://www.undp.org/guinea-bissau/blog/e-justice-guinea-bissau-going-digital-can-improve-access-justice;https://pj.gw;https://www.un.org/peacebuilding/content/Improving-community-trust-and-security-guinea-bissau%E2%80%99s-gabu-model-police-station;https://gocase.unodc.org/gocase/events/news141211.html,4,Low,no_year,No data year recorded - must be populated during verification.,,https://www.undp.org/sites/g/files/zskgke326/files/2025-08/undp_annual_report_2024.pdf;https://www.un.org/peacebuilding/content/Improving-community-trust-and-security-guinea-bissau%E2%80%99s-gabu-model-police-station;https://www.undp.org/guinea-bissau/blog/e-justice-guinea-bissau-going-digital-can-improve-access-justice;https://pj.gw,"Original comment text argued the evidence fits score 2 while the recorded Value Code was left at 1, an internal inconsistency. On review, the cited and fresh sources concern the Ministry of Justice SIGDAJ pilot and e-justice tests in tribunals and CAJ offices (not police stations), the Judiciary Police national web portal (pj.gw, an urban/headquarters complaint-tracking system), and the UNODC goCASE system deployed only at the urban Transnational Crime Unit. None relate to record capture at rural police stations. The 2024 UNDP Annual Report profile of the Gabu Model Police Station (a rural facility opened in 2024) describes infrastructure, staffing and community-policing improvements but makes no mention of digital records systems. No evidence of any digitisation of record-keeping at rural police stations was found; score 1 (Entirely paper) confirmed and the Value Code/Comments inconsistency resolved in favour of 1.",2024,medium,"Rural police stations in Guinea-Bissau continue to rely on paper-based record-keeping. Digital initiatives identified in the country's justice and security sector, such as the Ministry of Justice SIGDAJ case-management pilot, the Judiciary Police national online complaint portal (pj.gw), and the UNODC goCASE system, are concentrated at the Ministry of Justice, the judiciary and the urban Transnational Crime Unit rather than at rural police stations. The Gabu Model Police Station, a rural facility developed with UN Peacebuilding Fund support and opened in 2024, has introduced community-policing practices, gender-responsive training and dedicated facilities for women, but no digital records system for policing data has been identified at rural stations.",
GNB,Guinea-Bissau,Rural Digitalisation,Status of digitalisation of records in rural facilities,Registry,Status,The status of digital data capture in rural civil registry offices,1,Entirely paper,,"Rural registry offices in Guinea-Bissau rely entirely on paper-based recording for births and vital events. UNICEF data confirms civil registration processing is manual (on paper), with new services at health facilities but no digital tools at point of service [UNICEF CRVS]. Low rural birth registration completeness (17.5% in 2014 MICS per World Bank, likely similar recently) reflects access barriers, not digitalization [World Bank rural data]. A national SIREC digital system began in 2025 for digitizing records and some birth registrations, supported by UNDP/UNICEF, with efforts to extend to remote areas and health facilities [Biometric Update]. However, as a recent pilot/early rollout (started ~3 months prior to June 2025), it represents isolated digital efforts, not standard at rural registries. Key barriers: poor infrastructure, low literacy, remoteness, funding shortages. National ambition for digital CRVS exists, but rural point-of-service remains paper-based with data later aggregated digitally if at all. No evidence majority rural facilities use digital routinely.",rural-registry-status,4,https://data.unicef.org/crvs/guinea-bissau/;https://data.worldbank.org/indicator/SP.REG.BRTH.RU.ZS?locations=GW;https://www.biometricupdate.com/202506/guinea-bissau-deploys-efforts-to-digitize-birth-registration-national-id-systems,3,Low,no_year,No data year recorded - must be populated during verification.,2,https://www.undp.org/sites/g/files/zskgke326/files/2025-08/undp_annual_report_2024.pdf;https://www.biometricupdate.com/202506/guinea-bissau-deploys-efforts-to-digitize-birth-registration-national-id-systems;https://sirec.web.ua.pt/Home/About;https://oln.pt/sistema-de-registos-do-cidadao-da-guine-bissau-desenvolvido-na-universidade-de-aveiro/,"Original sources (UNICEF CRVS profile, World Bank rural birth registration completeness data, June 2025 Biometric Update interview) confirm that civil registration in Guinea-Bissau was historically entirely paper-based and that a new digital system (SIREC) was only beginning rollout as of mid-2025. Fresh sources on the SIREC launch (Aveiro University, January 2025; UNDP Guinea-Bissau 2024 Annual Report) show the system went live on 23 January 2025 at the 1st Conservatoria in Bissau, that it is EU-funded and includes birth, marriage and death modules, and that a mobile registration vehicle has been provided specifically to extend digital registration to remote regions. The UNDP report also records 7,500 registry books and 1.3 million civil acts digitised across five regions (though this is retrospective archive digitisation rather than new-record capture) and training of civil registry officers in the use of digital enrollment kits, including efforts to register births at health facilities. Given the genuine, government-led transition now under way and specifically targeting rural and remote registration, the status is revised upward from Entirely paper to Mostly paper - some digital (2). A promotion to Entirely digital (4) or even Mostly digital (3) is not supported, since the rollout began only in 2025, is still concentrated in Bissau, and rural coverage via mobile units remains nascent.",2025,high,"Civil registration in rural Guinea-Bissau is transitioning from an entirely paper-based system towards partial digital capture. The new SIREC (Integrated Citizen Registration and Statistics System), an EU-funded platform developed with the University of Aveiro and Portugal's Institute of Registries and Notaries, went live in January 2025 at the first Conservatoria in Bissau, with modules covering birth, marriage and death registration. A mobile registration vehicle has been deployed to extend SIREC-based registration to remote regions, and civil registry officers have received training in the use of digital enrollment kits, including registering births at health facilities. As of mid-2025 the rollout remains recent and concentrated on the capital, with only around 46 percent of children under five registered nationally and extension to remote rural registries still under way, so most rural civil registry offices continue to rely predominantly on paper, with digital capture emerging alongside it.",
GNB,Guinea-Bissau,Rural Digitalisation,Status of digitalisation of records in rural facilities,School,Status,The status of digital data capture in rural primary schools,1,Entirely paper,,"Rural primary schools in Guinea-Bissau operate under severe constraints: pupil-teacher ratio of 51.9:1, only 25% of primary schools offer full 6 grades (mostly urban), frequent teacher strikes, low infrastructure in rural areas (60% population rural). No evidence of digital recording of attendance, enrollment, grades at school level. Recent World Bank/GPE projects introduced electronic surveys to principals (GEMS-based) and Kobo Toolbox for inspectors in 5 targeted regions-pilots for aggregate stats/monitoring, not routine school data. No operational EMIS; historical absence of regular assessments. Data collection likely paper-based at rural facilities, aggregated centrally if at all. Score 1: entirely paper-based, consistent with low-income African rural norms absent specific digital evidence. (148 words)",rural-school-status,3,https://www.iicba.unesco.org/en/guinea-bissau;https://documents1.worldbank.org/curated/en/099021524143518031/pdf/P16067811d42bd0401beaf17918a568ea80.pdf;https://www.epdc.org/sites/default/files/documents/EPDC_NEP_2018_Guinea-Bissau.pdf,3,Low,no_year,No data year recorded - must be populated during verification.,,https://www.globalpartnership.org/blog/better-data-improve-education-guinea-bissau;https://blogs.worldbank.org/en/opendata/from-paper-forms-to-data-driven-decisions--how-gems-improved-sch;https://www.fecongd.org/project/peside/;https://documents1.worldbank.org/curated/en/099021524143518031/pdf/P16067811d42bd0401beaf17918a568ea80.pdf,"Original sources (UNESCO IICBA country brief, World Bank Quality Education project ISR, EPDC national education profile) confirm chronic capacity constraints (51.9 to 1 pupil-teacher ratio, only 25 percent of primary schools offering all 6 grades) but do not evidence digital record capture at school level. A fresh search finds recent monitoring initiatives, including the World Bank GEMS programme which digitised school inspections for near-real-time oversight, the PRIEQT/World Bank/UNICEF 2024 nationwide school-mapping exercise using Kobo Toolbox, and the EU-financed PESIDE project developing the SIGE education-management platform at regional level, but these all involve inspectors, enumerators or regional offices collecting or digitising data about schools, not schools themselves capturing attendance, enrolment or grade records digitally at the facility. Per the metadata guidance to exclude higher-level digitalisation of paper data, the status remains Entirely paper (1). The most recent, most directly relevant data point is the PASEC 2024 assessment, whose data collection took place in May 2025 across all 11 regions, again gathered by external survey teams rather than through school-level digital systems.",2025,medium,"Rural primary schools in Guinea-Bissau continue to keep attendance, enrolment and grade records on paper. Severe capacity constraints persist, including a pupil-teacher ratio of around 52 to 1 and only about a quarter of primary schools offering the full six-grade cycle. Recent education-data initiatives, including the World Bank GEMS-supported digitisation of school inspections, a 2024 nationwide school-mapping exercise conducted with Kobo Toolbox under the PRIEQT project, the EU-financed PESIDE project building a regional education-management information system (SIGE), and the 2024/25 PASEC learning assessment, involve external enumerators, inspectors or regional education offices collecting and digitising data about schools, rather than schools themselves maintaining digital records at the point of data capture. No evidence indicates that rural primary schools record attendance or academic data digitally at the facility level.",
GNQ,Equatorial Guinea,Rural Digitalisation,Status of digitalisation of records in rural facilities,Clinic,Status,The status of digital data capture in rural primary healthcare clinics,1,Entirely paper,,"Equatorial Guinea lacks a national eHealth strategy. WHO SCORE assessment (2013-2018 data) shows low capacity for health service data, with no electronic patient-level data capture in primary care facilities or standardized electronic entry at district level; routine facility reporting scores mostly 0. Bioko Island (not rural mainland) uses DHIS2 for malaria surveillance and digitized patient registries at district hospitals, but field data collection for logistics uses paper forms entered digitally later; transition to Android app ongoing. No evidence of digital patient records (registers, prescriptions) at rural primary clinics; paper-based recording predominant per low HIS capacity and typical sub-Saharan patterns without pilots found.",rural-clinic-status,1,https://cdn.who.int/media/docs/default-source/documents/ddi/score/country-profiles/who_score_gnq_en.pdf;https://pmc.ncbi.nlm.nih.gov/articles/PMC10512197/;https://dhis2.org/equatorial-guinea-malaria-lmis/,3,Low,no_year,No data year recorded - must be populated during verification.,2,https://ehas.org/que-hacemos/sis/sis-guinea-ecuatorial/;https://cdn.who.int/media/docs/default-source/documents/ddi/score/country-profiles/who_score_gnq_en.pdf;https://dhis2.org/equatorial-guinea-malaria-lmis/,"Original score of 1 (Entirely paper) rested on 2013-2018 WHO SCORE data. A fresh search surfaced Fundación EHAS project documentation (fetched and read), describing a DHIS2-based Health Information System built with Equatorial Guinea's Ministry of Health (MINSABS), Fundación Religiosos para la Salud and the University of Oslo. This replaces the previous fully manual IMA/HIMOD paper-reporting process, and between February and May 2025 went live with direct facility-level digital data entry via the DHIS2 Android app in two districts, including the continental (rural) district of Añisok. This is genuine point-of-service digital capture in at least one rural area, so the code is raised to 2 (Mostly paper - some digital) rather than confirmed at 1. The pilot's limited two-district scope means a higher code is not yet supported.",2025,high,"Data capture in rural primary healthcare clinics in Equatorial Guinea remains predominantly paper-based, though a digital transition is underway. The Ministry of Health and Social Welfare (MINSABS), working with the EHAS Foundation, Fundación Religiosos para la Salud and the University of Oslo, has begun replacing manual monthly activity report sheets (IMA/HIMOD) with a DHIS2-based health information system. Between February and May 2025 a first pilot went live enabling direct digital data entry via the DHIS2 Android app at health facilities in two districts, the coastal Baney and the continental (rural) Añisok, alongside web-based entry at district offices. Outside this pilot, recording across rural clinics continues on paper registration sheets that are periodically collected and transcribed centrally, consistent with the WHO SCORE assessment's finding of low health information system capacity.",
GNQ,Equatorial Guinea,Rural Digitalisation,Status of digitalisation of records in rural facilities,Police,Status,The status of digital data capture in rural police stations,1,Entirely paper,,"Extensive searches across targeted queries (""Equatorial Guinea police case management system"", ""police records paper digital"", etc.), US State Dept 2023 Human Rights Report, UK gov.uk guidance, UNODC/World Bank justice reports, and official govt sites (guineaecuatorialpress.com) yield no evidence of digital case management, incident reporting, or records systems for police or gendarmerie (rural force). Criminal record certificates issued manually via Ministry of Justice; processes described as traditional (complaints filed in person). Digital pilots limited to civil registry (World Bank). In francophone-influenced context, rural stations likely use handwritten procès-verbaux. No pilots/donor projects found for police digitalisation; systemic corruption/limited resources noted. Conforms to paper-based norm for rural African police absent contrary evidence.",rural-police-status,2,https://www.state.gov/wp-content/uploads/2024/02/528267_EQUATORIAL-GUINEA-2023-HUMAN-RIGHTS-REPORT.pdf;https://africa.ocindex.net/country/equatorial_guinea;https://thedocs.worldbank.org/en/doc/61714f214ed04bcd6e9623ad0e215897-0400012021/related/P1793391f4a4c800219f0014c68aefed3c8.pdf,3,Low,no_year,No data year recorded - must be populated during verification.,,https://africa.ocindex.net/country/equatorial_guinea,"The cited US State Department 2023 Human Rights Report PDF returned a server error ('technical difficulties/forbidden') on fetch and could not be directly verified. The World Bank ID4D-related document was fetched but concerns the civil registry, not police record-keeping, so it does not directly evidence this variable despite being originally cited. The ENACT Global Organized Crime Index (Africa edition, most recent data) was fetched and confirms very low law enforcement and judicial-system capacity scores for Equatorial Guinea, consistent with paper-based operations, but does not directly describe records digitisation. Fresh searches for police case-management or records digitisation initiatives specific to Equatorial Guinea returned only generic, non-country-specific market-research forecasts (6Wresearch) and unrelated Caribbean deployments (UNDP PRMIS), with no evidence of any actual digitisation project in Equatorial Guinea. In the absence of any authoritative source confirming or contradicting the entirely-paper assessment, the score is confirmed at 1, but this rests on an absence of contrary evidence rather than a direct, dated confirmation.",2023,low,"Rural police stations in Equatorial Guinea are assessed as relying entirely on paper-based case and incident records. No digital case-management, incident-reporting, or records system has been identified for the national police or gendarmerie, and criminal record certificates continue to be issued manually through the Ministry of Justice via in-person processes. The ENACT Organized Crime Index rates Equatorial Guinea's law-enforcement and judicial-system capacity among the weakest in Africa, consistent with an absence of modern records infrastructure, and no donor-funded or government digitisation pilot for policing has been identified, in contrast to the limited civil-registry pilot under way elsewhere in government.",
GNQ,Equatorial Guinea,Rural Digitalisation,Status of digitalisation of records in rural facilities,Registry,Status,The status of digital data capture in rural civil registry offices,1,Entirely paper,,"UNICEF CRVS profile (2017 data) states that birth, marriage, and death registration in Equatorial Guinea is processed manually on paper at civil registrar’s offices, mayor’s offices, and local authorities. Registration books are sent to central office and filed on paper, with no vital statistics publications or digital systems mentioned. WHO SCORE assessment (2013-2018 data) shows low CRVS capacity (birth registration completeness 53%), no electronic data exchange from local to central levels, and many core attributes missing. A digital civil registry pilot launched in 2018 and commitments to digitization (e.g., Africa CRVS Day 2023), but no evidence of implementation at rural facilities. Rural registry offices likely remain entirely paper-based, consistent with low national digital infrastructure and centralized structure.",rural-registry-status,4,https://data.unicef.org/crvs/equatorial-guinea/;https://cdn.who.int/media/docs/default-source/documents/ddi/score/country-profiles/who_score_gnq_en.pdf;https://www.worldbank.org/en/country/equatorialguinea/publication/equatorial-guinea-digital-economy-country-diagnostic-bridging-the-gaps-to-develop-a-safe-and-inclusive-digital-transform,3,Low,no_year,No data year recorded - must be populated during verification.,,https://www.worldbank.org/en/country/equatorialguinea/publication/equatorial-guinea-digital-economy-country-diagnostic-bridging-the-gaps-to-develop-a-safe-and-inclusive-digital-transform;https://data.unicef.org/crvs/equatorial-guinea/;https://thedocs.worldbank.org/en/doc/61714f214ed04bcd6e9623ad0e215897-0400012021/related/P1793391f4a4c800219f0014c68aefed3c8.pdf,"Original score of 1 (Entirely paper) rested on a 2017 UNICEF CRVS profile and a 2013-2018 WHO SCORE assessment. Fetched the World Bank's Digital Economy Country Diagnostic (published June 2024) directly; it explicitly confirms the civil registry remains manual and paper-based across all seven regional offices as of 2024, and that the 2018 SIREC pilot (Sistema Informático del Registro Civil, launched by the Ministry of Justice) has not extended to routine facility-level operations. Score confirmed at 1 with a substantially fresher (2024) primary source replacing the 2017 vintage evidence.",2024,high,"Civil registry offices in rural Equatorial Guinea record vital events entirely on paper. The World Bank's 2024 Digital Economy Country Diagnostic confirms the country lacks a unified, digitalised civil registry; instead, seven regional offices each collect and store registration data manually, with completed registers forwarded to a central office for filing and no vital statistics publications produced. A pilot digital civil registry system, SIREC (Sistema Informático del Registro Civil), was launched by the Ministry of Justice in 2018, but this has not extended to routine data capture in rural registry offices, which remain paper-based, consistent with UNICEF's earlier CRVS profile describing a centralised, manual registration process with no electronic exchange between local and central levels.",
GNQ,Equatorial Guinea,Rural Digitalisation,Status of digitalisation of records in rural facilities,School,Status,The status of digital data capture in rural primary schools,1,Entirely paper,,"Rural primary schools in Equatorial Guinea rely entirely on paper-based recording for administrative data, attendance, and learning outcomes. Schools submit physical or basic info sheets annually for the Anuario (statistical yearbook), compiled centrally by the Ministry of Education with PRODEGE support, indicating manual processes at point of service. No evidence found of computers, tablets, or digital tools for daily recording in rural facilities; rural areas suffer electricity shortages (57% no access per 2011 DHS), poor infrastructure, and low resources (textbooks >3:1 ratio). EMIS exists at national level for aggregation (e.g., Rodriguez 2012 evaluation), but data collection remains paper-driven with follow-ups challenging in dispersed rural zones. Recent diagnostics note need for ICT policies and digital skills but confirm limitations in producing digitally skilled population, with no rural point-of-service digitalisation. Barriers: infrastructure deficits, economic crisis, capacity gaps in MEC, incomplete reporting. National ambitions (ADIGE digital agenda) focus on infrastructure/public platforms, not reaching rural school operations; gap evident as central analytics exist but rural reality is manual.",rural-school-status,3,https://documents1.worldbank.org/curated/en/356311499340208347/pdf/Equatorial-Guinea-education-sector-diagnostic.pdf;https://www.worldbank.org/en/country/equatorialguinea/publication/equatorial-guinea-digital-economy-country-diagnostic-bridging-the-gaps-to-develop-a-safe-and-inclusive-digital-transform;https://www.fhi360.org/wp-content/uploads/drupal/documents/EQUIP2%20LL%20EMIS%20AAR.pdf,3,Low,no_year,No data year recorded - must be populated during verification.,,https://farolegnoticias.com/el-miniterio-de-educacion-lanza-los-anuarios-estadisticos-de-prodege-2021/;https://innovando.news/en/digital-innovation-Equatorial-Guinea-via-transformation/;https://documents1.worldbank.org/curated/en/356311499340208347/pdf/Equatorial-Guinea-education-sector-diagnostic.pdf,"Original score of 1 (Entirely paper) rested on a 2017 World Bank education sector diagnostic. A local news report (dated May 2026) on the official launch of the PRODEGE statistical yearbooks (Anuario) for the 2021-2022 and 2022-2023 school years confirms the underlying data-collection process is still the paper-based Anuario system used for over a decade. A 2025 article on Equatorial Guinea's 2024 Long-Term Strategic Plan describes ambitions to introduce primary-school digital literacy and innovation centres, but frames these explicitly as future reforms, not existing practice. No evidence of any operational digital record-keeping pilot at rural primary-school level was found. Score confirmed at 1 with fresher (2025-2026) corroborating evidence.",2026,medium,"Rural primary schools in Equatorial Guinea continue to rely entirely on paper-based administrative and attendance recording. National annual statistics, compiled through the PRODEGE Anuario (most recently the 2021-2022 and 2022-2023 editions, formally launched in May 2026), are gathered via paper information sheets submitted by schools and consolidated centrally by the Ministry of Education, rather than through any point-of-service digital system. The government's Long-Term Strategic Plan, approved in 2024, sets out ambitions to introduce digital literacy from primary level and establish innovation centres, but these remain forward-looking commitments rather than implemented practice, and rural schools continue to lack the electricity access and infrastructure needed for routine digital data capture.",
KEN,Kenya,Rural Digitalisation,Status of digitalisation of records in rural facilities,Police,Status,The status of digital data capture in rural police stations,1,Entirely paper,,"Rural police stations in Kenya predominantly use paper-based systems for recording criminal cases and complaints, including manual Occurrence Books (OB), P3 medical forms, and paper dockets. These are later aggregated or digitized at higher levels, as evidenced by World Bank digitization of 17,000 paper crash reports from Nairobi stations. Digital initiatives like Digital OB (piloted/launched in urban stations such as Kasarani 2019 and Eldoret 2026) and NPSIMS (unified platform presented 2025) exist, but rollout depends on connectivity assessments, explicitly noting challenges in rural areas. A 2021 SRIC pilot digitized arms registers (not cases) in rural ASAL counties (Baringo, Samburu, etc.), confirming manual records pre-pilot. Recent plans (2025 digital services by April, online reporting) remain aspirational with infrastructure gaps (power, internet, training). No evidence majority rural facilities use digital at point-of-service; isolated pilots indicate score 1 (entirely paper), conservatively, due to thin rural-specific evidence amid urban-focused rollouts.",rural-police-status,2,http://nationalpolice.go.ke/ig-kanja-receives-comprehensive-presentation-national-police-service-information-management-system;https://documents1.worldbank.org/curated/en/099812409142212391/pdf/IDU0fa12afc501d270442e0a7b7039186f51bfab.pdf;https://www.reinvent-kenya.com/wp-content/uploads/2021/01/SRIC-DIGITISATION-OF-POLICE-ARMS.pdf,3,Low,no_year,No data year recorded - must be populated during verification.,,https://www.capitalfm.co.ke/news/2026/05/police-turn-to-technology-cctv-and-body-cameras-to-secure-2027-polls/;https://eastleighvoice.co.ke/technology/324800/interior-cs-murkomen-unveils-digital-ob-and-ai-reforms-to-modernise-policing;https://www.eldoretleo.co.ke/the-digital-ob-a-shield-against-tampering-or-just-a-new-screen-in-eldoret/;https://eastleighvoice.co.ke/national/130982/national-police-service-seek-sh20-billion-to-digitize-operations;https://documents1.worldbank.org/curated/en/099812409142212391/pdf/IDU0fa12afc501d270442e0a7b7039186f51bfab.pdf;http://nationalpolice.go.ke/ig-kanja-receives-comprehensive-presentation-national-police-service-information-management-system,"Original score of 1 (Entirely paper) confirmed. The cited World Bank source (eCrash pilot digitising ~17,000 historical paper crash reports, 2012-2021, Nairobi) was fetched and verified but concerns higher-level/retrospective digitisation rather than facility point-of-service capture, so per the metadata guidance it does not itself support a higher score. The cited SRIC PDF (arms register digitisation) URL is dead (crawl error). The cited NPS press release was fetched and verified, confirming NPSIMS is still at presentation/roll-out stage with no rural completion date. Fresh 2025-2026 searches confirm a national Digital Occurrence Book (OB)/NPSIMS rollout is under way but remains behind schedule (an April 2025 completion target was missed; as of May 2026 the Inspector-General still describes the digital system as '3-4 months away'), digital OB pilots are running only in named urban/peri-urban stations (e.g. Eldoret Central, Langas), and rural network-connectivity investment (an estimated KES 11 billion request made in March 2025) remains unfunded. Rural stations therefore remain paper-based at point of service. Score confirmed at 1.",2026,medium,"Rural police stations in Kenya record cases and complaints using paper-based Occurrence Books, P3 medical forms and paper dockets at the point of service. A national Digital Occurrence Book (Digital OB) and the National Police Service Information Management System (NPSIMS) are being rolled out, with pilots running in selected urban and peri-urban stations (for example Eldoret Central, Langas, Sukunanga, Ainabtich and Kamkunji), but nationwide completion has repeatedly slipped past announced targets and network-connectivity investment for rural stations (an estimated KES 11 billion request) remains largely unfunded. Data capture in rural stations therefore remains entirely paper-based at the point of service, with digitisation occurring later through central aggregation or urban pilot programmes.",
KEN,Kenya,Rural Digitalisation,Status of digitalisation of records in rural facilities,School,Status,The status of digital data capture in rural primary schools,1,Entirely paper,,"Rural primary schools in Kenya predominantly use paper registers for recording administrative data, attendance, and learning outcomes at the point of service. National systems like NEMIS/KEMIS exist for aggregate reporting, but rural schools lack the infrastructure (electricity, internet, computers) and trained staff for routine digital entry—data is likely collected manually and submitted to district offices for digitization. Pilots and donor projects provide isolated digital tools (e.g., solar labs), but these do not represent the majority. Key barriers include poor connectivity, unreliable power, low teacher digital literacy, and high student-teacher ratios. National policies push EMIS adoption, but rural reality lags far behind, with studies showing low ICT readiness even in 2020s. Score 2 reflects predominant paper with some digital aggregation/pilots.",rural-school-status,3,https://openknowledge.worldbank.org/bitstreams/ac6eed42-e1c7-5106-83be-69700a10dbc9/download;https://files.eric.ed.gov/fulltext/EJ1071353.pdf;https://docs.edtechhub.org/lib/NMZU3HHJ;https://rsisinternational.org/journals/ijriss/articles/exploring-the-impact-of-technology-on-educational-management-information-systems-in-nyanza-county-kenya-a-comprehensive-analysis/,4,Low,no_year,No data year recorded - must be populated during verification.,2,https://www.kenyans.co.ke/news/124058-education-ministry-rolls-out-kemis-makes-registration-mandatory-capitation;https://arena.co.ke/kemi-rolls-out-nationwide-training-for-primary-jss-teachers-to-digitize-school-data/;https://nation.africa/kenya/news/education/98pc-of-public-schools-submit-data-in-efforts-to-curb-capitation-fraud--5184528;https://rsisinternational.org/journals/ijriss/articles/exploring-the-impact-of-technology-on-educational-management-information-systems-in-nyanza-county-kenya-a-comprehensive-analysis/;https://www.sotheycan.org/blog/school-attendance-application/;https://nemis.education.go.ke/advancequestionnaires.aspx,"Original Value Code was recorded as 1 (Entirely paper) but the row's own Comments concluded 'Score 2 reflects predominant paper with some digital aggregation/pilots' - an internal inconsistency in the original data. Recalculated against the metadata scale to 2 (Mostly paper - some digital), consistent with the evidence and with the analyst's own stated conclusion. The World Bank and ERIC sources cited could not be re-fetched in full, but their content is consistent with the wider literature on rural EMIS constraints; the RSIS Nyanza EMIS article (2024) was fetched directly and confirms low data-capture completion rates outside major centres. Fresh 2025-2026 searches confirm the NEMIS-to-KEMIS transition (KEMIS launched January 2026, mandatory for capitation disbursement from June 2026), a school-level 'KEMIS Champion Teacher' rollout from May 2026, and a 2024 national school census using a mobile data-capture app (Tangerine), alongside continued reliance on paper for routine attendance/record capture in rural schools due to infrastructure gaps and an isolated digital attendance pilot in Baringo. Score changed from 1 to 2.",2026,medium,"Rural primary schools in Kenya record attendance, enrolment and learning outcomes chiefly on paper registers at the point of service. The Ministry of Education is transitioning from NEMIS to the Kenya Education Management Information System (KEMIS), which became mandatory for capitation disbursement from June 2026 and is being extended to school level through a network of 'KEMIS Champion Teachers' nominated in May 2026, alongside periodic digital data-collection exercises such as the 2024 school census using a mobile data-capture app. Rural schools generally lack reliable electricity, internet and computing equipment for routine day-to-day digital data entry, and isolated digital pilots (for example an attendance-tracking application trialled in Baringo) have not yet become the norm. The overall picture is one of predominantly paper-based record-keeping with meaningful and growing digital reporting and administrative layers.",
KEN,Kenya,Rural Digitalisation,Status of digitalisation of records in rural facilities,Clinic,Status,The status of digital data capture in rural primary healthcare clinics,2,Mostly paper -  some digital,,"Rural primary clinics in Kenya predominantly use paper registers for patient data recording, with dual documentation alongside digital systems where available. EMRs like KenyaEMR (KeEMR) cover ~91-93% of facilities including rural level 2/3 dispensaries and health centers (e.g., Homa Bay County survey of 112 facilities, 79% rural), but are mainly for HIV management, donor-driven, and fragmented (9-10 systems co-existing). General care relies on paper; data aggregated monthly into DHIS2 by HRIOs, not entered digitally at POC routinely. Pilots like ScanForm (AI paper digitization, 24% facilities) and AfyaEHMS exist but isolated. Barriers: poor internet/power, interoperability lack, training gaps, staff turnover. National policies (Digital Health Act 2023, eHealth Strategy) aim for integrated systems, but rural reality lags due to infra disparities, uneven county implementation—some manual, policy ambition unmet at POC (Homa Bay study; Policy Brief; DHIS2 perceptions).",rural-clinic-status,1,https://pmc.ncbi.nlm.nih.gov/articles/PMC12165431/;https://www.humanrights.dk/files/media/document/Policy-Brief---Digitalisation-of-Health-Services-in-Kenya-final-26-03-2025-a.pdf;https://pmc.ncbi.nlm.nih.gov/articles/PMC12352824/,3,Low,no_year,No data year recorded - must be populated during verification.,,https://ir-library.ku.ac.ke/server/api/core/bitstreams/fa1092df-be95-4d9e-b261-c9d4629ff402/content;https://journal.idscipub.com/index.php/medicor/article/download/1161/957/11979;https://www.tv47.digital/balambala-makes-history-as-the-first-fully-digitized-rural-hospital-in-kenya-115081/;https://www.health.go.ke/cs-duale-leads-consultative-forum-transition-sha-hmis;https://www.humanrights.dk/files/media/document/Policy-Brief---Digitalisation-of-Health-Services-in-Kenya-final-26-03-2025-a.pdf;https://www.kenyanews.go.ke/health-digital-transformation-to-ensure-efficient-and-transparent-health-care-system/,"Original score of 2 (Mostly paper - some digital) confirmed. The cited PMC sources could not be fetched directly (reCAPTCHA-blocked) but are consistent with independently verified evidence: a Central Kenya thesis (Kiambu, Murang'a, Kirinyaga, Nyeri, Nyandarua counties) confirms all HIV comprehensive care clinics use a hybrid of paper and KenyaEMR, with none having gone fully paperless; a Kiambu County study confirms 100% of surveyed maternal/child health facilities recorded data manually on paper registers prior to a small DHIS2 pilot. The Human Rights/CIPESA policy brief (March 2025) was fetched and verified and supports ongoing infrastructure and rural disparities in health digitalisation. Fresh searches found that Balambala Sub-County Hospital (Garissa) was announced in August 2025 as Kenya's first fully digitised rural hospital, and that the Ministry of Health reports 93% of public facilities as 'digitally transformed' for Social Health Authority (SHA) HMIS purposes by June 2026 - this appears to relate primarily to SHA billing/claims onboarding rather than full clinical point-of-care digitisation, so does not change the facility-level record-capture assessment. Score confirmed at 2.",2026,medium,"Rural primary healthcare clinics in Kenya predominantly document patient care using paper registers (for example MOH 405, 406, 333 and 511 forms for antenatal, postnatal, maternity and child welfare services) at the point of service, while parallel digital systems are used mainly for HIV care management (KenyaEMR, covering an estimated 91-93% of facilities including many rural dispensaries and health centres) and for billing and claims under the Social Health Authority (SHA) Health Management Information System, whose rollout has accelerated markedly during 2025-2026. Studies of HIV comprehensive care clinics find that all sites continue to run paper registers alongside electronic records, with none having achieved a fully paperless clinical workflow. Balambala Sub-County Hospital in Garissa was announced in August 2025 as Kenya's first fully digitised rural hospital, indicating that full facility-level digitisation remains the exception rather than the rule among rural clinics. Overall, the evidence points to a hybrid model in which paper remains the primary medium for routine clinical documentation, supplemented by significant and expanding digital systems for specific programmes and administrative functions.",
KEN,Kenya,Rural Digitalisation,Status of digitalisation of records in rural facilities,Registry,Status,The status of digital data capture in rural civil registry offices,2,Mostly paper -  some digital,,"In rural Kenya, birth registration primarily occurs at sub-locations manned by Assistant Chiefs (10,666 total) or rural health facilities via paper Form B1, completed manually in duplicate. The informant receives the original notification slip, while duplicates are batched and sent to Civil Registration Offices (CROs) for verification and entry into registers. Rural residents often travel 5-10 km (1-4 hours on foot) to access these points. Post-collection, sub-county registrars create Excel summaries from paper registers and transmit electronically to national CRS, but point-of-service remains paper-based. Digital efforts include: CRVSS piloted in some counties (not scaled due to resources); historical digitization of 46M records; IPRS for national linkage; hospital digital pilots (e.g., Estonia-supported e-birth registration, 2025—not rural-focused); small-scale mobile pilots (e.g., WHO MoVE-IT, Finnish/Nokia 2008-2012). Low rural completeness (e.g., ASAL counties <20%) reflects access barriers, insecurity, and lack of digital tools at RAs. Barriers: poor connectivity/electricity, low capacity among rural agents, backlogs, distance. National ambitions (e.g., 2018-2023 strategy, eCitizen integration) outpace rural rollout, where paper dominates point-of-service with digital limited to pilots/aggregation. Score 2: Predominantly paper; digital in isolated pilots/central reporting.UNECA CRVS Kenya Snapshot; Kenya Vital Statistics Report 2022; UNECA Digitalization CRVS Africa",rural-registry-status,4,https://apai-crvs.uneca.org/sites/default/files/resourcefiles/CRVS_KenyaSnapshot_e.pdf;https://www.knbs.or.ke/wp-content/uploads/2025/01/2022-Kenya-Vital-Statistics-Report.pdf;https://apai-crvs.uneca.org/sites/default/files/resourcefiles/Digitalization%20of%20Civil%20Registration%20and%20Vital%20Statistics%20in%20Africa.pdf,3,Low,no_year,No data year recorded - must be populated during verification.,,https://apai-crvs.uneca.org/sites/default/files/resourcefiles/CRVS_KenyaSnapshot_e.pdf;https://www.knbs.or.ke/wp-content/uploads/2025/01/2023-Kenya-Vital-Statistics-Report.pdf;https://www.biometricupdate.com/202605/kenya-rolls-out-digital-birth-notification-system-tied-to-national-id-reforms;https://radiogeneration.co.ke/news/76608/government-pushes-for-digital-civil-registration-with-new-births-and-deaths-bill;https://new.kenyalaw.org/akn/ke/act/ln/2024/153/eng@2024-10-11/source;https://www.kenyanews.go.ke/gucha-digitise-civil-registration-services/,"Original score of 2 (Mostly paper - some digital) confirmed. The UNECA CRVS Kenya Snapshot was fetched and verified, describing the paper Form B1/D1-based registration process via Assistant Chiefs and health facilities. The cited 2022 KNBS Vital Statistics Report could not be fetched directly (crawl timeout), but the equivalent 2023 KNBS Vital Statistics Report was located and confirms the same paper-based registration process and a 2023 national birth registration completeness of 77.1%. Fresh 2025-2026 searches found a 2024 amendment to the Births and Deaths Registration Rules requiring registers to be kept in loose-leaf and electronic form, a digital birth e-notification pilot launched from around April 2026 (Nairobi Hospital only) linked to the Maisha Namba identity system, and training of chiefs and registration assistants on the Unique Personal Identifier (UPI) system (e.g. in Gucha, Kisii County), alongside an explicit acknowledgement by the Civil Registration Service Secretary in March 2026 that the current system 'relies heavily on paper-based processes'. This confirms rural point-of-service registration remains predominantly paper, with digital elements limited to central systems, training initiatives and early-stage urban pilots. Score confirmed at 2.",2026,high,"Rural civil registry offices in Kenya register vital events chiefly on paper. Registration agents - Assistant Chiefs (for home events) or health facility staff (for facility births and deaths) - complete Form B1/D1 in duplicate, retain the original locally and forward duplicates to the sub-county Civil Registration Office for verification and manual entry, with monthly compilation feeding national statistics; birth registration completeness stood at 77.1% nationally in 2023. A 2024 amendment to the Births and Deaths Registration Rules requires registers to be kept in loose-leaf and electronic form, and the government began piloting a digital birth e-notification system linking hospitals to the Maisha Namba identity platform from around April 2026, alongside training of rural chiefs and registration assistants on the Unique Personal Identifier (UPI) system. The e-notification pilot has so far only been implemented at Nairobi Hospital, and the Civil Registration Service leadership itself describes the underlying legal framework as continuing to rely heavily on paper-based processes. Point-of-service registration in rural offices therefore remains predominantly paper-based, with digital elements confined to central aggregation, training initiatives and early-stage urban pilots.",
LBR,Liberia,Rural Digitalisation,Status of digitalisation of records in rural facilities,Clinic,Status,The status of digital data capture in rural primary healthcare clinics,1,Entirely paper,,"Rural primary healthcare clinics in Liberia predominantly use paper-based registers and ledgers for recording patient data, such as OPD, ANC, immunization, and inpatient registers (average 21-24 per facility). Data is aggregated monthly onto paper HMIS forms, verified, and submitted to county health teams, where it is entered into DHIS2 for analysis—no digital entry or EMR at the point of service in rural clinics.MEASURE Evaluation PRISM assessment 2014 Isolated digital pilots exist, e.g., OpenMRS EMR rollout by Partners In Health at J.J. Dossen Hospital (rural, Maryland County) in 2020, replacing paper records there, with plans for expansion, but limited to partner-supported sites.Partners In Health Recent sources (2026 FB post) note most facilities still rely on paper records. Key barriers: poor infrastructure (internet/power/connectivity), low staff skills for digital tools, funding shortages, post-Ebola fragility. National ambitions include DHIS2 at county level and digital transformation plans (e.g., 2022-2027 agenda), but rural point-of-care remains paper-based with digital only for aggregate reporting—wide gap between policy and rural reality.",rural-clinic-status,1,https://www.measureevaluation.org/our-work/routine-health-information-systems/rhis-curriculum-modules/handout-10-3.1.pdf;https://www.pih.org/article/pih-rolls-out-electronic-medical-records-jj-dossen-hospital-liberia;https://en.wikipedia.org/wiki/ISO_3166-1_alpha-3,3,Low,no_year,No data year recorded - must be populated during verification.,2,https://www.pih.org/article/pih-rolls-out-electronic-medical-records-jj-dossen-hospital-liberia;https://dhis2.org/liberia-hiv-tracker/;https://informernewspaperliberia.com/ministry-of-health-launches-nationwide-enumerator-training-for-major-emr-readiness-assessment/;https://www.measureevaluation.org/our-work/routine-health-information-systems/rhis-curriculum-modules/handout-10-3.1.pdf,"Verified operational digital pilots at rural clinics: Partners In Health's OpenMRS EMR at J.J. Dossen Hospital (rural Maryland County, since July 2020), and a DHIS2 Tracker for HIV client records at 21 PEPFAR-supported facilities (since 2021) covering 70% of PLHIV nationally, both of which replaced paper registers at those sites. This is more than isolated/negligible digital use, so ""entirely paper"" understates the position. At the same time, the vast majority of rural clinics remain paper-only, confirmed by the Ministry of Health's May 2026 nationwide EMR Readiness Assessment, launched precisely because facility-level EMR deployment does not yet exist at scale. Recalculated to code 2 (Mostly paper - some digital). Not a top-of-scale change.",2026,medium,"Rural primary healthcare clinics in Liberia remain predominantly paper-based, using ledger registers for OPD, ANC, immunisation and inpatient records that are later aggregated into DHIS2 at county level. Isolated but operational digital pilots exist at facility level, including Partners In Health's OpenMRS electronic medical records system at J.J. Dossen Hospital in rural Maryland County (rolled out in 2020) and a DHIS2 Tracker system for HIV client-level data introduced at 21 high-volume facilities from 2021, which replaced paper registers for that programme. In May 2026 the Ministry of Health, through the National Health Intelligence Center, launched a nationwide Connected Facilities Assessment to gauge readiness for a broader rollout of electronic medical records, underlining that routine digital data capture is not yet the norm in rural facilities. Persistent barriers include unreliable electricity and internet connectivity, limited staff digital skills, and funding constraints.",
LBR,Liberia,Rural Digitalisation,Status of digitalisation of records in rural facilities,Police,Status,The status of digital data capture in rural police stations,1,Entirely paper,,"Rural police stations in Liberia record criminal cases and complaints using paper files and dockets. A January 2026 report on Nyehn Town Police Station in rural Todee District describes no computers available; officers prioritize protecting paper documents from rain over duties, indicating entirely manual processes amid dilapidated infrastructure lacking basic logistics.FrontPageAfrica An EGAP study on rural community policing (2010s) notes historically low formal reporting (2% of crimes to police), relying on administrative data without digital mention.EGAP Digital systems exist at national/urban levels: UNDP-supported CSIS (2021, Montserrado urban pilot) uses tablets for biodata/GPS input and online aggregation, replacing paper stats reporting.UNDP CSIS CMIS/DHIS2 (2022 rollout to police) offers offline mobile app for case stats with GPS, improving data integrity, but no evidence of routine rural point-of-service use; training focused on county-level staff.UNDP CMIS Barriers: poor infrastructure/electricity, low connectivity, training gaps, resource scarcity in rural areas. National digital ambitions (UNDP pilots) contrast sharply with rural paper reality; systems likely for aggregate reporting post-paper collection. Score 1: entirely paper at rural facilities; digital limited to urban pilots.",rural-police-status,2,https://frontpageafricaonline.com/news/liberia-rural-security-at-risk-as-nyehn-town-police-station-falls-apart/;https://egap.org/resource/brief-community-policing-in-liberia-increased-reporting-and-lowered-crime/;https://www.undp.org/liberia/stories/liberia-designs-and-roll-out-online-case-management-information-system-justice-institutions;https://www.undp.org/liberia/stories/policewoman-breaks-digital-barrier-new-crime-statistics-and-information-system,4,Low,no_year,No data year recorded - must be populated during verification.,,https://frontpageafricaonline.com/news/liberia-rural-security-at-risk-as-nyehn-town-police-station-falls-apart/;https://www.undp.org/liberia/stories/policewoman-breaks-digital-barrier-new-crime-statistics-and-information-system;https://www.undp.org/liberia/stories/liberia-designs-and-roll-out-online-case-management-information-system-justice-institutions,"Confirmed. January 2026 reporting on the Nyehn Town Police Station in rural Todee District explicitly notes the absence of computers and continued reliance on paper case files, corroborating the original code of 1 (entirely paper). UNDP-supported digital case management pilots (CSIS since 2021, CMIS since 2022) are concentrated in Montserrado County and at county-level training, with no evidence of routine digital data capture at rural stations. Score confirmed at 1.",2026,high,"Rural police stations in Liberia record cases, complaints and crime statistics almost entirely on paper. A January 2026 report on the Nyehn Town Police Station in rural Todee District, Lower Montserrado County, describes a dilapidated facility with no computers available, where officers prioritise protecting paper case files from rain damage over other duties. UNDP-supported digital case management tools - an online Case Management Information System for justice institutions and a Crime Statistics Information System using tablets with GPS-tagged reporting - have been piloted since 2021-2022, but rollout has concentrated on Montserrado County and county-level training rather than routine use at rural stations. Persistent barriers include poor infrastructure, unreliable electricity and connectivity, and limited resources in rural areas.",
LBR,Liberia,Rural Digitalisation,Status of digitalisation of records in rural facilities,School,Status,The status of digital data capture in rural primary schools,1,Entirely paper,,"Rural primary schools in Liberia predominantly use paper-based registers for daily administrative data, attendance, and learning records. National EMIS transitioned from paper-based 1.0 to planned digital 2.0, but data collection stalled post-2022 census due to funding shortages; no new school census data since.Liberia EMIS Peer Review Report Weak ICT infrastructure (limited hardware, high internet costs, unreliable electricity) severely limits point-of-service digital use in rural areas.Liberia EMIS Peer Review Report Recent initiatives include Mar 2026 Geo-Mapping M&E system for real-time monitoring (attendance, instruction) with geolocated inputs from schools (pilot incl. some rural counties like Rivercess, Bong), and planned mobile/SMS/ODK tools for low-connectivity.FrontPageAfrica Rural network expansion (128 sites covering 100+ schools by 2024) improves access but insufficient for routine digital recording.ZTE Report Barriers: funding dependency, staff capacity, utilities/transport. National ambition for EMIS 2.0 contrasts with rural paper reality; pilots indicate score 2, no evidence of majority digital at rural POSC.",rural-school-status,3,https://www.iped.africa/media/Liberia_Emis_Review_Report_Final.pdf;https://frontpageafricaonline.com/education/liberia-moe-unveils-digital-system-to-strengthen-school-monitoring-nationwide/;https://www.zte.com.cn/content/zte-site/www-zte-com-cn/global/about/magazine/zte-technologies/2024/6-en/success-stories-/building-a-network-bridge-over-the-digital-divide-in-liberia.html,3,Low,no_year,No data year recorded - must be populated during verification.,2,https://www.thenewdawnliberia.com/accredited-schools-surpass-2000-nationwide/;https://moe.gov.lr/minister-of-education-engages-press-on-digitized-school-monitoring-system/;https://www.iped.africa/media/Liberia_Emis_Review_Report_Final.pdf;https://www.liberianobserver.com/news/school-census-exercise-begins-across-liberia/article_0d246c47-5525-4f61-bedf-7b7ecc413447.html,"The original Value Code of 1 (entirely paper) was inconsistent with the row's own Comments, which concluded pilots ""indicate score 2"". Fresh evidence confirms code 2 is correct: the Ministry of Education's Geo-Mapping Monitoring and Evaluation System, launched March 2026 and piloted in five counties including rural Rivercess, Sinoe, Bomi and Gbarpolu, had schools input real-time, geo-referenced monitoring data directly on-site; June 2026 reporting confirms this pilot phase concluded with ""encouraging results"" and contributed to a rise in accredited schools nationwide. This is verified, operational point-of-service digital data capture in a meaningful subset of rural schools, alongside continued predominant reliance on paper elsewhere (per the September 2025 EMIS Peer Review Report noting stalled EMIS 2.0 rollout and weak ICT infrastructure). Recalculated to 2 (Mostly paper - some digital); not a top-of-scale change.",2026,medium,"Rural primary schools in Liberia predominantly rely on paper-based registers for attendance, enrolment and administrative records, reflecting a national Education Management Information System still transitioning from a paper-based EMIS 1.0 to a digitised EMIS 2.0, hampered by funding shortfalls and weak ICT infrastructure. Some point-of-service digital data capture has now been demonstrated in rural areas, however: the Ministry of Education's Geo-Mapping Monitoring and Evaluation System, launched in March 2026 with a US$300,000 government investment, had school staff enter real-time, geo-referenced monitoring data directly on-site during its pilot phase across five counties, including rural Rivercess, Sinoe, Bomi and Gbarpolu. By June 2026 the pilot had concluded with positive results, feeding into a broader school accreditation and monitoring drive. A parallel 2025/2026 Annual School Census also introduced greater use of school-based data collection and digital validation, though this remains centred on County Data Hubs rather than direct facility-level digital entry. Overall, rural schools remain mostly paper-based with a growing but still limited degree of digital data capture.",
LBR,Liberia,Rural Digitalisation,Status of digitalisation of records in rural facilities,Registry,Status,The status of digital data capture in rural civil registry offices,2,Mostly paper -  some digital,,"Rural registry offices and civil registration points in Liberia predominantly use paper-based forms for birth registrations. The 15 county-level registration centers are located in urban districts, serving rural households located 5-10 km away (often requiring 5+ hours travel by foot). Completeness remains low at <25% as of 2018.UNECA CRVS Snapshot No computers in local registration or health facilities; paper records are standard, with data potentially aggregated digitally at county centers. Digital initiatives are limited to pilots and donor projects: The Mobile Birth Registration (MBR) pilot (2009-2012) used Nokia phones for data collection by district health officers in one rural county (Bomi), supplementing paper processes to enable certificate printing; it demonstrated feasibility but faced scale-up barriers and remained isolated.VTT ReportWHO eCRVS Review Recent UNICEF efforts (2024) integrate birth registration in 98% health districts using tablets/online systems linked to DHIS2 for digital certificates, but challenges like unreliable electricity, internet, resources, and decentralized accountability persist, indicating non-standardized use.FrontPageAfrica/UNICEF Key barriers: poor infrastructure/power, low capacity, post-conflict fragility. National plans (2016-2020) envision expansion and online rollout, but rural point-of-service remains paper-default with digital only in isolated health-linked pilots—not majority routine use. Score 2 fits: predominantly paper with some digital pilots.",rural-registry-status,4,https://apai-crvs.uneca.org/sites/default/files/resourcefiles/CRVS_LiberiaSnapshot_e.pdf;https://sarjaweb.vtt.fi/pdf/workingpapers/2011/W159.pdf;https://cdn.who.int/media/docs/default-source/documents/ddi/systematic-review-of-ecrvs-and-mcrvs-interventions-in-low-and-middle-income-countries.pdf?sfvrsn=987de19d_2,3,Low,no_year,No data year recorded - must be populated during verification.,,https://www.unicef.org/liberia/press-releases/new-era-inclusion-millions-children-gain-legal-identity;https://cental.org.lr/index.php/documents/media-center/news/item/170-cental-partners-with-bong-county-authorities-to-improve-service-delivery-for-rural-dwellers;https://apai-crvs.uneca.org/sites/default/files/resourcefiles/CRVS_LiberiaSnapshot_e.pdf,"Confirmed at 2 (Mostly paper - some digital), superseding the older 2011 mobile-registration pilot and 2018/2019 UNECA snapshot cited previously. UNICEF's December 2024 statement describes decentralisation of birth registration to all 15 counties and 98% of health districts, with tablets and an online registration system used for issuing digital birth certificates - a materially more advanced digital footprint than the earlier isolated pilots. However, an April 2026 CENTAL ""Service-on-the-Wheel"" mobile registration drive in rural Bong County reported technical difficulties limiting on-the-spot digital certificate printing, and standard process descriptions (World Bank ID4D) still show paper birth notification forms as the entry point, with data entered into an electronic database at a later stage rather than always at first point of contact. This mixed evidence supports ""mostly paper - some digital"" rather than a higher code.",2026,medium,"Rural civil registry services in Liberia operate through a decentralised network of county-level registration centres and health-facility-linked registration points, with birth notification typically first recorded on paper before being entered into a central electronic database. Digitalisation has advanced since earlier isolated pilots: as of December 2024, UNICEF reported that birth registration had been decentralised to all 15 counties, reaching 98% of health districts, with tablets and an online registration system used to issue digital birth certificates, and records integrated into the DHIS2 platform for real-time reporting. In practice, however, digital delivery in rural areas remains uneven; an April 2026 mobile ""Service-on-the-Wheel"" registration drive in rural Bong County registered 477 children but encountered technical difficulties that delayed printing of digital certificates for many of them. Persistent barriers include unreliable electricity and internet connectivity, and rural households often remain several hours' travel from a registration point. Overall, rural civil registry offices are best characterised as mostly paper-based with a growing but still partial degree of digital data capture.",
LBY,Libya,Rural Digitalisation,Status of digitalisation of records in rural facilities,Clinic,Status,The status of digital data capture in rural primary healthcare clinics,1,Entirely paper,,"Rural primary clinics in Libya record patient data using paper-based systems, with aggregated data collated manually and reported upwards to district/national levels. No evidence of electronic medical records (EMR) or digital patient registration at point-of-service in rural facilities. A 2016 readiness study of five rural clinics found no e-health technologies in use and IT equipment not utilized for clinical purposes, rating maturity at level zero.University of Brighton Thesis. Recent assessments confirm national medical records remain paper-based, with no interoperable electronic health records.BMC Primary Care Assessment. DHIS2 adopted nationally in 2018 for monitoring/evaluation, piloted in limited PHC centers (e.g., 6 sites) and rolled out for aggregate reporting/surveillance, but not integrated into clinical care or point-of-care patient records; interviewees noted it is ""too far removed from clinical care.""WHO EMRO DHIS2 Training; WHO HIS 2017. Isolated donor projects like Speetar ""Health Dots"" e-clinics target rural south but remain pilots. Key barriers: protracted conflict damaging infrastructure (20% PHC facilities inaccessible/closed), electricity/internet shortages, lack of ICT/training, fragmented governance. National policy (2030 Vision, 2025-30 digital roadmap) aspires to digital HIS/electronic records, but rural reality lags with paper default and digital limited to upward aggregation/pilots—not PoS standard.",rural-clinic-status,1,https://applications.emro.who.int/docs/9789290224075-eng.pdf;https://pmc.ncbi.nlm.nih.gov/articles/PMC11167861/;https://research.brighton.ac.uk/en/studentTheses/the-development-and-implementation-of-e-health-services-for-the-l/,3,Low,no_year,No data year recorded - must be populated during verification.,,https://pmc.ncbi.nlm.nih.gov/articles/PMC11167861/;https://research.brighton.ac.uk/en/studentTheses/the-development-and-implementation-of-e-health-services-for-the-l/;https://applications.emro.who.int/docs/9789290224075-eng.pdf;https://libyareview.com/60731/libya-who-review-expansion-of-national-digital-health-system/,"Fetched all three cited sources plus a fresh search. The 2024 BMC rapid mixed-methods assessment (peer-reviewed, government-commissioned) explicitly states that medical records remain paper-based and health management information systems are not in routine use at national or local level, and identifies the absence of interoperable EHRs as a critical weakness. The Brighton thesis (rural clinic e-health readiness study, five rural clinics) found no clinical ICT use, rating maturity at level zero. A November 2025 LibyaReview article confirms DHIS2 remains a regional reporting/surveillance tool under expansion discussion, not a point-of-care system. Small ICRC/Swiss TPH ALMANACH digital decision-support pilots (2023-24, ~25 PHCCs) do not appear to be rural-targeted or to change the general picture. Score of 1 (Entirely paper) confirmed at facility level.",2024,high,"Rural primary healthcare clinics in Libya continue to rely on paper-based patient records at the point of care. A 2024 rapid mixed-methods assessment of Libya's primary care system confirms that medical records remain paper-based and that health management information systems are not in routine use at national or local level, with the absence of interoperable electronic health records identified as a critical weakness. A facility-level e-health readiness study of five rural clinics found no clinical use of ICT, rating maturity at the lowest level of the assessment framework. DHIS2 is being expanded nationally, with a further ministerial review in November 2025, but it functions as an aggregate reporting and surveillance tool fed from paper facility records rather than a point-of-care digital system, and pilot digital decision-support tools remain limited to a small number of donor-supported facilities. Data capture at rural clinics therefore remains entirely paper-based.",
LBY,Libya,Rural Digitalisation,Status of digitalisation of records in rural facilities,Police,Status,The status of digital data capture in rural police stations,1,Entirely paper,,"Libya's rural police stations record case files, complaints, and incident reports using paper-based procedures as per the 1953 Code of Criminal Procedure (still applicable). Judicial officers (police) draw up ""reports"" on incidents, seizures in sealed pouches, notifications, and monthly statistics submitted physically to prosecution; no mention of digital tools at station level. In remote areas, police delegated for felony investigations but refer to prosecution—implies paper transmission. No evidence found of digital case management systems deployed to rural stations; limited digital training for prosecutors/cybercrime urban-focused. Post-2011 instability fragmented policing; rural areas rely on local/customary resolution bypassing formal digital systems. General paper-based practice nationwide, score 1 per rules.",rural-police-status,2,https://security-legislation.ly/libyan-criminal-justice-system-lcjs/evidence-gathering/;https://security-legislation.ly/libyan-criminal-justice-system-lcjs/;https://www.usip.org/sites/default/files/PW117-Policing-Libya.pdf,3,Low,no_year,No data year recorded - must be populated during verification.,,https://security-legislation.ly/libyan-criminal-justice-system-lcjs/evidence-gathering/;https://www.usip.org/sites/default/files/PW117-Policing-Libya.pdf;https://libyareview.com/38496/libya-discusses-digital-transformation-projects/;https://www.stcrs.com.ly/istj/article-details.php?id=490,"Fetched cited sources (DCAF Libyan Criminal Justice System database and USIP Policing Libya 2016) which confirm paper-based, prosecution-supervised evidence procedures under the still-applicable 1953 Code of Criminal Procedure, and a fragmented, conflict-affected policing structure, but neither speaks directly to rural police stations' record-digitisation status. A fresh search found no rural-specific evidence either way. Best available corroboration is indirect: a 2023 Libyan academic study (SEM survey of 205 Ministry of Interior employees) found e-management system adoption within the Ministry still at an early stage with infrastructure and staffing barriers, and an October 2023 LibyaReview report on digital transformation discussions for the Ministry of Interior cites ongoing digital-infrastructure and specialist-staffing challenges. The only concrete MoI digitisation initiatives found (a 2021 EU/UNDP Model Police Station pilot and a 2023 smart-surveillance camera pilot for traffic/licensing) are confined to Tripoli and unrelated to rural station record-keeping. Score of 1 is confirmed as the best-supported inference, but the evidence base is indirect and national-level rather than rural-facility-specific, so this is flagged for human review.",2023,low,"Rural police stations in Libya continue to operate under paper-based case management procedures. The 1953 Code of Criminal Procedure, which remains the operative legal framework, prescribes paper reports, sealed evidence pouches and monthly statistical returns submitted physically to the Public Prosecution, with no digital equivalent specified for station-level record keeping. National-level assessments describe e-management system adoption within the Ministry of Interior as still at an early stage, constrained by weak digital infrastructure and a shortage of specialised staff, and the limited digital-transformation pilots identified (a smart surveillance camera trial and a single EU/UNDP-funded Model Police Station) are confined to Tripoli. No evidence of digital case-recording or record-management systems has been identified at rural police stations, which remain paper-based by default amid the post-2011 fragmentation of policing and reliance on customary dispute resolution in many rural areas.",human_review
LBY,Libya,Rural Digitalisation,Status of digitalisation of records in rural facilities,School,Status,The status of digital data capture in rural primary schools,1,Entirely paper,,"Libya's Ministry of Education launched EMIS in July 2024 with UNICEF support, piloting in 205 institutions nationwide using online surveys for data on students, staff, etc. This indicates aggregate digital collection, likely from paper records at rural primary schools (attendance, enrollment, grades) entered centrally after pilot training. No evidence of direct digital recording at rural facilities; pre-2024 reports note lack of functional EMIS and reliance on annual stats reports implying paper-based. Recent nationwide pilot suggests some digital aggregate reporting but predominantly paper at source, fitting score 2. Rural inclusion via ""all over the country"" but no rural-specific digital tools found. Conflict/disruption hinders full rollout.",rural-school-status,3,https://libyaobserver.ly/education/education-ministry-launches-emis-cooperation-unicef;https://ly-moe.openemis.org/core/;https://education-profiles.org/northern-africa-and-western-asia/libya/~technology,3,Low,no_year,No data year recorded - must be populated during verification.,,https://libyaobserver.ly/education/education-ministry-launches-emis-cooperation-unicef;https://alwasat.ly/news/libya/446510;https://reliefweb.int/attachments/54655ecb-1471-4fca-a42b-cc1f1a0a717f/LBY2205_JENA_Report_English.pdf,"Fetched cited sources and searched for fresher evidence. Confirmed the EMIS pilot launched in July 2024 (Libya Observer; Al Wasat Arabic report) covers 205 institutions nationwide but operates via online surveys completed centrally by trained ministry staff to build a statistical database - this is an aggregate/higher-level reporting exercise, not digitisation of record capture at the school. Per the metadata guidance, digitalisation of paper data at a higher level should not be taken into account when scoring facility-level status. A 2022 Joint Education Needs Assessment (UNICEF/REACH, via ReliefWeb) confirms Libya still lacked a fully functioning EMIS at that time. No evidence was found of rural primary schools keeping digital attendance registers, gradebooks or student records at the facility level. The original Comments text contained an internal inconsistency, arguing the evidence was 'fitting score 2', but the recorded Value Code of 1 is the correct score once higher-level EMIS aggregation is properly excluded per the scoring instructions; it is confirmed rather than changed.",2024,medium,"Rural primary schools in Libya continue to maintain student, attendance and staff records on paper at the facility level. The Ministry of Education, with UNICEF support, launched a pilot Education Management Information System in July 2024 covering 205 institutions nationwide, using online surveys completed by trained ministry staff to build a central statistical database; this is an aggregate reporting exercise rather than a facility-level digital record system. A 2022 Joint Education Needs Assessment found that Libya still lacked a fully functioning EMIS, limiting systematic school-level data collection. No evidence indicates that rural primary schools keep digital attendance, enrolment or grade records at the point of use, so data capture at these facilities remains entirely paper-based.",
LBY,Libya,Rural Digitalisation,Status of digitalisation of records in rural facilities,Registry,Status,The status of digital data capture in rural civil registry offices,3,Mostly digital - some paper,,"Libya's Civil Registration Authority (CRA) operates 12 branches, 133 issuing offices, and 400 service offices covering all Libya, including rural areas, all fully automated and electronically linked via a single database since at least 2020, enabling high-quality timely data (100% birth registration, >90% deaths) Seha.ly 2020 report. UNFPA assessment shows computers used in compilation (79%), storage (68%), validation (63%), transmission (58%), with adequate peripheral infrastructure UNFPA Arab CRVS. Older UN paper (~1980s) describes paper triplicate forms at local level with central computerization UNStats, but recent sources confirm shift to digital. Recent mentions of electronic civil registry phases. Predominantly digital at rural facilities, some legacy paper possible.",rural-registry-status,4,https://seha.ly/media/statistics_reports/vital-statistics-report-for-the-year-2020mD5xx9G.pdf;https://arabstates.unfpa.org/sites/default/files/pub-pdf/crvs_13_web_version.pdf;https://unstats.un.org/unsd/demographic-social/crvs/documents/IIVRS_papers/IIVRS_paper47.pdf,3,Low,no_year,No data year recorded - must be populated during verification.,,https://seha.ly/media/statistics_reports/vital-statistics-report-for-the-year-2020mD5xx9G.pdf;https://arabstates.unfpa.org/sites/default/files/pub-pdf/crvs_13_web_version.pdf;https://libyaherald.com/2024/09/pm-aldabaiba-follows-up-on-intilaqa-project-for-matching-civil-registry-electronic-data-with-paper-records/,"Fetched all three cited sources plus a fresh search. The seha.ly 2020 report confirms the CRA's 12 branches, 133 issuing offices and 400 service offices nationwide, including rural areas, are linked via a single automated database. The 2022 UNFPA assessment, however, shows computer use across compilation, storage, validation and transmission stages ranging only from 58-79% (not full automation), indicating paper remains part of the workflow at many offices. This is confirmed by a September 2024 Libya Herald report on the CRA's 'Intilaqa' project, an ongoing exercise (begun around 2021, still underway in September 2024) to reconcile roughly 1.8 million Libyan family paper records (some untouched since the 1970s) against the electronic database, with 257 of the CRA's offices having completed matching/scanning by that date. This is strong, current evidence that substantial legacy paper records persist alongside the digital system, supporting the existing 'Mostly digital - some paper' rating rather than a promotion to 'Entirely digital'; no promotion is warranted.",2024,high,"Libya's Civil Registration Authority operates a single automated database linking its 12 branches, 133 issuing offices and 400 service offices across the country, including rural areas, enabling near-complete birth registration and high death-registration coverage. Facility-level data entry is substantially digital: an assessment found computers used at 58-79% of stages in the compilation, storage, validation and transmission of registration data. However, legacy paper archives remain significant: the CRA's 'Intilaqa' project, still underway as of September 2024, is reconciling around 1.8 million Libyan family paper records, some dating to the 1970s, against the electronic database, with 257 of its offices having completed matching and scanning. This combination of a largely digital core registration system alongside substantial ongoing paper-record reconciliation places rural civil registry offices at mostly digital with some paper, rather than entirely digital.",
LSO,Lesotho,Rural Digitalisation,Status of digitalisation of records in rural facilities,Police,Status,The status of digital data capture in rural police stations,1,Entirely paper,,"Lesotho Mounted Police Service (LMPS) uses paper-based records like Occurrence Books (OB) for disciplinary cases, complaints registers, custody logs, and dockets at stations, including rural ones lacking electricity/telephones.APCOF Report Evidence of digital efforts: Integrated Case Management System (ICMS) login portal (v0.1.1), LMPS_RIMS project (2019+), GoLehokela digital policing platform. Courts use Synergy CMS integrating police data, but operational at limited urban sites (Maseru). No rural-specific digital rollout; rural stations rely on paper with later district entry possible. Predominantly paper with some digital pilots/urban systems = score 2.",rural-police-status,2,https://apcof.org/wp-content/uploads/2016/05/The-Police-As-Friend-and-Helper-to-the-People-Assesing-the-Lesotho-Mounted-Police-Service-Perfomance-in-terms-of-the-SARPCCO-Code-of-Conduct-1.pdf;https://keshop.dedicated.co.za/ICMS/;https://www.capterra.co.za/software/43128/synergy-case-management-system;https://www.linkedin.com/posts/sekake-lenka-a7a8b0190_lesotho-mounted-police-service-record-information-activity-7178391503185076224-uSJu;https://golehokela.gov.ls,5,Low,no_year,No data year recorded - must be populated during verification.,2,https://lestimes.com/?p=90165;https://www.undp.org/lesotho/blog/lehokela-seven-years-making-one-national-platform;https://lesotho.co.ls/2026/06/lehokela-application-rollout-strengthens-digital-policing-in-lesotho-through-peacebuilding-fund-support/;https://lesotho.co.ls/2026/02/ministry-of-public-works-and-transport-trains-thaba-tseka-police-on-online-road-accident-mapping/,"Original Value Code of 1 was internally inconsistent with the row's own Comments, which explicitly concluded a score of 2. Fetched the original APCOF report (2011, background only, pre-dates current digital pilots) and ran fresh searches. Fresh 2026 evidence (Lehokela community-policing app national launch April 2026 with phased station rollout from June 2026; Road Accident Management System replacing the manual LMPS 29 form, training run in Thaba-Tseka district February 2026) confirms rural stations remain predominantly paper-based with emerging digital pilots, i.e. code 2 (Mostly paper - some digital), not code 1. No source urls were dead; none were unrelated.",2026,high,"Rural police stations in Lesotho continue to rely predominantly on paper-based recording, including Occurrence Books, custody logs and dockets, particularly where electricity and telecommunications are absent. Digitalisation efforts are underway but remain partial: the Lehokela community-policing application, developed with UNDP, the National University of Lesotho and Econet Telecom Lesotho, was officially launched nationally in April 2026 following a multi-year pilot, with phased rollout to police stations beginning in June 2026 and desktop computers being distributed to selected stations. Separately, the Ministry of Public Works and Transport began training police in Thaba-Tseka district in February 2026 to record road accidents digitally via the Road Accident Management System, replacing the manual LMPS 29 form. These initiatives indicate a transition in progress rather than a completed shift, with most rural stations still operating largely on paper alongside emerging digital tools.",
LSO,Lesotho,Rural Digitalisation,Status of digitalisation of records in rural facilities,School,Status,The status of digital data capture in rural primary schools,1,Entirely paper,,"Rural primary schools in Lesotho record administrative data, enrollment, attendance, and other metrics using paper-based Annual Statistical Census (ASC) forms filled by principals and submitted via district officers to the central Education Planning Unit.2023 Education Statistics Report This process remains manual at the point of service, with data later captured into central OpenEMIS for aggregated annual reporting, not real-time individual tracking.KIX EMIS Peer Review A 2017-2018 OpenEMIS pilot aimed at learner unit records was scaled back due to resource constraints, including lack of district statisticians, equipment, and internet.World Bank ICT Survey Only ~10/1477 primary schools have rudimentary ICT access (~20/1700 have electricity), severely limiting rural facilities (70% of population).KIX EMIS Peer Review Plans to shift to DHIS2 for Education emphasize district-level roles but no evidence of school-level digital rollout by 2023-2026. Key barriers: poor rural infrastructure, no electricity/internet, unqualified teachers (51% in mountains), funding gaps. National EMIS exists, but rural reality is entirely paper-based recording with central digitization—gap reflects ambition vs resource reality. (198 words)",rural-school-status,3,http://www.bos.gov.ls/New%20Folder/Copy%20of%20Demography/2023_Education_Report.pdf;https://www.gpekix.org/sites/default/files/webform/submit_to_the_library/460/Policy%20Brief_KIX%20EMIS%20Peer%20Review_cdv1.pdf;https://documents1.worldbank.org/curated/en/865541468266696519/pdf/463840BRI0Box31ho010ICTed0Survey111.pdf,3,Low,no_year,No data year recorded - must be populated during verification.,,https://education.dhis2.org/building-a-smarter-education-data-system-in-lesotho-with-dhis2/;https://www.globalpartnership.org/blog/enhancing-education-data-systems-lesotho-through-peer-exchange,"All three original sources (2023 Education Statistics Report, KIX EMIS Peer Review, World Bank ICT Survey) were consistent with a paper-based facility-level recording process and support code 1. Fresh searches found a May 2026 DHIS2/HISP account of the new LEMIS system, which explicitly confirms that as of the 2025-2026 transition, schools still 'complete paper-based forms' and submit them to district offices; the LEMIS build is at ministry/district level (staff trained March 2026), not yet a school-level digital rollout. Per the variable's guidance to assess facility-level capture only, code 1 (Entirely paper) is confirmed with stronger, more current evidence than originally cited.",2026,high,"Rural primary schools in Lesotho record enrolment, attendance and administrative data using paper-based Annual School Census forms, which are submitted to district offices for manual verification and data entry, a process that can take months. The Ministry of Education and Training, with UNICEF and HISP support, began developing a new national education management information system (LEMIS) on the DHIS2 platform in September 2025, covering 4,819 institutions, with core Ministry staff trained on the system in March 2026. As of mid-2026 this transition remains at the ministry and district level; data capture at the school level, including in rural facilities, is still entirely paper-based, consistent with limited ICT access and electricity in the great majority of rural primary schools.",
LSO,Lesotho,Rural Digitalisation,Status of digitalisation of records in rural facilities,Clinic,Status,The status of digital data capture in rural primary healthcare clinics,2,Mostly paper -  some digital,,"In rural primary healthcare clinics (health centers), patient data recording is predominantly paper-based for general care. Non-HIV/TB patients use paper health booklets, with data manually aggregated into national DHIS2 at higher levels MCC Blog 2023. For HIV/TB/PMTCT/cervical screening/pharmacy, eRegister EMR is deployed nationwide at all 170 government health centers (many rural) using decentralized local servers to handle poor connectivity/power; data auto-syncs to DHIS2 Oxford Digital Health 2024. Some duplicate paper processes persist. Digital systems are donor-driven (PEPFAR/ICAP) for specific diseases, not standard point-of-care for majority routine care. Pilots like village health worker tablets (BKM) exist but community-level. Barriers: unreliable power (outages, failing solar), low connectivity, technical capacity reliant on partners. MCC compact (2024+) plans expansion to all diseases, but currently not predominant at most rural clinics for all recording. Gap: National ambitions (Digital Health Strategy 2025-30 validated 2024) and HIV digital success contrast with paper-dominant routine rural PoC.",rural-clinic-status,1,https://www.mcc.gov/blog/entry/blog-121123-digital-health-lesotho/;https://pmc.ncbi.nlm.nih.gov/articles/PMC11932418/;https://community.dhis2.org/t/improving-dhis2-integration-for-lesothos-health-information-ecosystem/47463,3,Low,no_year,No data year recorded - must be populated during verification.,,https://doi.org/10.1136/bmjopen-2024-093878;https://doi.org/10.1186/s12911-025-02858-3;https://www.mcc.gov/blog/entry/blog-121123-digital-health-lesotho/,"Original sources (MCC blog, PMC article, DHIS2 community post) describe the same picture: eRegister deployed across ~170-178 facilities for specific programmes (HIV, TB, ANC, cervical screening) while routine general care remains paper-based, supporting code 2. Fresh searches surfaced two 2025 peer-reviewed studies: a May 2025 cross-sectional study of eRegister use in Mafeteng district (17 facilities) confirming generally positive uptake but persistent electricity/connectivity barriers, and a November 2025 qualitative study confirming the eRegister covers five specific programmes and that government intends to phase out paper recording only once eRegister is fully operational nationwide - i.e. not yet the case. Code 2 (Mostly paper - some digital) is confirmed with more current sourcing.",2025,high,"Routine patient data recording in Lesotho's rural primary healthcare clinics remains predominantly paper-based, with paper health booklets used for most general care and data manually aggregated into DHIS2 at higher levels. For HIV, TB, antenatal and cervical-screening services, an electronic register (eRegister, built on the Bahmni platform) is deployed across more than 170 government health facilities nationwide, including many rural sites, using decentralised local servers to cope with unreliable power and connectivity, with data automatically synchronised to DHIS2. Studies from 2025 describe generally positive healthcare-worker perceptions of the eRegister but confirm that network connectivity and electricity outages remain significant operational barriers, and that the government envisages paper-based recording being phased out only once the eRegister is fully operational nationwide. Routine point-of-care recording for the majority of rural clinic services therefore remains paper-based alongside disease-specific digital systems.",
LSO,Lesotho,Rural Digitalisation,Status of digitalisation of records in rural facilities,Registry,Status,The status of digital data capture in rural civil registry offices,2,Mostly paper -  some digital,,"Rural registry offices and civil registration points in Lesotho predominantly use paper-based forms for birth registration, with records later digitized and transferred electronically to regional/national databases. UNECA APAI-CRVS Report (2023) confirms electronic transfer from local offices but Lesotho not among countries with universal district-level electronic entry. Automated digital systems for point-of-service electronic recording and immediate certification piloted in ~4 hospitals (since 2021) and select rural community councils (e.g., Qanya CC in Qacha’s Nek, 2022), supported by UNICEF. Lesotho Ministry of Home Affairs; Gov Lesotho. National CRVS Strategic Plan (2020-2024) promotes decentralization to chiefs/councils and digitalisation, with 2023 Ntlafatsa Bana system and 2024-2026 DPI commitments, but 2025 UNICEF consultancy reviews incomplete scale-up. Barriers: Rural infrastructure gaps (electricity/connectivity in 70% mountainous terrain), low digital literacy, staffing shortages. Gap: National electronic aggregation ambition vs. paper-default at most ~10,000 rural points; pilots cover minority of facilities, fitting score 2.",rural-registry-status,4,https://apai-crvs.uneca.org/sites/default/files/resourcefiles/Digitalization%20of%20Civil%20Registration%20and%20Vital%20Statistics%20in%20Africa.pdf;https://www.homeaffairs.gov.ls/commemoration-of-africa-civil-registration-and-vital-statistics-crvs-day-at-qanya-community-council-in-qachas-nek/;https://www.gov.ls/uncategorized/his-majesty-launches-automsted-birth-registration-system/,3,Low,no_year,No data year recorded - must be populated during verification.,,https://lesotho.un.org/en/296588-every-child-counts-linking-nutrition-water-and-identity-better-future;https://www.lena.gov.ls/sekete-champions-civil-registration-access-in-hard-to-reach-qachas-nek/;https://getinthepicture.org/system/files/sites/default/files/C1_Session%204.5_Mokoena_Paper.pdf;https://www.gov.ls/government/micsti-and-unicef-signed-digital-id-work-plan/,"Original sources (APAI-CRVS report, Home Affairs Qanya community council article, gov.ls automated birth registration launch) were consistent with a picture of paper-default rural registration alongside a growing set of digital pilots, supporting code 2. Fresh searches found a June 2025 UN Lesotho account of the Ntlafatsa Bana programme's real-time tablet-based birth registration (integrated with the NISSA social registry) expanding to further community councils, a January 2026 outreach report from Qacha's Nek confirming hard-to-reach villages still rely on manual, in-person registration events and that transport shortages constrain decentralisation, and a February 2026 government announcement of a new MOSIP-based digital identity work plan with UNICEF running through 2026-2028. Together these confirm code 2 (Mostly paper - some digital) remains correct, with digitalisation still a minority-coverage, in-progress effort rather than the rural default.",2026,high,"Civil registration in Lesotho's rural areas is predominantly paper-based, delivered through outreach by Civil Registration Officers and, since 2020, through deployment at health facilities and community councils. Digital birth registration has expanded through the EU/UNICEF-supported Ntlafatsa Bana programme, which uses real-time tablet-based registration operated by Village Health Workers and Civil Registration Officers, integrated with the NISSA social assistance database, in selected community councils such as Qhoasing. However, coverage of automated registration remains limited to a minority of community councils and health facilities; a January 2026 outreach in Qacha's Nek highlights that hard-to-reach mountain villages still rely on manual, in-person registration events, and officials note that decentralisation to councils is constrained by transport and logistics. The Ministry of Information, Communications, Science, Technology and Innovation and UNICEF signed a 2026 work plan to continue developing a MOSIP-based digital identity ecosystem linked to civil registration, indicating that national-level digitalisation remains a work in progress rather than complete.",
MAR,Morocco,Rural Digitalisation,Status of digitalisation of records in rural facilities,Clinic,Status,The status of digital data capture in rural primary healthcare clinics,1,Entirely paper,,"Morocco's national HMIS development (WB ~2017) notes fragmented systems with paper-based data collection at service delivery level, including rural primary facilities like clinics and dispensaries, with aggregate entry higher up. WHO EMRO eHealth profile indicates no national EHR, N/A EHR usage in primary care facilities (clinics/health centers). Recent EHR in urban hospitals (e.g., HOSIX since 2009, BMC 2025 study), slow expansion to primary/secondary (120M USD plan), pilots like digital prescriptions (2026). No evidence of facility-level digital patient records/registers in rural clinics; HMIS likely aggregate reporting. Digitalisation predominantly paper at rural clinics with emerging pilots/digital aggregate systems.",rural-clinic-status,1,https://www.emro.who.int/images/stories/ehealth/documents/morocco-ehealth-country-profile.pdf;https://openknowledge.worldbank.org/bitstreams/a43405ca-e6f6-5e6d-bcc2-c6d90b8fcc53/download;https://pmc.ncbi.nlm.nih.gov/articles/PMC11869421/,3,Low,no_year,No data year recorded - must be populated during verification.,2,https://documents1.worldbank.org/curated/en/998811657067132849/pdf/Morocco-Health-Sector-Support-Project.pdf;https://doi.org/10.5281/zenodo.18234331;https://doi.org/10.1016/j.imu.2023.101346,"Original score of 1 (Entirely paper) rested on an old (~2015) WHO eHealth country profile survey, a World Bank HMIS report link that now returns a DSpace login wall (dead link), and a PMC article blocked by a bot-check on fetch (could not be verified directly). Fresh search finds a World Bank Health Sector Support PforR document confirming the national digitised health information system (SMIPF-SC, covering MNCH/family planning/curative care) was operationalised in 100% of public health centres across all regions by c.2019-2022, with facility-level data captured digitally then aggregated upward. A 2026-published qualitative field study (fieldwork Sept 2024-Mar 2025) in the peripheral Guelmim-Oued Noun region, covering a rural health centre among its three case sites, found the Dossier Medical Informatise (DMI)/BILMED system in active use, improving coordination but constrained by poor connectivity and staff resistance - a genuine but incomplete shift from paper. This is stronger and more current evidence than the original sources and supports moving the score from Entirely paper to Mostly paper - some digital rather than confirming full paper reliance.",2025,medium,"Morocco's rural primary healthcare clinics increasingly use digital systems for data capture alongside paper. The national health information system (SMIPF-SC) has been rolled out to all public health centres for maternal, child health, family planning and curative care data, and primary care facilities in peripheral regions use electronic medical record tools (DMI/BILMED). A 2024-2025 field study of a rural health centre in Guelmim-Oued Noun found these digital tools improving care coordination but still constrained by unreliable connectivity, insufficient maintenance and staff adaptation challenges, meaning paper remains in routine use alongside digital records.",
MAR,Morocco,Rural Digitalisation,Status of digitalisation of records in rural facilities,Registry,Status,The status of digital data capture in rural civil registry offices,1,Entirely paper,,"Rural registry offices in Morocco (1282 principal rural offices out of ~2200 total) primarily use paper-based handwritten ledgers for birth registration, with no connected computer systems in the majority as of 2018 World Bank ID4D Diagnostic. Citizens obtain certified paper copies from local offices. Aggregate data is reported upward manually. In 2025, a national project (194M MAD) launched to digitize 38M historical records across all 1821 offices, including rural via regional lots (e.g., southern rural regions), involving manual entry of paper records and connecting offices to a unified system Morocco World News. Law 36.21 (2023) enables e-pre-declarations, but point-of-service recording remains paper-default. No evidence majority rural facilities use digital at point of care; project indicates ongoing transition from paper. Barriers: poor rural IT infrastructure, decentralization. National ambition (Digital Morocco 2030) outpaces rural reality, with digitization as upward reporting/pilot-like effort.",rural-registry-status,4,https://id4d.worldbank.org/sites/default/files/2018-04/Morocco_ID4D_Diagnostic_Web404018.pdf;https://www.moroccoworldnews.com/2025/04/192844/morocco-launches-19-4-million-digital-transformation-of-civil-registry/;https://www.atalayar.com/en/articulo/new-technologies-innovation/morocco-digitises-its-civil-registry-with-historic-investment-of-194-million-dollars/20250423140207213825.html,3,Low,no_year,No data year recorded - must be populated during verification.,3,https://aujourdhui.ma/actualite/registre-national-linterieur-renforce-son-dispositif-digital-de-letat-civil;https://www.collectivites-territoriales.gov.ma/fr/programme-de-modernisation-de-letat-civil;https://www.moroccoworldnews.com/2025/04/192844/morocco-launches-19-4-million-digital-transformation-of-civil-registry/,"The original score of 1 (Entirely paper) relied on a 2018 World Bank ID4D diagnostic and 2025 press coverage of the historical-records digitisation tender, both of which describe the archival backlog rather than current point-of-registration practice. A more directly relevant source - an October 2024 report citing the Ministry of Interior - states that the Systeme de Gestion de l'Etat Civil (SGEC) is 'generalise sur l'ensemble des bureaux de l'etat civil du Royaume' (deployed nationwide across all civil registry offices) and had processed over 1.3 million birth/death/marriage-related acts through the digital system, covering declaration of births, deaths, marginal notes and marriage/divorce mentions. This indicates that data capture at the point of registration - not just aggregate reporting - is now predominantly digital nationwide, including in rural offices, even though a very large historical paper archive (up to 55 million records dating to 1915) is still being digitised and physical registers/tomes continue to be maintained in parallel per programme documentation. This justifies raising the score from Entirely paper to Mostly digital - some paper.",2024,high,"Morocco's civil registry offices, including those in rural areas, capture vital events primarily through the Systeme de Gestion de l'Etat Civil (SGEC), a digital case-management system for birth, death, marriage and divorce declarations that the Ministry of Interior describes as deployed across the entirety of the Kingdom's civil registry offices. As of late 2024 the system had processed over 1.3 million acts. A parallel Ministry of Interior programme is digitising a historical paper archive of tens of millions of records dating to 1915, and legally-mandated physical registers continue to be maintained alongside the digital system, so some paper-based elements remain in routine use.",
MAR,Morocco,Rural Digitalisation,Status of digitalisation of records in rural facilities,Police,Status,The status of digital data capture in rural police stations,2,Mostly paper -  some digital,,"Morocco's police (DGSN) and gendarmerie are digitizing case management. DGSN's GESTARR system with integrated crime/delinquency management and procedure digitization is deployed in urban prefectures, regional sûretés (e.g., rural Ouarzazate, Errachidia, Taza), and provincial sûretés, with national rollout planned Mafrique, AllAfrica. Royal Gendarmerie uses HID Livescan for digital biometric booking, replacing outdated manual processes, usable at remote outposts YouTube. Justice sector advancing with online criminal records Justice.gov.ma. No evidence of entirely digital initial recording at all rural stations; ongoing pilots/rollout in some rural areas indicates predominant paper with growing digital systems (score 2). No mentions of paper-only in recent sources; HR reports lack specifics on recording methods.",rural-police-status,2,https://mafrique.ma/2024/12/27/maroc-plateforme-numerique-de-services-les-solutions-technologiques-au-service-du-citoyen-dgsn/;https://fr.allafrica.com/stories/202412250141.html;https://www.youtube.com/watch?v=7Piuv1z3lpM;https://casierjudiciaire.justice.gov.ma/Accueil.aspx?culture=fr-FR,4,Low,no_year,No data year recorded - must be populated during verification.,,https://mafrique.ma/2024/12/27/maroc-plateforme-numerique-de-services-les-solutions-technologiques-au-service-du-citoyen-dgsn/;https://fr.le360.ma/societe/digitalisation-accessibilite-continuite-comment-la-dgsn-articule-numerique-et-proximite_HWAKBMEZ2VE2BBKEHYMQ5GZMGI/;https://www.lereporter.ma/la-direction-generale-de-la-surete-nationale-presente-son-bilan-annuel-au-titre-de-lannee-2024/,"Reviewed original sources: the DGSN 2024 bilan (GESTARR case-management system, mafrique.ma) is confirmed current; the AllAfrica mirror could not be fetched (crawl timeout) but its content duplicates the mafrique.ma original; the online judicial-record portal (casierjudiciaire.justice.gov.ma) is a citizen-facing request service, not evidence of digitisation at the point of case recording, so it does not directly support the score. Fresh search finds that GESTARR's successor case-management system 'Qadaya' covered 16 of 22 surete (police) commandements as of December 2025, and that digitisation of traffic-accident reports is now complete across all DGSN commandements. However, DGSN's remit is largely urban and semi-urban; genuinely rural policing in Morocco falls mainly to the Gendarmerie Royale, for which no comparably strong 2024-2025 evidence of facility-level digitisation was found beyond the previously-cited use of mobile biometric booking devices at remote outposts. Given rollout remains partial and the strongest recent evidence concerns urban/regional DGSN commandements rather than rural gendarmerie brigades specifically, the original score of Mostly paper - some digital is confirmed rather than raised.",2025,medium,"Digital case-management systems (GESTARR, and its successor Qadaya) are progressively being rolled out across Moroccan police commandements, reaching 16 of 22 as of December 2025, and digitisation of traffic-accident reports is now complete nationwide within the national police (DGSN). Rural areas, however, are primarily policed by the Gendarmerie Royale, where digitisation is more limited: mobile biometric booking devices are used at some remote outposts, but most case and incident recording in rural gendarmerie brigades continues to rely substantially on paper alongside these emerging digital tools.",
MAR,Morocco,Rural Digitalisation,Status of digitalisation of records in rural facilities,School,Status,The status of digital data capture in rural primary schools,2,Mostly paper -  some digital,,"Morocco has a national EMIS called ""Pathway,"" as noted in UNESCO UIS EMIS Typology report. MCC projects provide technical assistance to improve EMIS capabilities nationwide, including student assessments (Mathematica MCC project). Recent initiatives like Orange Foundation's ""Écoles numériques"" equip 55 rural primary schools with digital tools and content, training teachers, but this is a pilot (Medias24). No direct evidence of routine digital recording at rural schools for attendance/enrollment/grades; typical for EMIS in developing countries to involve paper collection at schools with later digital aggregation at higher levels. Recent digital academy and AI programs indicate growing digital infrastructure, but rural primary facilities likely predominantly paper-based with some pilots/projects. Score 2.",rural-school-status,3,https://emis.uis.unesco.org/wp-content/uploads/sites/5/2024/02/IP65-EMIS-Typology-FINAL_Upload.pdf;https://www.mathematica.org/projects/morocco-secondary-education-activity-for-employability-project;https://medias24.com/2024/09/06/55-nouvelles-ecoles-rurales-beneficieront-du-programme-ecoles-numeriques-de-la-fondation-orange-maroc/,3,Low,no_year,No data year recorded - must be populated during verification.,3,https://wizaide.com/glossaire/massar/;https://opengov.unescwa.org/node/1233;https://fr.hibapress.com/news-144439.html;https://medias24.com/2024/09/06/55-nouvelles-ecoles-rurales-beneficieront-du-programme-ecoles-numeriques-de-la-fondation-orange-maroc/,"The original score of 2 rested on a general UNESCO EMIS typology paper, an MCC/Mathematica project page, and a report on the Orange Foundation's small 'Ecoles numeriques' pilot (55 additional rural schools in 2024, following 16 in prior years) - all describing supplementary equipment/pilots rather than the core national school information system. Fresh search establishes that Massar, the Ministry of Education's national school-management information system deployed since 2013, is mandatory for all public and private schools including primary schools, and is used directly by teachers and administrators for real-time grade entry ('Massar Prof'), absence recording, enrolment/national student ID issuance and transcript management - i.e. digital data capture at the facility rather than later aggregation. A November 2024 news report of technical problems with Massar enrolment specifically in the rural Zagora region confirms that rural primary schools are in fact using the system directly (with connectivity/performance issues) rather than remaining paper-based. Known limitations persist (absence recording is 'declarative' rather than automated, and remote-area connectivity is a documented adoption barrier), consistent with a mostly-digital-some-paper rather than entirely-digital categorisation. This supports raising the score.",2024,medium,"Rural primary schools in Morocco use the Ministry of Education's national school information system, Massar, which has been mandatory nationwide since 2013 for enrolment, national student identification, grade entry and absence recording, with teachers and administrators entering data directly rather than compiling it on paper for later aggregation. Rural schools are demonstrably using the system in practice, as evidenced by 2024 reports of technical difficulties during enrolment in a rural province, though connectivity and infrastructure constraints in remote areas remain an acknowledged barrier, and supplementary paper-based practices and small-scale digital-equipment pilots (e.g. the Orange Foundation's 'Ecoles numeriques' programme) continue alongside the core digital system.",
MDG,Madagascar,Rural Digitalisation,Status of digitalisation of records in rural facilities,Clinic,Status,The status of digital data capture in rural primary healthcare clinics,1,Entirely paper,,"Rural primary healthcare clinics (Centres de Santé de Base, CSB) in Madagascar predominantly use paper-based registers for patient data recording, including consultations, vaccinations, prenatal care, and dispensing. Monthly activity reports (RMA) are compiled manually at CSB and aggregated/entered into DHIS2 at district level (SDSP), not at point-of-service.Plan Stratégique de Renforcement du Système d'Information Sanitaire 2023-2027 Electronic RMA piloted in 10 districts (e.g., Manjakandriana, Manakara) since 2021, allowing direct DHIS2 entry at some CSB, but limited to aggregate data, not individual patient records; scaling planned but not majority coverage.Plan Stratégique de Renforcement du Système d'Information Sanitaire 2023-2027 CommCare app enables digital community health data entry by volunteers (4,300+ users), integrated to national DHIS2 for reporting to CSB heads, replacing paper treks, but clinic-level patient recording remains paper-based.Management Sciences for Health Key barriers: poor network (58% CSB with 4G), energy shortages, low functionality (CSB1: 37% functional), equipment shortages. National ambitions include DHIS2 scaling, electronic registers, patient management systems by 2027, but rural reality lags—digital for surveillance/aggregates/pilots, paper default at clinics.Plan Stratégique de Renforcement du Système d'Information Sanitaire 2023-2027",rural-clinic-status,1,https://www.msanp.gov.mg/upload/documents/PSRSIS_2023-2027.pdf;https://msh.org/story/mobile-app-technology-improves-health-delivery-in-rural-madagascar/;https://dhis2.org/madagascar-hisp-uio-one-health-initiative/,3,Low,no_year,No data year recorded - must be populated during verification.,,https://doi.org/10.4269/ajtmh.23-0224;https://measuremalaria.cpc.unc.edu/wp-content/uploads/2023/07/Madagascar-Data-Quality_FS-23-627d-PMI_508.pdf;https://community.dhis2.org/t/mis-en-place-d-un-systeme-de-suivi-des-programmes-au-niveau-de-la-division-maternite-sans-risque-a-travers-dhis2-tracker-et-event-cas-de-madagascar/58817;https://www.msanp.gov.mg/upload/documents/PSRSIS_2023-2027.pdf;https://msh.org/story/mobile-app-technology-improves-health-delivery-in-rural-madagascar/,"Original score (1 = Entirely paper) confirmed. Cited sources (PSRSIS 2023-2027, MSH CommCare story, DHIS2 Madagascar page) were fetched and support paper-based facility recording. Fresh 2024 sources (Yé et al. 2024 malaria routine data quality assessment; PMI Measure Malaria data quality brief; DHIS2 community 2024 post on the MSR/PF tracker rollout) confirm outpatient registers remain the primary source documents used at CSB level nationally, with direct digital entry occurring only in limited district-level pilots (electronic RMA in around 10 districts). No change to Value Code. Year populated as 2024 (medium confidence), the best-supported recent evidence date; no year was previously recorded.",2024,medium,"Rural primary healthcare clinics (Centres de Santé de Base) in Madagascar record patient data - consultations, vaccinations, antenatal care, dispensing - almost entirely on paper registers. Monthly activity reports (RMA) are compiled by hand at the CSB and aggregated into the national DHIS2 platform at district level, rather than entered digitally at the point of care. A 2024 routine data quality assessment of malaria reporting confirms that outpatient registers and other source documents remain the primary tool used by health workers at the facility, with reports subsequently cross-checked against DHIS2 entries made elsewhere in the system. Small-scale digital pilots exist - an electronic RMA trialled in around ten districts allowing some CSB to enter aggregate (not individual patient) data directly into DHIS2, and the CommCare mobile application used by over 4,300 community health volunteers for community-level care and reporting - but these do not extend to routine clinical recordkeeping inside rural clinics. Persistent barriers include unreliable 4G coverage (around 58% of CSB), energy shortages, and equipment shortages, meaning paper remains the default at the point of service despite national ambitions for digital patient records by 2027.",
MDG,Madagascar,Rural Digitalisation,Status of digitalisation of records in rural facilities,Police,Status,The status of digital data capture in rural police stations,1,Entirely paper,,"Rural police stations in Madagascar, primarily managed by the National Gendarmerie, rely on entirely paper-based recording for criminal cases and complaints. APT guidelines mandate paper custody registers (registres de garde à vue) at all stations, including rural ones, as a core procedural guarantee.APT Guide No evidence found of routine digital case management at point-of-service in rural facilities. Digital efforts are limited to central-level initiatives like a planned UNDP-supported software for judicial file tracking in police technique/scientifique police (2025 tender),UNGM UNDP and laptop donations to gendarmerie for basic admin (2025).MFT Justice sector has LOGIPENAL etc. for courts since 2018, but not extended to rural police recording.E-Governance Report Key barriers: low rural electricity (15%), internet access (~2% rural women), digital literacy gaps, ad hoc training, poor infrastructure, paper archives.Cybersecurity Review; Daily Maverick. National digital ambitions (PRODIGY ID system, e-gov) focus on civil registry/services, not police case dockets; rural point-of-service remains manual with later aggregation if any.",rural-police-status,2,https://www.apt.ch/sites/default/files/publications/Garde%20a%20vue%20a%20Madagascar%20-Web%20version.pdf;https://www.ungm.org/Public/Notice/269304;https://gcscc.ox.ac.uk/files/cmmrapportfinalcybersecuritemadagascarpdf,3,Low,no_year,No data year recorded - must be populated during verification.,,https://www.apt.ch/sites/default/files/publications/Garde%20a%20vue%20a%20Madagascar%20-Web%20version.pdf;https://www.ungm.org/Public/Notice/269304;https://www.undp.org/fr/madagascar/blog/la-technologie-lappui-de-la-justice;https://tapakila.fr/cirgn-madagascar/,"Original score (1 = Entirely paper) confirmed. Cited sources (APT custody register guide, UNGM tender notice, Oxford GCSCC cybersecurity review) were fetched; the UNGM notice is a live 2025 procurement tender for judicial-file software, not evidence of an operational system. Fresh searches found justice-sector digitisation (the Logicivil case-management system rolled out to a handful of Tribunaux de Première Instance from October 2024 with USAID/UNDP support) but this covers courts, not police or gendarmerie stations, which is what this variable measures. No evidence found of digital recordkeeping at rural police/gendarmerie brigades. No change to Value Code. Year populated as 2025 (medium confidence), based on the most recent dated evidence of continued paper-based practice and pending digitisation tenders; no year was previously recorded.",2025,medium,"Rural police and gendarmerie stations in Madagascar continue to record criminal cases and complaints entirely on paper. Custody registers (registres de garde à vue), mandated by national guidelines, remain the standard tool at all stations, including rural brigades. Digitalisation efforts to date are concentrated in the courts rather than the police: the Ministry of Justice's Logicivil case-management software, rolled out with USAID/UNDP support to a handful of Tribunaux de Première Instance from 2024, does not extend to police or gendarmerie recordkeeping, and a 2025 UNDP tender for judicial file-tracking software specific to the police technique et scientifique remains at the procurement stage rather than in use. The gendarmerie, which covers around 90% of national territory and the large majority of rural areas, has received basic IT equipment donations but no evidence indicates routine digital case recording at rural stations. Structural barriers - low rural electricity access, minimal internet penetration, and limited digital literacy - continue to constrain any shift away from paper-based dockets.",
MDG,Madagascar,Rural Digitalisation,Status of digitalisation of records in rural facilities,Registry,Status,The status of digital data capture in rural civil registry offices,1,Entirely paper,,"Rural registry offices (municipalities/fokontany) in Madagascar primarily record births using paper forms and maintain manual registers locally, with no centralized national digital repository.SSA POMS The CRVS system is inoperative nationally and functional only in urban areas like Antananarivo, where registers exist but are digitized post-collection; rural facilities lack comparable systems and resources.PMC Study Digital initiatives like the World Bank PRODIGY project plan hybrid analog-digital processes with offline apps for CR offices, as two-thirds lack stable internet, but remain in design/pilot phase (e.g., 2023 Toamasina trial, urban focus).World Bank OIF supports registration drives (65k targeted 2024-25), but no evidence of routine digital use at rural point-of-service. Barriers include connectivity, understaffing, remoteness. National policy aims e-CRVS and biometric ID, but rural reality is predominantly paper-based with low completeness.",rural-registry-status,4,https://secure.ssa.gov/poms.nsf/lnx/0200312240;https://blogs.worldbank.org/en/nasikiliza/legal-identity-all-what-can-madagascar-learn-namibia;https://pmc.ncbi.nlm.nih.gov/articles/PMC6664726/,3,Low,no_year,No data year recorded - must be populated during verification.,,https://blogs.worldbank.org/en/nasikiliza/legal-identity-all-what-can-madagascar-learn-namibia;https://www.biometricupdate.com/202407/madagascars-143m-prodigy-initiative-to-advance-digital-identity-infrastructure;https://www.biometricupdate.com/202507/madagascar-codifies-civil-registry-reform-readies-biometric-id-card-tender;https://www.worldbank.org/en/news/feature/2026/07/01/no-longer-invisible-unlocking-legal-identity-for-millions-in-madagascar,"Original score (1 = Entirely paper) confirmed. Cited sources (SSA POMS, World Bank Nasikiliza blog, PMC mortality-notification study) were fetched and support a paper-based rural registry baseline. Fresh searches found substantial PRODIGY progress through 2024-2026, including a May 2026 law enabling mass biometric birth registration and over 3.25 million adults enrolled by July 2026 (World Bank feature story). This mass enrolment is a distinct, campaign-based biometric ID drive rather than digitisation of routine civil registry office recordkeeping; ordinary birth/death/marriage registration at commune/fokontany level still follows the standard paper-based procedure. No change to Value Code, though this is a fast-moving area worth periodic re-check given the pace of PRODIGY rollout. Year populated as 2026 (high confidence), reflecting the most current, authoritative source found; no year was previously recorded.",2026,high,"Rural civil registry offices in Madagascar - typically located in communes and fokontany - record births, deaths and marriages on paper registers, with no unified national digital repository. Madagascar's Digital Governance and Identification Management Project (PRODIGY), financed by the World Bank and Global Financing Facility, is running a mass biometric enrolment campaign that had registered over 3.25 million adults by mid-2026, and a May 2026 law now allows birth certificates to be issued en masse through that campaign. This enrolment drive, however, operates as a distinct, campaign-based digital process rather than an upgrade to routine registration at the civil registry office itself: ordinary birth registration within Madagascar's roughly 1,700 communes still follows the standard paper-based procedure, and late registration still requires a judicial process. Around two-thirds of civil registry offices lack stable internet access, and a hybrid analogue-digital model (offline-capable e-Fokontany kits) has so far been piloted in only a small number of locations. Rural point-of-service recording therefore remains predominantly paper-based even as national identity infrastructure develops rapidly around it.",
MDG,Madagascar,Rural Digitalisation,Status of digitalisation of records in rural facilities,School,Status,The status of digital data capture in rural primary schools,1,Entirely paper,,"Rural primary schools in Madagascar predominantly rely on paper-based registers for recording attendance, administrative data, and learning outcomes. The national Education Management Information System (EMIS) uses annual school censuses with questionnaires (levels 1-3 for public schools) likely completed manually at facilities and aggregated centrally via a data warehouse and SDMX standards, as per recent PAPESI project enhancements focusing on ministry-level capacity and infrastructure—not point-of-service digital tools in rural areas UNESCO IIEP; UNESCO EMIS. Isolated donor-funded pilots provide solar-powered tablets for teaching content in ~15-20 rural schools (e.g., Solar United Madagascar, SEED projects 2024-2026), but these target learning delivery, not administrative data recording, and represent a tiny fraction of facilities SEED Madagascar. No evidence of majority rural digital adoption. Key barriers: electricity/internet deficits (only 8% rural communes connected pre-2010) World Bank ICT, untrained teachers (many FRAM parent-hired), poor infrastructure. National EMIS ambitions contrast sharply with rural paper-dominant reality.",rural-school-status,3,https://www.iiep.unesco.org/en/articles/madagascar-educational-planners-embrace-future;https://emis.uis.unesco.org/madagascar/;https://documents.worldbank.org/curated/en/293081468271510875/pdf/463800BRI0Box31ar010ICTed0Survey111.pdf,3,Low,no_year,No data year recorded - must be populated during verification.,,https://doi.org/10.70248/jp.v2i1.3105;https://documents1.worldbank.org/curated/en/099040125074586096/pdf/P506569-03c93c61-c7e5-4acc-b84f-07ba811417dc.pdf;https://www.iiep.unesco.org/en/articles/madagascar-educational-planners-embrace-future;https://emis.uis.unesco.org/madagascar/,"Original score (1 = Entirely paper) confirmed. Cited sources (IIEP-UNESCO article, UNESCO EMIS page) were fetched; the third original source (a 2007 World Bank ICT-in-education survey) is dated and was superseded by fresher evidence. A 2025 qualitative study of the CISCO of Toliara I (a rural school district) provides direct, current confirmation that rural school recordkeeping - attendance, examination registration, pupil records - remains paper-based and that digitalisation is only at the planning/pilot stage, corroborated by a 2025 World Bank project document describing manual, paper-based national school censuses. No change to Value Code. Year updated to 2025 (high confidence) based on this directly relevant, recent primary source; no year was previously recorded.",2025,high,"Rural primary schools in Madagascar record attendance, examination registration and pupil performance almost entirely on paper. A 2025 qualitative study of the CISCO of Toliara I - a rural school district - found that digital reforms remain largely at the planning stage, with attendance monitoring, examination registration, recordkeeping and school-family communication still paper-based and fragmented, and teachers and administrators describing digital identification cards, centralised servers and automated parental alerts as aspirations rather than current practice. Nationally, the Ministry of National Education's annual school censuses (feeding the Education Management Information System) are also completed manually and take around six months to compile, though a World Bank-financed programme is now equipping school principals with tablets and smartphones for real-time reporting as data systems are digitised. Isolated donor-funded pilots (solar-powered tablets for teaching content in a small number of schools) target learning delivery rather than administrative recordkeeping. Persistent barriers - unreliable electricity and internet access, limited digital equipment, and gaps in digital skills among teachers and school principals - mean paper remains the default recording method in rural schools.",
MLI,Mali,Rural Digitalisation,Status of digitalisation of records in rural facilities,Police,Status,The status of digital data capture in rural police stations,1,Entirely paper,,"Mali's 2024 Code de Procédure Pénale requires Officers of Judicial Police (OPJs) at stations to draft procès-verbaux (PVs) immediately on the spot, signed on each page by OPJ and witnesses, with originals transmitted directly to the Prosecutor. Physical registers (coté et paraphé) are mandated for custody logs. No mention of digital drafting or electronic signatures for initial recording. Monthly reports on case files (""dossiers"") are sent, but initial capture is paper-based. Recent digital initiatives (e.g., SIG-DJ 2025 for judicial dossier management, WAPIS 2015 for data centralization, online casier judiciaire 2026) focus on higher-level justice systems, converting existing paper data or central storage, not station-level recording. US State Dept 2023 report notes poor record-keeping but no digital at police level; rural areas face same issues plus access challenges. In francophone Africa, rural police rely on handwritten PVs; no rural-specific digital pilots found. Thus, rural police stations record case files, complaints, incidents on paper.",rural-police-status,2,https://sgg-mali.ml/codes/codeprocedurepenale.pdf;https://www.state.gov/wp-content/uploads/2024/02/528267_MALI-2023-HUMAN-RIGHTS-REPORT.pdf;https://www.interpol.int/ar/1/1/2015/West-African-Police-Information-System-launched-by-INTERPOL,3,Low,no_year,No data year recorded - must be populated during verification.,,https://sgg-mali.ml/codes/codeprocedurepenale.pdf;https://documentation.bice.org/app/uploads/2024/05/doc17.pdf;https://www.interpol.int/ar/1/1/2015/West-African-Police-Information-System-launched-by-INTERPOL;https://saheltribune.com/justice-au-mali-sur-la-voie-de-la-mise-en-oeuvre-pratique-des-nouveaux-textes/,"Fetched the cited Code de Procédure Pénale text directly: it confirms handwritten, page-signed procès-verbaux and paper custody registers (registre d'écrou) at station level, with no provision for digital capture. The cited US State Dept PDF could not be fetched (server blocked the request) but is corroborated by a 2024 child-protection practice guide (BICE) describing gendarmerie/commissariat staff consulting paper 'main courante' and 'registre d'écrou' logs, confirming the paper-based finding independently. The WAPIS source confirms centralisation happens by converting existing paper police data into digital format at a national data centre (DACORE), not by digitising capture at the station. A July 2025 article on Mali's new criminal procedure code (in force since December 2024) and judicial reform programme (PRODEJ 2025-2034) shows digitalisation efforts remain focused on higher courts and case-management software (SIG-DJ), not rural police stations. No evidence found of any rural police station using digital capture. Score confirmed at 1 (Entirely paper).",2024,medium,"Rural police stations in Mali record complaints, incidents and case files entirely on paper. The Code de Procédure Pénale (Law No. 2024-028, in force since December 2024) requires Officers of Judicial Police to draft procès-verbaux by hand on the spot, signed page-by-page, with paper custody registers (registre d'écrou, main courante) maintained at the station and originals transmitted physically to the Prosecutor. National initiatives such as WAPIS (which converts existing paper police records into a centralised digital database) and the 2025 SIG-DJ judicial case-management platform operate at a higher administrative level, converting or centralising paper data rather than digitising capture at the point of service. No evidence indicates any digital data capture at rural police station level.",
MLI,Mali,Rural Digitalisation,Status of digitalisation of records in rural facilities,Registry,Status,The status of digital data capture in rural civil registry offices,1,Entirely paper,,"Rural registry offices and village declaration points in Mali primarily use paper-based forms for birth registration, with parents submitting notifications from health facilities or home births to local council centers. High national coverage (90%) achieved through extensive network (8000 points), community agents, free services. Digital CRVS software exists nationally (commercial off-the-shelf), but no evidence of routine electronic entry at most rural points-of-service; likely paper collected and later digitized/aggregated. Plans to expand digital processes, digitize records, leverage digital tools for remote areas indicate emerging digital elements/pilots/donor efforts. Key barriers: poor rural connectivity/electricity, insecurity, vast territory. National CRVS strategy ambitious (2018-2022+), but rural reality lags with paper predominant at point-of-service. Disparities noted in remote/conflict areas.",rural-registry-status,4,https://apai-crvs.uneca.org/sites/default/files/resourcefiles/Digitalization%20of%20Civil%20Registration%20and%20Vital%20Statistics%20in%20Africa.pdf;https://www.biometricupdate.com/202506/chad-mali-senegal-pursue-birth-registration-reforms-to-close-gaps;https://documents1.worldbank.org/curated/en/631931626354396324/pdf/Concept-Project-Information-Document-PID-Mali-Digital-Transformation-Project-P176174.pdf,3,Low,no_year,No data year recorded - must be populated during verification.,,https://apai-crvs.uneca.org/sites/default/files/resourcefiles/Digitalization%20of%20Civil%20Registration%20and%20Vital%20Statistics%20in%20Africa.pdf;https://bamada.net/donnees-administratives-le-mali-recupere-ses-fichiers-ravec;https://amap.ml/modernisation-de-letat-civil-au-mali-des-membres-du-cnt-en-atelier-de-sensibilisation/;https://bamada.net/conseil-des-ministres-du-5-fevrier-2025-creation-de-lagence-nationale-de-securisation-des-actes-detat-civil,"Fetched the cited AfDB/COMESA CRVS digitalisation assessment (2023), which supports the general characterisation of low facility-level digitalisation across African CRVS systems. Fresh searches found the February 2024 relaunch of Mali's sovereign RAVEC/'Mali Kura Biométrie' system and the creation (February 2025) of a new Agence nationale de Sécurisation des actes d'état civil, plus a July 2025 civil-society sensitisation workshop explicitly stating that 'digitalisation [is] encore insuffisante malgré des avancées notables', particularly in rural areas. These all confirm that digitalisation remains centred on the national identity/RAVEC database and central data-processing centre (CTEDEC), not on capture at rural civil registry offices, which continue to rely on paper declarations. Score confirmed at 1 (Entirely paper).",2025,medium,"Rural civil registry offices and village declaration points in Mali continue to rely on paper forms for recording births, deaths and marriages at the point of service, submitted by parents or local agents to council-level centres. The national identity system (RAVEC, relaunched as the sovereign 'Mali Kura Biométrie' platform in February 2024) and a newly created Agence nationale de Sécurisation des actes d'état civil (established February 2025) centralise and secure civil-status data, but this digitalisation occurs at national processing centres rather than at rural points of service. A July 2025 government-linked sensitisation workshop on civil registration modernisation explicitly acknowledged that digitalisation remains insufficient, especially in rural areas, where poor connectivity, electricity access and insecurity remain barriers.",
MLI,Mali,Rural Digitalisation,Status of digitalisation of records in rural facilities,School,Status,The status of digital data capture in rural primary schools,1,Entirely paper,,"Rural primary schools in Mali predominantly use paper-based recording for attendance, enrollment, grades, and admin data. A 2024 study on Malian schools (basic education level) found 90% of administrative tasks, including student enrollment in paper registers or Excel, student dossiers as physical files, teacher records in registers, are manual. No evidence of digital recording at school level; EMIS exists at national level with paper collection from schools then centralized entry (ADEA peer review 2017 notes resource shortages, delays). Recent digital platforms (e.g., web-based for registration/attendance) appear urban/pilot-focused; rural schools lack infrastructure (no networks, electricity issues). World Bank/GPE projects emphasize access/kits, not school digital records. Score 1: entirely paper-based at rural facility level.",rural-school-status,3,https://uu.diva-portal.org/smash/get/diva2:1936371/FULLTEXT01.pdf;https://knowledgehub.adeanet.org/en/elibrary/adea2017d017;https://www.iiep.unesco.org/en/articles/promoting-health-and-well-being-all-africa-role-emis;https://en.wikipedia.org/wiki/ISO_3166-1_alpha-3,4,Low,no_year,No data year recorded - must be populated during verification.,,https://reliefweb.int/attachments/52de6f6c-85ed-41fb-94d9-19244bab25a8/Annuaire_Primaire_2023-2024_26_09_2024.pdf;https://uu.diva-portal.org/smash/get/diva2:1936371/FULLTEXT01.pdf;https://knowledgehub.adeanet.org/en/elibrary/adea2017d017,"Fetched the KalanGest study (Dec 2024), which confirms the school-level picture: it describes a single-school pilot (Debou Gneri) of a new PHP-based administrative tool, framed as a novel decolonisation effort, implying paper remains the norm elsewhere. One of the four originally cited sources (a Wikipedia ISO 3166-1 alpha-3 page) is irrelevant to the variable and appears to be a stray/erroneous citation; it has been dropped from the verified source list. Found and fetched Mali's official Annuaire Statistique de l'Enseignement Primaire 2023-2024 (Ministry of Basic Education, published September 2024), which describes the national statistical campaign: paper forms ('fiches') are revised, sent out to schools, completed by hand, physically collected, and only then entered into the STATEDUC2 database at the regional education directorate (DREPPNF) level — confirming that data capture at the school itself remains paper-based, with digitisation happening at a higher administrative tier, consistent with the variable's scope guidance. Score confirmed at 1 (Entirely paper).",2024,high,"Rural primary schools in Mali record attendance, enrolment, grades and administrative data by hand on paper at the facility level. The Ministry of Basic Education's own statistical methodology, described in the Annuaire Statistique de l'Enseignement Primaire 2023-2024 (published September 2024), confirms that data collection forms ('fiches') are physically distributed to and completed by schools, then collected and only entered into the national STATEDUC2 database at the regional education directorate, not at the school itself. Small-scale pilot software tools (such as KalanGest, tested at a single basic school in 2024) exist but are not in general use. Rural schools generally lack the network infrastructure and reliable electricity needed for point-of-service digital recording.",
MLI,Mali,Rural Digitalisation,Status of digitalisation of records in rural facilities,Clinic,Status,The status of digital data capture in rural primary healthcare clinics,2,Mostly paper -  some digital,,"Rural primary healthcare clinics (CSComs) in Mali predominantly use paper-based registers and forms for patient data recording at the point of service. Community health workers (ASCs) compile paper monthly reports from service registers and deliver them in person to CSComs, where staff review and enter aggregated data into the national DHIS2 system.Health Data Collaborative Mopti case study DHIS2 has been national since 2016, covering most districts, but relies on manual paper inputs from facilities, with data entry at facility/district level, not point-of-care.Gavi ZDLH Digital pilots include DISC-Mali smartphone app for CHWs (launched 2023, scale to 25k by 2025, replacing their paper reports)Muso and electronic vaccination registries in 2 districts. Logistics eLMIS piloted in some regions.DHIS2 Key barriers: rural electricity access (16% in 2020), poor internet, insecurity, paper shortages. National digital ambitions (DHIS2, DISC) exist, but rural CSCom patient recording remains paper-default, with digital limited to pilots and aggregation. No evidence of majority digital POS use.",rural-clinic-status,1,https://www.healthdatacollaborative.org/fileadmin/uploads/hdc/Documents/Working_Groups/RHIS/B._Country-specific_documentation__case_studies__best_practices_/Community_HIS_country_case_studies/Case_studies/CS_Health_Data_Reporting_Challenges_in_Mali.pdf;https://zdlh.gavi.org/country-profiles/mali;https://www.musohealth.org/post/steering-mali-s-community-health-plan-digitalizing-and-strengthening-primary-health-care,3,Low,no_year,No data year recorded - must be populated during verification.,,https://www.healthdatacollaborative.org/fileadmin/uploads/hdc/Documents/Working_Groups/RHIS/B._Country-specific_documentation__case_studies__best_practices_/Community_HIS_country_case_studies/Case_studies/CS_Health_Data_Reporting_Challenges_in_Mali.pdf;https://doi.org/10.7189/jogh.11.07003;https://medic.org/stories/asc-hawa-kone-changer-des-vies-avec-lapplication-de-sante-numerique-disc-mali/;https://leronier.ml/2025/05/01/sante-premiere-reunion-du-comite-national-de-pilotage-des-soins-essentiels-dans-la-communautesec-au-titre-de-2025/,"Fetched the cited Health Data Collaborative Mopti case study and Gavi ZDLH Mali profile, confirming that patient forms and service registers at CSComs are paper-based, with only aggregated monthly data entered digitally into DHIS2 by facility staff. Found a peer-reviewed mixed-methods study (J Glob Health 2021, doi 10.7189/jogh.11.07003) of a DHIS2-tablet pilot for community health workers in Mopti, which found the paper-based system could not be eliminated even where tablets were introduced, due to Ministry of Health caution and connectivity constraints — CHWs used both in parallel. A May 2025 government meeting report states DISC-Mali (a national community health worker digitisation programme, first launched March 2023) has achieved 'digitalisation complète' of community-level essential care nationwide, and a 2024 Medic.org profile confirms individual CHWs now use tablets routinely for household visits. However, this digitisation is at the community/CHW layer that feeds into CSComs; individual patient registration and clinical records at the CSCom facility itself remain paper-based, with only monthly aggregate data entered into DHIS2 by facility staff (DTCs). This is consistent with the facility-level focus specified in the metadata guidance. Score confirmed at 2 (Mostly paper - some digital); insufficient evidence that facility-level (as opposed to community-level) capture has progressed to 'mostly digital'.",2025,medium,"Rural primary healthcare clinics (CSComs) in Mali continue to rely predominantly on paper registers and individual client forms for recording patient encounters at the point of service. Community health workers (agents de santé communautaire) compile paper-based monthly reports, which facility staff (directeurs techniques du centre) review and enter as aggregated data into the national DHIS2 platform, in use since 2015-2016. A national community health worker digitisation programme, DISC-Mali (launched March 2023 using the Community Health Toolkit), has scaled tablet-based data capture for household-level community health visits, with a May 2025 government review describing this community layer as fully digitalised nationwide. However, this digitisation applies to community health worker activity rather than direct patient recording within the clinic itself, which remains largely paper-based, supplemented by digital aggregation of monthly statistics. Barriers including inconsistent electricity and connectivity in rural areas continue to constrain further digitisation at the facility level.",
MOZ,Mozambique,Rural Digitalisation,Status of digitalisation of records in rural facilities,Clinic,Status,The status of digital data capture in rural primary healthcare clinics,1,Entirely paper,,"Rural primary clinics in Mozambique predominantly use paper-based systems for patient data recording, including handwritten registers, patient-held medical cards, and manual logs later aggregated for national DHIS2 at district levels. No evidence of routine electronic entry at point-of-service in most rural facilities; digital remains limited to pilots and national aggregation. Digital systems: National DHIS2 HMIS for aggregates; pilots like DHIS2 Tracker app for immunization in 5/11 provinces (2024, 19k children); ECR platform developing for facilities; 2024 hospital pilots to reduce paper. Barriers: Rural electricity/connectivity shortages, low digital skills, infrastructure gaps (2025 Digital Health Strategy plans rural pilots with renewables/satellites). Policy ambition (PESS, Digital Strategy) targets EMR/RES by 2030, but rural PoS lags behind—paper default, digital for reporting only. Conservative score 1; pilots hint at 2 potential. (198 words)",rural-clinic-status,1,https://sisma.misau.gov.mz/docs/Estrat%C3%A9gia%20de%20Sa%C3%BAde%20Digital.pdf;https://dhis2.org/zero-dose-mozambique/;https://clubofmozambique.com/news/mozambique-launches-cost-saving-hospital-digitalization-project/;https://pmc.ncbi.nlm.nih.gov/articles/PMC8197044/;https://www.joghr.org/article/89000-structural-readiness-of-health-facilities-in-mozambique-how-is-mozambique-positioned-to-deliver-nutrition-specific-interventions-to-women-and-childre,5,Low,no_year,No data year recorded - must be populated during verification.,2,https://www.jembi.org/case-study/mozambique;https://www.jembi.org/post/interoperability-streamlines-birth-registration-in-mozambique-with-openhim;https://www.villagereach.org/wp-content/uploads/2025/04/Electronic-Child-Registry_2025.pdf;https://csaude.org.mz/2025/10/29/connecting-health-information-systems-improving-hiv-care/;https://csaude.org.mz/2025/07/29/ministry-of-health-and-c-saude-partner-towards-the-development-of-an-integrated-health-information-system-in-mozambique/;https://clubofmozambique.com/news/mozambique-launches-cost-saving-hospital-digitalization-project/;https://dhis2.org/zero-dose-mozambique/,"Original score of 1 (Entirely paper) was supported by five sources describing paper-based data capture with digital limited to pilots/aggregation; those sources were re-verified and remain valid (the Ministry of Health Digital Health Strategy PDF could not be re-fetched directly, returning a 403 error, but its content is corroborated by other sources). Fresh searches identified additional 2024-2025 evidence of expanding facility-level digital pilots: the DHIS2-based Electronic Child Registry (25 facilities, three districts of Maputo province, from May 2024), the MGDH-Birth/e-SiRCEV birth-registration pilot with direct digital data entry by health workers at Chicuque Rural Hospital (Inhambane, from April 2024), and the DISA-SESP HIV laboratory interoperability platform, which by October 2025 covered over 500 health facilities nationwide. These indicate genuine point-of-service digital data capture is now occurring at a meaningful, if still minority, number of rural facilities through programme-specific pilots, beyond mere central aggregation. This warrants an upgrade from 1 (Entirely paper) to 2 (Mostly paper - some digital). Year set to 2025 based on the most recent corroborating sources.",2025,high,"Rural primary healthcare facilities in Mozambique operate a predominantly paper-based data capture regime, with handwritten registers and patient cards remaining the norm at point of service. Targeted digital pilots nonetheless now reach a meaningful number of facilities: the DHIS2-based Electronic Child Registry captures individual child health records in 25 facilities across three districts of Maputo province (from May 2024); the MGDH-Birth/e-SiRCEV interoperability pilot has health workers at Chicuque Rural Hospital and other Inhambane facilities entering birth data directly into a digital system; and the DISA-SESP laboratory interoperability platform, covering over 500 health facilities nationwide, enables clinicians to receive HIV viral-load results electronically rather than on paper. The Ministry of Health's SIS-RME electronic medical record system is being designed for national roll-out from 2025 but is not yet deployed at rural facility level. Overall, data capture at rural clinics remains mostly paper-based, with pockets of digital capture emerging through disease- and programme-specific pilots.",
MOZ,Mozambique,Rural Digitalisation,Status of digitalisation of records in rural facilities,Police,Status,The status of digital data capture in rural police stations,1,Entirely paper,,"Rural police stations in Mozambique (PRM) use entirely paper-based systems for case files, complaints, and incident reports (e.g., Auto de Notícia forms). A 2014 study of 40 investigators in rural Nampula province found manual information systems in use, with no IT despite staff capability.UFMG Thesis A 2024 example from Rapale district (rural Nampula) shows typed paper-style incident report digitized as PDF.Scribd PRM Form Justice sector digitalization efforts (UNODC seminar 2025) face rural tech access barriers; no police-wide digital case management. Central records manual (fingerprints). Under-resourcing noted.Dullah Omar Score 1: paper-based at station level.",rural-police-status,2,https://bdtd.ibict.br/vufind/Record/UFMG_6a5efb7c2abc54c82cd13340c46ca514;https://www.unodc.org/rosaf/stories/2025/February/digitalizing-mozambiques-legal-and-judicial-sector.html;https://www.scribd.com/document/845072165/Auto-de-Noticia-01,3,Low,no_year,No data year recorded - must be populated during verification.,,https://www.spotlightinitiative.org/news/innovative-data-tool-strengthens-services-gender-based-violence-survivors-mozambique;https://www.unodc.org/rosaf/stories/2025/February/digitalizing-mozambiques-legal-and-judicial-sector.html;https://clubofmozambique.com/news/mozambique-usaid-donates-computers-to-pgr/;https://www.scribd.com/document/845072165/Auto-de-Noticia-01,"Original score of 1 (Entirely paper) confirmed. The originally cited sources were re-verified: the UNODC seminar report and the Scribd Auto de Noticia example remain accessible and consistent with the original comments; the UFMG thesis catalogue record could not be re-fetched in usable form (the page returned unrelated content), so this citation could not be independently re-confirmed, though it is consistent with other literature on manual PRM record-keeping. Fresh searches surfaced the InfoViolencia GBV case-recording platform (police-managed, piloted since 2019 in four provinces including rural areas of Gaza, Manica and Nampula) and PGR/SERNIC digitalisation initiatives (GEPROC case management, USAID equipment donations), but these target a narrow case category (gender-based violence) or higher-level institutions (Attorney General's Office, courts) rather than general rural police station record-keeping. No authoritative source indicates general digital case management at rural station level; paper remains the default. Score of 1 confirmed, no change. Year set to 2024, reflecting the most recent evidence describing on-the-ground station practice, medium confidence given the evidence is indicative of continued paper reliance rather than a direct current-year facility survey.",2024,medium,"Rural police stations in Mozambique (PRM) continue to rely on entirely paper-based systems for case files, complaints and incident reports, such as the handwritten Auto de Notícia form. Studies of rural investigators in Nampula province and recent incident report examples from Rapale district confirm that manual, paper-based recording remains standard practice at station level, with no general digital case management system in place. The InfoViolência platform, a Ministry of Interior/police-managed digital tool for gender-based violence case data, has been piloted since 2019 across four provinces (including rural areas of Gaza, Manica and Nampula) and has trained over 260 officers, but remains in pilot phase rather than routine national deployment and covers a narrow case category rather than general station recording. Broader justice-sector digitalisation efforts, including UNODC-supported seminars and USAID equipment donations to the Attorney General's Office, target higher-level institutions rather than rural station-level data capture. Paper remains the default for day-to-day rural policing records.",
MOZ,Mozambique,Rural Digitalisation,Status of digitalisation of records in rural facilities,School,Status,The status of digital data capture in rural primary schools,1,Entirely paper,,"Rural primary schools in Mozambique primarily use paper-based methods for recording administrative data, attendance, and learning outcomes. Core EMIS data is collected via hand-filled standardized paper questionnaires during semi-annual school censuses (enrolment in March, results in December), covering student numbers, repeaters, teachers, infrastructure, and resources. These forms are forwarded through districts to provinces for collation and centralized digitization in Maputo—no digital entry at school level. Attendance and marks are tracked in handwritten 'livro de turma' class registers, forming the basis for semester/annual paper school reports on staffing, finances, and pedagogy, which have limited integration with EMIS. No evidence found of routine electronic recording at point-of-service in rural schools. Digital pilots exist, e.g., Carta Escolar (GIS for school mapping/planning, piloted in some provinces but not fully functional or used for attendance/learning data); limited ICT initiatives focus on secondary/urban schools or learning (e.g., SchoolNet, NEPAD e-Schools demos), not admin recording. Key barriers: lack of electricity, computers, internet in rural areas; untrained staff; unreliable infrastructure; focus on basic operations. National EMIS provides aggregate planning data, but rural reality remains paper-dominant, with digitization only at higher levels—wide gap between policy ambitions and rural implementation. (198 words)",rural-school-status,3,https://www.scribd.com/document/62143392/Working-Paper-03-EMIS-Case-Study-Mozambique;https://www.iicba.unesco.org/en/mozambique;https://openknowledge.worldbank.org/bitstreams/b9e8c797-12ef-5e67-a98c-8829c5362ced/download,3,Low,no_year,No data year recorded - must be populated during verification.,2,https://www.iicba.unesco.org/sites/default/files/medias/fichiers/2025/10/KIX%20Knowledge%20Cafe%20Policy%20Brief_Building%20Responsive%20EMIS%20Policies%20for%20Robust%20Education%20Data%20Systems.docx%20%282%29.pdf;https://education.dhis2.org/milange-emis/;https://community.dhis2.org/t/dhis2-for-education-in-mozambique/58064;https://emis.uis.unesco.org/mozambique/,"Original score of 1 (Entirely paper) was based on three sources describing paper-based EMIS census data collection with centralised digitisation; these were re-checked, though the Scribd EMIS case study could not be re-accessed (client-side captcha) and the World Bank bitstream returned no readable content, so neither could be independently re-confirmed. Fresh searches found an October 2025 Ministry of Education and Culture policy brief confirming that the national EMIS (StatEduc) still depends on physical questionnaires, with a fully digital, real-time entry platform still in development. However, the same and other 2024 sources show that Milange district (Zambézia province, over 300 schools) has scaled EMIS/DHIS2 data capture down to school level since mid-2024, and that DHIS2-based EMIS pilots are underway in Nampula and Zambézia provinces for census data capture. This constitutes genuine, if localised, digital data capture at rural school level, beyond central aggregation, supporting an upgrade from 1 (Entirely paper) to 2 (Mostly paper - some digital). Year set to 2025, based on the most recent authoritative description of national EMIS status.",2025,high,"Rural primary schools in Mozambique have historically relied on paper-based data collection for the national Education Management Information System (EMIS/StatEduc), with hand-filled questionnaires from the March and December school censuses subsequently digitised at district and national level. The Ministry of Education and Culture confirms that StatEduc still depends on physical questionnaires, with a fully digital, real-time entry platform still in development. However, school-level digital data capture is now emerging in specific districts: Milange district in Zambézia province, with over 300 rural schools, has scaled EMIS/DHIS2 data capture down to the school level since mid-2024, and pilots using the DHIS2 platform are under way in Nampula and Zambézia provinces for statistical census data capture. Attendance and marks (livro de turma) generally remain in handwritten class registers. The overall picture is of a mostly paper-based system with an emerging, still localised, layer of digital data capture at rural school level.",
MOZ,Mozambique,Rural Digitalisation,Status of digitalisation of records in rural facilities,Registry,Status,The status of digital data capture in rural civil registry offices,2,Mostly paper -  some digital,,"Rural civil registration posts (345 administrative posts) predominantly use paper forms for recording births, which are then transmitted (via mobile notifications or electronic media) to district conservatories for digitization in the eCRVS system.UNECA CRVS Snapshot Local agents fill forms at point-of-service; districts enter electronically, with data synced centrally.CRVS Webinar Mozambique Digital systems rolled out to all 68 conservatories and ~120 posts (2018, no rural split), plus 156 hospital posts (2024) and experimental offline modules for conflict zones.Child Identity Presentation Under-5 birth registration at 32% (2023 DHS), indicating gaps. Barriers: poor rural internet/electricity, conflict/cyclones damaging infrastructure, low capacity/training.World Bank Blog National SIRCEV plan (2019-29) targets 80%, with donor pilots (UNICEF/WB), but rural point-of-care remains paper-default with digital aggregation.",rural-registry-status,4,https://apai-crvs.uneca.org/sites/default/files/resourcefiles/CRVS_MozambiqueSnapshot_e.pdf;https://www.child-identity.org/wp-content/uploads/2025/06/Arnaldo-ENglish-Reuniao-de-Lanc%C2%B8amento-Regional-do-Quadro-de-Programa-Estrate%C2%B4gico-para-o-Fortalecimento-do-RCEV-ENGL-1-002-en-GB.pdf;https://crvssystems.ca/sites/default/files/assets/images/CRVS_Webinar_Mozambique_e_WEB.pdf,3,Low,no_year,No data year recorded - must be populated during verification.,,https://www.crvslaws.org/mozambique/summary;https://www.jembi.org/case-study/mozambique;https://www.jembi.org/post/mozambique-launches-digital-interoperability-for-birth-registration-in-public-hospitals;http://ipc2025.popconf.org/uploads/251004;https://apai-crvs.uneca.org/sites/default/files/resourcefiles/CRVS_MozambiqueSnapshot_e.pdf,"Original score of 2 (Mostly paper - some digital) was supported by three sources describing paper-based registration at rural posts with district-level digitisation; these were re-verified (the UNECA snapshot and CRVS webinar PDFs re-fetched successfully; the Child Identity presentation was not re-fetched but is corroborated by other sources) and remain accurate. Fresh searches confirmed and updated this picture: the e-SiRCEV electronic civil registration system is confirmed integrated with national ID and health systems (crvslaws.org, updated May 2025), and a 2024 pilot (Jembi/Saudigitus, funded by Vital Strategies/Bloomberg Philanthropies) has enabled real-time digital birth data entry at rural facilities including Chicuque Rural Hospital, expanding from 5 to 19 participating health facilities and registering over 11,500 births by 2025. A separate 'E-Registo, E-xisto!' initiative established 48 secondary registration offices in health centres across Maputo, Gaza and Nampula provinces for digital registration of children aged 0-5 months. Under-5 birth registration completeness nevertheless remains around 31-32% (2022-23 DHS), confirming that paper remains the norm outside these donor-supported pilot sites. Score of 2 confirmed, no change. Year set to 2024, based on the concrete pilot milestones and interoperability launch, high confidence.",2024,high,"Rural civil registration posts in Mozambique predominantly use paper forms to record births and other vital events, which are transmitted to district conservatories for entry into the electronic civil registration system (e-SiRCEV), established under the 2018-revised Civil Registration Code and integrated with national ID and health systems. Since 2024, a digital interoperability pilot between the Hospital Data Management System (MGDH-Birth) and e-SiRCEV has enabled health workers at rural facilities, including Chicuque Rural Hospital in Inhambane province, to enter birth data directly into a digital system with instant confirmation in the civil registry, expanding from five to nineteen participating facilities and registering over 11,500 births. A separate initiative, 'E-Registo, E-xisto!', established 48 secondary registration offices in health centres across Maputo, Gaza and Nampula provinces to digitally register children aged 0-5 months. Despite these advances, under-five birth registration completeness remains low, at around 31-32% (2022-23 Demographic and Health Survey), reflecting that most rural point-of-service registration still occurs on paper, with digital capture concentrated in donor-supported pilot sites rather than nationwide.",
MRT,Mauritania,Rural Digitalisation,Status of digitalisation of records in rural facilities,Clinic,Status,The status of digital data capture in rural primary healthcare clinics,1,Entirely paper,,"Rural primary healthcare clinics in Mauritania predominantly use paper-based recording for patient data, including handwritten registries and documents patients carry between visits. Health posts submit paper summaries to centers, where aggregate data is entered into DHIS2 for national reporting—no electronic medical records (EMR) or point-of-care digital systems at rural facilities.World Bank PHC Assessment (2019-2022) Digital systems like DHIS2 are used for upward aggregate reporting from district level, but not patient-level recording at clinics.BMC Health Services Research (2021) Recent national Digital Health Strategy (2023+) aims for shared records and facility digitization, but remains aspirational with no evidence of majority rural adoption by 2026; pilots if any are isolated.Digital Watch Observatory Key barriers: poor rural infrastructure (electricity, internet), limited training/staff, vast desert geography, nomadic populations. Gap: National policy emphasizes HMIS aggregation; rural point-of-service lags, relying on manual processes despite ambitions.",rural-clinic-status,1,https://documents1.worldbank.org/curated/en/099121523194016438/pdf/P1598650398a4706d09a340d1a66200239a.pdf;https://pmc.ncbi.nlm.nih.gov/articles/PMC12004592/;https://dig.watch/resource/digital-health-strategy-for-mauritania,3,Low,no_year,No data year recorded - must be populated during verification.,,https://www.ecofinagency.com/news-digital/0512-51162-mauritania-accelerates-digital-transformation-of-health-system;https://documents1.worldbank.org/curated/en/099121523194016438/pdf/P1598650398a4706d09a340d1a66200239a.pdf;https://www.wvi.org/sites/default/files/2022-11/2021%20Digital%20Health%20Factsheet%20-%20AIM%20Health%20Plus%20-%20Mauritania.pdf,"Original score of 1 (Entirely paper) is confirmed. The cited sources (World Bank PHC Assessment, BMC Health Services Research, Digital Watch Observatory) remain relevant and consistent with facility-level recording being paper-based while DHIS2 aggregation happens above the facility - per variable guidance, upstream digitisation should not count. Fresh search located Mauritania's 2024-2030 National e-Health Strategy (launched October 2025, reported by Ecofin Agency in December 2025) and a small AIM Health Plus CommCare smartphone pilot covering 9 facilities in the Guerrou/M'Bagne districts (2021 factsheet). Both are exceptions or aspirations rather than evidence of a changed national picture at rural clinic level, so the score is unchanged. Year set to 2025 based on the newest dateable evidence (e-Health strategy launch); medium confidence because the underlying facility-level evidence for the majority of rural clinics is older.",2025,medium,"Rural primary healthcare clinics in Mauritania overwhelmingly rely on paper-based recording, including handwritten registries and documents that patients carry between visits. Health posts submit paper summaries to district centres, where data is entered into DHIS2 for national reporting, but this aggregation occurs above facility level and does not reflect point-of-care digitisation. Mauritania's National e-Health Strategy (2024-2030), launched in October 2025, sets out ambitions for a national vaccination database, an E-CNAM digital insurance platform and expanded telemedicine, but these initiatives remain in early implementation and are not yet reflected in routine rural clinic record-keeping. A small NGO-supported pilot has introduced smartphone-based digital data capture for community health workers in nine facilities across two districts, but this remains an isolated exception rather than a national pattern. Poor rural electricity and internet infrastructure, workforce shortages and vast desert geography continue to constrain point-of-service digitisation.",
MRT,Mauritania,Rural Digitalisation,Status of digitalisation of records in rural facilities,Police,Status,The status of digital data capture in rural police stations,1,Entirely paper,,"Rural police stations in Mauritania, primarily served by the Gendarmerie Nationale, record case files, complaints, and incident reports on paper. UK FCDO prisoner pack describes arrest statements as handwritten ""procès-verbal"" in local language at basic stations lacking electricity/office equipment and with low literacy UK GOV Prisoner Pack. US State Dept 2022 HR report notes UN HRC finding of poorly maintained police detainee records, indicating manual systems State Dept HR Report. No evidence of digital case management at station level; justice sector digitisation efforts (e.g., Morocco coop 2025, govt reform) are central/court-focused, not rural police. Official gendarmerie site shows no digital tools for records Gendarmerie MR. Francophone context supports paper-based ""procès-verbaux"" standard.",rural-police-status,2,https://www.gov.uk/government/publications/mauritania-prisoner-pack--2/mauritania-prisoner-pack;https://www.state.gov/wp-content/uploads/2023/02/415610_MAURITANIA-2022-HUMAN-RIGHTS-REPORT.pdf;https://www.gendarmerie.mr/fr,3,Low,no_year,No data year recorded - must be populated during verification.,,https://www.state.gov/wp-content/uploads/2023/02/415610_MAURITANIA-2022-HUMAN-RIGHTS-REPORT.pdf;https://www.gov.uk/government/publications/mauritania-prisoner-pack--2/mauritania-prisoner-pack;https://en.wikipedia.org/wiki/Law_enforcement_in_Mauritania;https://www.osac.gov/Content/Report/52a21730-0aea-4390-b723-284f365c90ad;https://mtnima.gov.mr/fr/mauritanie-digitalisation-du-casier-judiciaire-et-lancement-de-son-acces-en-ligne/,"Original score of 1 (Entirely paper) is confirmed. The three original sources (UK FCDO prisoner pack, US State Dept 2022 human rights report, Gendarmerie website) remain valid and support paper-based record-keeping at station level. Fresh searches on gendarmerie organisation, OSAC security reporting and the 2025 justice-sector digitisation programme found no evidence of digital case management at rural station level; the March 2025 launch of an online criminal-record (casier judiciaire) portal is a central judicial-record system, not facility-level recording at rural police or gendarmerie posts. Year set to 2023, the publication date of the most recent dateable source (US State Department's 2022 Human Rights Report, published February 2023); medium confidence.",2023,medium,"Rural policing in Mauritania is primarily the responsibility of the Gendarmerie Nationale, which maintains posts across small towns and rural areas alongside a national police force concentrated mainly in urban centres. Case files, complaints and arrest statements (procès-verbaux) at rural stations are recorded by hand, typically at posts that often lack reliable electricity or office equipment. The US State Department's 2022 human rights report notes that detainee records held by police and gendarmerie were poorly maintained, consistent with manual record-keeping. Recent government digitisation efforts, such as the March 2025 launch of an online criminal-record (casier judiciaire) portal accessible via the Houwiyeti app, are centred on national judicial records rather than case management at individual rural police or gendarmerie posts, and do not extend to facility-level digital recording.",
MRT,Mauritania,Rural Digitalisation,Status of digitalisation of records in rural facilities,Registry,Status,The status of digital data capture in rural civil registry offices,1,Entirely paper,,"Mauritania's civil registration is managed by ANRPTS through Citizens' Reception Centres (CAC) across the country, including rural areas. UNICEF CRVS profile (2017) states birth registration processing is ""Electronically,"" but requires paper extracts from health facilities for registration at local CACs within 60 days. No evidence of direct digital recording at rural points; likely paper declarations entered digitally centrally, consistent with many African CRVS where local sites use paper and aggregate later. Recent digital ID pilots (e-ID, Houwiyeti app for verification) indicate national digitization push but not facility-level recording. Low completeness rates (World Bank data) and rural connectivity challenges (UNDP) support predominantly paper at rural registries with central digital processing. Score 2: predominantly paper locally, some digital aggregation/pilots.",rural-registry-status,4,https://data.unicef.org/crvs/mauritania/;https://www.familysearch.org/en/wiki/Mauritania_Civil_Registration;https://www.undp.org/blog/mauritania-pilots-digital-id-app;https://anrpts.gov.mr/en/verify,4,Low,no_year,No data year recorded - must be populated during verification.,3,https://ebrary.net/164420/political_science/biometric_enrolment_practice;https://doi.org/10.3917/polaf.152.0077;https://www.irb-cisr.gc.ca/en/country-information/rir/Pages/index.aspx?doc=456071&pls=1;http://anrpts.gov.mr/fr/houwiyeti;https://anrpts.gov.mr/en/regulatory-texts,"Original score of 1 (Entirely paper) is not well supported: the row's own Comments field already flagged an internal inconsistency, arguing for a score of 2 despite the recorded Value Code of 1. Independent research into how ANRPTS Citizens' Reception Centres (CAC) actually process registrations - an academic case study (ebrary.net) and a peer-reviewed article in Politique africaine, corroborated by a Canadian IRB research report and ANRPTS's own Houwiyeti launch announcement - shows that, while paper source documents (birth register extract, marriage certificate) are required as inputs, the registering agent enters biographic data directly into a national digital database and captures biometrics (fingerprint, photo) on the spot at the CAC counter. This is facility-level digital data capture, not merely upstream aggregation of paper records, and mobile CAC missions extend the same digital process to villages. This justifies raising the score to 3 (Mostly digital - some paper): paper documents remain necessary as source evidence, but the substantive act of recording happens digitally at the facility. This is a two-step change from the original score of 1, based on three independent, mutually consistent sources describing the same process; it is not a promotion to the top of the scale (4), but given the scale of the change this row is flagged for human review. Year set to 2023, based on the Houwiyeti launch and the most recent operational description of the CAC network; medium-high confidence.",2023,medium,"Mauritania's civil status records are managed by the Agence Nationale du Registre de la Population et des Titres Sécurisés (ANRPTS) through a national network of Citizens' Reception Centres (Centres d'Accueil des Citoyens, CAC), which by late 2023 numbered around 150-180 fixed and mobile sites, including mobile missions that travel to villages and residential areas to register rural residents. Registering a birth, for example, requires the parent to bring paper source documents - an extract from the health facility's birth register and the parents' marriage certificate - but CAC staff enter the biographic details directly into the national biometric database at the counter, and biometric data (fingerprints, photograph, signature) is captured digitally on the spot. The process therefore combines a paper-based input step with facility-level digital recording, though frequent power cuts and internet outages in rural areas can interrupt the digitisation process. The ANRPTS-run Houwiyeti mobile application, launched in December 2023, further extends online access to identity and civil status document requests.",human_review
MRT,Mauritania,Rural Digitalisation,Status of digitalisation of records in rural facilities,School,Status,The status of digital data capture in rural primary schools,1,Entirely paper,,"Mauritania operates a national EMIS called SIRAGE, supported by World Bank projects, operational across 72 decentralized units and used as the single tool for sector data collection including enrollment and transition rates.World Bank BESSP Phase 2 Annual Statistical Yearbook produced from EMIS data.UNESCO IICBA Country Brief No evidence of digital recording at rural primary school level for attendance, enrollment, grades; rural areas lack infrastructure. Standard EMIS practice involves paper collection at schools, digital aggregation at district level. Recent digital teaching pilots (2024-25) do not indicate facility-level data digitalisation. Score 2: Predominantly paper with digital aggregate reporting.",rural-school-status,3,https://documents1.worldbank.org/curated/en/099102225151016957/pdf/P163143-1376a5b5-8550-428b-b0c6-cfdfbfdc24d0.pdf;https://www.iicba.unesco.org/en/mauritania;https://mtnima.gov.mr/fr/transformation-numerique-sectorielle-lecole-numerique-au-service-de-la-reforme-du-systeme-educatif/,3,Low,no_year,No data year recorded - must be populated during verification.,,https://ami.mr/fr/archives/269802;https://ami.mr/fr/archives/270002;https://www.essahraa.net/fr/node/12361;https://documents1.worldbank.org/curated/en/099102225151016957/pdf/P163143-1376a5b5-8550-428b-b0c6-cfdfbfdc24d0.pdf;https://www.iicba.unesco.org/en/mauritania,"Original score of 1 (Entirely paper) is confirmed, though the row's own Comments text argued (inconsistently with the recorded Value Code) for a score of 2. Per the variable's guidance that digitisation of paper data at a higher level should not count towards the facility-level score, fresh evidence on the 2025 rollout of the SIRAGE education information system (Agence Mauritanienne d'Information coverage of training workshops in Brakna and Hodh Charghi regions, April 2025) shows that school-level data is still gathered via field visits and entered onto the platform by regional inspection staff - i.e. digitisation happens above the facility, not within the rural school itself. No evidence was found of routine digital data capture (e.g. via the companion SIRAGE RIM app) inside individual rural primary schools. The recorded score of 1 is therefore the better-supported reading of the evidence and is confirmed rather than raised to 2. Year set to 2025, based on the most recent SIRAGE rollout reporting; high confidence.",2025,high,"Mauritania's national Education Management Information System, SIRAGE (Système d'Information pour la Réforme Administrative et la Gestion de l'Éducation), is used to compile enrolment, attendance and transition statistics across the decentralised education system. In practice, data on individual rural primary schools is gathered through periodic field missions, in which regional education inspectors and staff visit schools to collect and update information before entering it onto the SIRAGE platform at district or regional level; day-to-day attendance and pupil records at rural primary schools themselves continue to be kept on paper. Training workshops held in the Brakna and Hodh Charghi regions in April 2025 focused on building regional-level capacity to operate SIRAGE and to organise these school-visit data-collection missions, rather than on installing digital recording tools inside individual schools. A companion mobile application, SIRAGE RIM, is marketed to teachers, school administrators, pupils and parents for tracking attendance and academic progress, but there is no evidence of its adoption in rural schools specifically. Rural connectivity constraints further limit prospects for direct facility-level digital recording.",
MUS,Mauritius,Rural Digitalisation,Status of digitalisation of records in rural facilities,Clinic,Status,The status of digital data capture in rural primary healthcare clinics,1,Entirely paper,,"Rural primary healthcare clinics (Area Health Centres, Medi-Clinics, Community Health Centres) in Mauritius predominantly use paper-based recording for patient data. Government audits confirm failed implementations of digital systems like IPCS at these facilities, with hardware unused and records kept manually as of 2016.Mauritius Audit Report WHO's 2015 report notes no EMR/EHR at primary level, reliant on paper forms.WHO He@lth 2015 As of Feb 2025, the system remains mostly paper-based per UNDP roadmap, with the 'One Patient, One Record' PAS/EHR project in early rollout: piloting at one regional hospital, planned extension to health centers/mediclinics/community centers (Phase 1), but not yet standard at point of service.UNDP Roadmap No evidence of majority rural adoption; represents donor/govt project akin to score 2. Barriers: IT infrastructure gaps, staff training, business process re-engineering, past system failures. National ambition (eHealth strategy) outpaces rural reality, where paper persists for daily recording, with possible aggregate reporting digital.",rural-clinic-status,1,http://download.govmu.org/files/2016/COMPUTERISATION%20OF%20PATIENT%20HEALTH%20RECORDS.pdf;https://cdn.who.int/media/docs/default-source/digital-health-documents/global-observatory-on-digital-health/mauritius_health2015.pdf?sfvrsn=24a9d1f6_3;https://digitalhealthfordevelopment.undp.org/upload/documents/Roadmap_for_Digital_Health_Transformation_in_Mauritius.pdf,3,Low,no_year,No data year recorded - must be populated during verification.,1,https://health.govmu.org/health/wp-content/uploads/2025/10/Final-MOHW-Annual-Report-on-Performance-FY-2024-2025.pdf;https://defimedia.info/sante-e-health-le-coup-denvoi-donne-en-aout;https://digitalhealthfordevelopment.undp.org/upload/documents/Roadmap_for_Digital_Health_Transformation_in_Mauritius.pdf,"Confirmed score of 1 (Entirely paper). Newest evidence: Ministry of Health and Wellness Annual Report FY2024-2025 (October 2025) and Le Defi Media (August 2025) confirm the e-Health/PAS rollout remains at pilot/testing stage at one hospital (Sir Anerood Jugnauth National Hospital) and two partner clinics, with no evidence of digital data capture extended to rural Area Health Centres, Medi-Clinics or Community Health Centres. The original 2016/2017 National Audit Office report and 2015 WHO source remain directionally consistent with continued reliance on paper at the facility level. Score confirmed unchanged.",2025,high,"Rural primary healthcare clinics (Area Health Centres, Medi-Clinics and Community Health Centres) in Mauritius continue to rely almost entirely on paper-based patient records at the point of care. The Ministry of Health and Wellness's ""One Patient, One Record"" e-Health project, supported by UNDP, remains in its early pilot phase: as at mid-2025 the Patient Administration System module was undergoing testing solely at the Sir Anerood Jugnauth National Hospital's Unsorted Outpatient Department and two partner clinics (Belvédère and Bel Air), with training limited to hospital records officers. Extension to Area Health Centres, Community Health Centres and Mediclinics is planned but has not yet occurred, so data capture at rural facilities themselves remains paper-based.",
MUS,Mauritius,Rural Digitalisation,Status of digitalisation of records in rural facilities,School,Status,The status of digital data capture in rural primary schools,3,Mostly digital - some paper,,"Mauritius has deployed OpenEMIS for education data management at national, zonal, and school levels, with UNESCO capacity building in 2022 following 2019 needs assessment and SIMIS design. All primary schools have high-speed internet (pre-2020). Government publishes detailed digital enrollment data by grade/gender. Recent AI tools like mytGPT piloted in primary schools for real-time monitoring. Digital Mauritius 2030 and reforms aim for full sector digitalisation, including student tracking. No evidence of paper-based recording at rural primaries; EMIS implies direct digital entry at schools. Rodrigues (rural) included in pilots/data. As upper-middle income, predominantly digital with possible legacy paper in remote areas.",rural-school-status,3,https://iite.unesco.org/news/openemis-capacity-building-in-mauritius/;https://iite.unesco.org/news/mauritius-emis-support-and-monitoring-of-education-2030-agenda/;https://data.govmu.org/dataset/enrolment-in-primary-schools-by-year-grade-and-gender-for-the-republic-of-mauritius_2019-2020;https://education-profiles.org/sub-saharan-africa/mauritius/~technology,4,Low,no_year,No data year recorded - must be populated during verification.,3,https://iite.unesco.org/news/openemis-capacity-building-in-mauritius/;https://iite.unesco.org/news/mauritius-emis-support-and-monitoring-of-education-2030-agenda/;https://www.openemis.org/products/school,"Confirmed score of 3 (Mostly digital - some paper). Newest verifiable evidence dates to 2022 (UNESCO IITE OpenEMIS capacity-building webinars for Ministry staff at national, zonal and school level) and 2019 (UNESCO EMIS needs assessment and design mission, which explicitly describes facility-level automation visits to primary and secondary schools). This satisfies the metadata's requirement that scoring reflect data capture at the facility itself, not just central aggregation. No 2023-2025 source was found confirming continued or expanded school-level digital capture, so the evidence is somewhat dated; no basis was found to promote to 4 (Entirely digital), as elimination of all paper processes at rural primary schools is not evidenced.",2022,medium,"Mauritius operates OpenEMIS as its Education Management Information System, with data entered and managed directly at national, zonal and school level. Following a 2019 EMIS needs assessment and design mission and a 2022 UNESCO-supported capacity-building programme for Ministry of Education staff, school-level administrators use OpenEMIS modules to record student and staff profiles, attendance, enrolment and academic performance. All government primary schools, including those in Rodrigues, have had high-speed internet connectivity since before 2020, supporting direct digital data entry at the school level rather than reliance on central re-keying of paper forms. Some paper-based classroom processes likely persist alongside the digital system, consistent with a ""mostly digital, some paper"" status for rural primary schools.",
MUS,Mauritius,Rural Digitalisation,Status of digitalisation of records in rural facilities,Police,Status,The status of digital data capture in rural police stations,2,Mostly paper -  some digital,,"Mauritius Police Force (MPF) maintains a centralized digital Criminal Attribute Database (CADB) at Crime Records Office (CRO) for convictions and fingerprints, with 12,457 electronic fingerprint submissions from 7 remote workstations including Rodrigues (rural island) in 2023-24 MPF Annual Report 2023-2024. Police IT Unit handles digital forensics (2,034 exams), CCTV integration via Safe City/PMCCC, and network support across force MPF Annual Report 2023-2024. Certificate of Character (criminal record check) available online via portal, processed at DHQs including rural areas police.govmu.org. However, case dockets (PF forms) and outstanding cases (91k crimes) suggest initial paper recording at 72 stations (many rural/peripheral), with data uploaded centrally. No evidence of full digital case/incident logging at rural stations; hybrid model predominant: paper-based locally, digital aggregates/pilots centrally. GIS/CCTV limited to urban (Port Louis/Grand Bay). Score 2 fits predominantly paper with some digital (central reporting, pilots).",rural-police-status,2,https://police.govmu.org/police/wp-content/uploads/2024/11/Annual-Report-2023-2024.pdf;https://police.govmu.org/police/?page_id=5779;https://police.govmu.org/police/?page_id=7617,3,Low,no_year,No data year recorded - must be populated during verification.,2,https://newsmoris.com/mauritius-police-to-modernize-systems-with-rs-43-million-budget/;https://police.govmu.org/police/?page_id=5779;http://police.govmu.org/police/?mdocs-file=8001,"Confirmed score of 2 (Mostly paper - some digital). Newer evidence: a Prime Minister's statement to the National Assembly, reported 18 June 2025, confirms all police stations have computers used for the Crime Occurrence Tracking System (COTS, introduced 2011) and terminals accessing the Criminal Attribute Database (CADB, operational since 1999), but both systems are ageing and slated for replacement (Rs 43 million allocated in the 2025-2026 budget, tender from end-August 2025). This supersedes but is directionally consistent with the MPF Annual Report 2023-2024 previously cited, and confirms continued hybrid paper/digital station-level operations rather than full digitisation. Score confirmed unchanged.",2025,high,"Rural police stations in Mauritius operate a hybrid model combining paper-based station records with long-standing central digital systems. All stations are equipped with computers used for the Crime Occurrence Tracking System (COTS, introduced in 2011) for tracking complaints, and terminals accessing the Criminal Attribute Database (CADB, operational since 1999) for criminal records and fingerprint management. As at mid-2025 both systems remain in force-wide use but are dated: government has allocated Rs 43 million in the 2025-2026 budget to replace COTS with a new case management system and to modernise CADB with biometric capability, with a tender process beginning at the end of August 2025. Daily station-level records such as occurrence books and case dockets remain predominantly paper-based, with digital systems chiefly supporting centralised case tracking and criminal record-keeping rather than full point-of-entry digitisation, consistent with a ""mostly paper, some digital"" status.",
MUS,Mauritius,Rural Digitalisation,Status of digitalisation of records in rural facilities,Registry,Status,The status of digital data capture in rural civil registry offices,2,Mostly paper -  some digital,,"Rural registry offices in Mauritius likely rely predominantly on paper-based processes for birth registration, with parents appearing at district Civil Status Offices to submit documents (hospital attestation, IDs, etc.) and sign a physical register, as per the official government process description with no mention of on-site digital entry.Civil Status Division A 2012 UNECA report notes 47 total offices, 32 fully computerized for instant digital entry, and 15 non-computerized using manual entry forms transferred to computerized sites for data entry—non-computerized offices are plausibly the more remote/rural ones given Mauritius' small size and centralized structure.UNECA CRVS Report Data reaches central electronic Central Population Database and Statistics Mauritius monthly in digital format, indicating aggregation rather than point-of-service digitalisation. No recent rural-specific evidence found of predominant digital shift; online access exists for certificates via Mokloud, but not registration. Mauritius has strong overall CRVS (complete per older sources), but rural facilities appear to use paper as default with digital support centrally. Key barriers: legacy non-computerized remote offices, potential infrastructure limits. National policy emphasizes digital gov (e.g., Digital Mauritius 2030), but rural point-of-service lags, fitting score 2 (pilots/digital in some, paper predominant).",rural-registry-status,4,https://csd.govmu.org/Pages/Registration/Birth.aspx;https://apai-crvs.uneca.org/sites/default/files/resourcefiles/Country%20Report%20-%20Mauritius_Eng_0.pdf;https://cdn.who.int/media/docs/default-source/documents/ddi/score/country-profiles/who_score_mus_en.pdf,3,Low,no_year,No data year recorded - must be populated during verification.,2,https://apai-crvs.uneca.org/sites/default/files/resourcefiles/Country%20Report%20-%20Mauritius_Eng_0.pdf;https://csd.govmu.org/Pages/Contact-Us.aspx;https://csd.govmu.org/DocumentsList/Civil%20Status%20Act%202023.pdf,"Score of 2 (Mostly paper - some digital) confirmed but the evidence base is ageing: the only source located that specifically breaks down computerised versus non-computerised offices is the UNECA CRVS country report (approximately 2012), which found 32 of 47 offices fully computerised for instant registration and the remainder using manual entry forms later transferred for central data entry. No more recent breakdown of office-level computerisation was located despite dedicated searching. The current Civil Status Division office list (csd.govmu.org, 2024) shows a rationalised network of around 38 offices, including several small part-time rural sub-offices (open only two or three days a week), but does not state their computerisation status. Given Mauritius has since undertaken substantial digital identity and e-government modernisation (Mokloud online certificates from 2021, MNIC Portal 3.0), but no source confirms this has extended to point-of-service digitisation in all rural civil status offices, this row is flagged for human review.",2012,low,"Mauritius's Civil Status Division operates under the Civil Status Act 1981 (as amended) through a network of around 38 offices, comprising the Central Civil Status Office, 34 sub-offices across the island of Mauritius, two offices in Rodrigues and one in Agalega. Historically, only a subset of these offices has been fully computerised with instant, on-site digital registration; the remainder, plausibly including smaller part-time rural sub-offices open only two or three days a week, record entries manually on paper forms that are then transferred to a computerised office for data entry into the central Civil Status Database. Certificates are generated instantly only at computerised offices, while non-computerised offices route documents through a computerised office before returning them to the applicant. Aggregate vital statistics are compiled centrally in electronic format on a monthly basis regardless of the point-of-service recording method used at individual offices.",human_review
MWI,Malawi,Rural Digitalisation,Status of digitalisation of records in rural facilities,Police,Status,The status of digital data capture in rural police stations,1,Entirely paper,,"Rural police stations in Malawi primarily use paper-based systems for recording criminal cases and complaints. Cases are entered manually in Occurrence Books (OB), custody registers (MP33), cell books, rapid response registers, and case files (MP71), which are physically moved between officers for investigation and prosecution. A 2019 National Audit Office performance audit of sampled stations (including rural Mchinji and Karonga) found no operational digital case recording, with issues like poor categorization and backlogs. A 2024 peer-reviewed study in rural Muloza (Mangochi District) states police have ""no ICT resources deployed for the prevention, detection, and investigation of crime,"" relying on personal mobile phones informally; no digital case management. National efforts like AFIS fingerprints (centralized, failed rollout), e-Court pilots (4 urban stations), and ICT donations target headquarters or pilots, not rural point-of-service. Barriers include inadequate rural ICT infrastructure (fiber urban-concentrated per 2013 National ICT Policy), maintenance challenges, low resources, and poor connectivity. National digital ambitions (e.g., drone training, cyber units) contrast sharply with rural paper reality, where mobiles aid reporting but core docket recording remains manual.",rural-police-status,2,https://www.nao.gov.mw/index.php/en/documents/audit-reports/category/30-performance-audit-reports?download=54:performance-audit-report-on-handling-and-followup-of-crime-cases-in-malawi;https://www.sciencepg.com/article/10.11648/j.ajasr.20241002.11;https://www.itu.int/en/ITU-D/Cybersecurity/Documents/National_Strategies_Repository/Malawi_2013_Malawi_ICT_Policy.pdf,3,Low,no_year,No data year recorded - must be populated during verification.,,https://www.sciencepg.com/article/10.11648/j.ajasr.20241002.11;https://policemw.halspcl.com/sites/default/files/2024-03/Malawi%20Police%20Service%20Annual%20Report%202023.pdf;https://www.judiciary.mw/sites/default/files/2024-04/E-COURT%20LAUNCH.pdf;https://www.nao.gov.mw/index.php/en/documents/audit-reports/category/30-performance-audit-reports?download=54:performance-audit-report-on-handling-and-followup-of-crime-cases-in-malawi,"Original score (1, Entirely paper) and comments are supported. The cited NAO performance audit report URL returned a 403 error and could not be directly re-verified, but its finding (no digital case recording in sampled rural stations) is corroborated by a fresher, directly-read 2024 peer-reviewed study of Muloza police (Mangochi District), which confirms no ICT resources for crime data capture at rural point of service. The 2013 ITU ICT policy citation is dated but remains relevant background on rural infrastructure gaps. Additional 2024 sources (Malawi Police Service Annual Report 2023; e-Court launch documentation) confirm digitalisation efforts remain at an early, HQ/pilot-site stage and do not extend to routine rural case data capture. Score confirmed at 1.",2024,high,"Rural police stations in Malawi rely almost entirely on paper-based systems for recording criminal cases and complaints. Officers use manual Occurrence Books, custody registers (MP33), cell books and case files (MP71) that are physically transferred between officers for investigation and prosecution. A 2024 peer-reviewed study of policing in rural Muloza (Mangochi District) finds that police have no ICT resources deployed for crime prevention, detection or investigation, and instead rely informally on personal mobile phones. The Malawi Police Service's own 2023 annual report describes digitalisation of its processes as still in an 'initial phase', concentrated at headquarters level. A 2024 e-Court pilot links a small number of court, prison and police sites for remote bail hearings, but this addresses case referral between agencies rather than digitising data capture at the point of service in rural stations. Poor rural ICT infrastructure and connectivity remain structural barriers to digitisation.",
MWI,Malawi,Rural Digitalisation,Status of digitalisation of records in rural facilities,School,Status,The status of digital data capture in rural primary schools,1,Entirely paper,,"Rural primary schools in Malawi predominantly use paper-based registers for recording administrative data, attendance, and learning outcomes. Key documents include class registers (daily attendance marked manually, 92.6% update frequency), school registers for progress, lists for grades passed/failed, test scores, and absenteeism—all paper. Complementary records (e.g., behavior, personal data) are poorly maintained. EMIS data is collected via annual school census and monthly stats on paper forms, aggregated and sent physically to districts for digital entry, not captured digitally at school level.UMass Study Rural-urban gap: rural schools update class registers less frequently than urban due to poorer supervision and facilities; no electricity/telephones in most rural schools.UMass Study Digital pilots exist nationally (e.g., BEFIT tablets for learning in 5,770 primary schools, oneICT lessons in 1.9%, internet in 2.5%), but not for admin/attendance recording; rural electrification ~4%, internet access ~6%.EdTech Hub Plans for rural school connectivity (Connect a School, 2025-2026) focus on labs/internet, not point-of-service digital records.WB Digital Malawi Barriers: lack of electricity/devices/skills, poor infrastructure. National EMIS/HRMIS strengthened for aggregation, but rural point-of-service remains paper-based, with no evidence of majority digital adoption.WB MESIP",rural-school-status,3,https://scholarworks.umass.edu/server/api/core/bitstreams/f283600b-b66d-4f2b-af77-03eb96d8e064/content;https://docs.edtechhub.org/lib/NMJMENAG/download/DQBIS3ET;https://documents1.worldbank.org/curated/en/134201651499886937/pdf/Malawi-Education-Sector-Improvement-Project.pdf,3,Low,no_year,No data year recorded - must be populated during verification.,,https://www.globalpartnership.org/node/document/download?file=document%2Ffile%2F2024-10-malawi-partnership-compact.pdf;https://cgatechnologies.org.uk/projects/malawi-education-sector-improvement-programme-mesip-development-attendance-tracking-app;https://ipormw.org/single_project.php?read=48;https://www.globalpartnership.org/results/country-journeys/malawi-tech-boosts-literacy-and-numeracy-skills,"Original score (1, Entirely paper) is confirmed, though the original comments leaned heavily on a 2005 UMass master's thesis, which is too dated to serve as current evidence. Fresh searches found no authoritative evidence of majority digital administrative data capture in rural primary schools. The MESIP Real-Time Data Management tablet programme, cited as covering 21% of primary schools, ran only from 2016-2021 (closed) and involved periodic zonal-officer tablet visits rather than continuous school-level digital record capture. The BEFIT tablet rollout (2023-2029) is expanding fast but targets pupil learning software, not attendance/administrative records. IPOR's independent MESIP evaluation work (through 2022) continued to find poor paper-based record-keeping in primary schools. Score confirmed at 1 with updated sourcing; original UMass 2005 citation should be treated as background only, not current evidence.",2024,medium,"Rural primary schools in Malawi continue to rely on paper-based registers for attendance, enrolment and academic records at the point of service. The Ministry of Education's Education Management Information System aggregates data nationally, but this is compiled from paper school census and monthly statistics forms rather than captured digitally at school level. A World Bank-funded pilot (MESIP, 2016-2021) equipped zonal EMIS officers with tablets to record attendance during periodic visits to around 21% of primary schools, but this ceased with project closure and did not amount to continuous digital record-keeping by school staff. The BEFIT tablet programme (2023-2029) is expanding rapidly but is focused on foundational literacy and numeracy learning software for pupils, not administrative record capture. Independent evaluation work (IPOR, through 2022) continued to find poor record-keeping practices in primary schools. Electricity and internet access in rural schools remain very limited, reinforcing continued reliance on paper at the point of service.",
MWI,Malawi,Rural Digitalisation,Status of digitalisation of records in rural facilities,Clinic,Status,The status of digital data capture in rural primary healthcare clinics,2,Mostly paper -  some digital,,"Rural primary healthcare clinics in Malawi predominantly use paper-based systems for patient data recording at point-of-care. Health Passports (HPs), patient-held paper booklets, are updated manually during consultations with symptoms, diagnoses, treatments, and plans; they serve as the primary medical record since most rural facilities do not maintain outpatient files on-site. Post-consultation, data clerks transcribe from HPs into paper facility registers (e.g., OPD), which are aggregated monthly and entered into DHIS2 at district level—not at the facility POC. Digital initiatives like openSRP e-register (tablet-based EHR) are limited to pilots (e.g., Bilira Health Centre since ~2021, covering thousands of patients but one site) and community tools like iCHIS (3 districts). EHRs are mainly in urban/central hospitals. Key barriers: poor handwriting/abbreviations in HPs, low literacy, resource shortages (power/internet), high workload, no standardization/training. National policy (e.g., Digital Health Strategy) aims for digital HIS, DHIS2 mobile allows some facility entry (41% facilities use digital tech), but rural POC remains paper-default with digital for aggregate reporting only—gap between ambition and reality.",rural-clinic-status,1,https://pmc.ncbi.nlm.nih.gov/articles/PMC12135469/;https://health.gov.mw/storage/resources/Annual%20Report%202023-24%20FY_FINAL_06122024docx%201.pdf;https://health.bmz.de/stories/linking-rural-health-centres-up-with-malawis-digital-health-architecture/,3,Low,no_year,No data year recorded - must be populated during verification.,,https://link.springer.com/article/10.1186/s12913-025-12844-0;https://www.compelling.works/projects-prototype/research-study-influence-of-digital-financial-services-on-community-health-workers-amp-their-households-gl397;https://health.bmz.de/stories/linking-rural-health-centres-up-with-malawis-digital-health-architecture/,"Original score (2, Mostly paper - some digital) is confirmed. The PMC article cited (PMC12135469) could not be fetched directly (reCAPTCHA-blocked) but the same study is available via a 2025 BMC Health Services Research (Springer) article, which was read directly and confirms Health Passports remain the primary paper medical record in rural clinics, with EHR implementation mainly feasible in urban/larger facilities. A 2024 project update (Compelling Works) confirms the openSRP eRegister pilot, cited in the original BMZ source from 2021, has expanded to only three facilities nationally since 2019 - a narrow digital footprint consistent with 'mostly paper, some digital'. Score confirmed at 2 with a fresher (2025) primary source.",2025,high,"Rural primary healthcare clinics in Malawi predominantly record patient data on paper at the point of care. Health Passports - patient-held paper booklets - remain the primary medical record, as most rural facilities do not keep on-site outpatient files; a 2025 peer-reviewed study confirms that electronic health record implementation has mainly been feasible in urban, private or larger government facilities, with paper records still used alongside electronic systems and to verify electronic data. Data clerks transcribe information from Health Passports into paper facility registers, which are aggregated and entered into DHIS2 at district level rather than digitally at the facility. Digital point-of-care pilots such as the openSRP electronic register exist in only a handful of facilities nationally (three as of 2024, expanded from the original Bilira Health Centre pilot), reflecting narrow and donor-dependent adoption rather than a shift in the default rural facility model.",
MWI,Malawi,Rural Digitalisation,Status of digitalisation of records in rural facilities,Registry,Status,The status of digital data capture in rural civil registry offices,2,Mostly paper -  some digital,,"Rural registry offices and civil registration points in Malawi predominantly use paper-based processes for birth registration. The standard procedure involves informants completing the NR8 paper Birth Report Form at village heads or health facilities, verified by village head signature, with paper acknowledgement slips issued and certificates printed later at district offices or facilities with printers NRB Birth Registration. Isolated digital pilots exist, such as small-scale electronic village registers (EVR) in select rural villages without electricity (2013-2018) and recent Traditional Authority offices pilots reviewed in 2026, but these are not scaled nationwide PMC EVR. Nationally, the NRIS digital platform supports CRVS with mobile apps like Nzika for field registration (biometrics, offline), backed by UNDP IDT4M and World Bank Digital Malawi projects, enabling some digital point-of-service in equipped areas UNDP IDT4M. However, official procedures remain paper-default, with digital limited to donor-supported pilots and upward data entry. Barriers include poor rural electricity/connectivity (addressed partially by offline tools), infrastructure gaps, and enforcement issues. National ambitions for digital CRVS (e.g., 2025-2030 NRB Strategic Plan) outpace rural reality, where paper persists as default at most point-of-service facilities. (198 words)",rural-registry-status,4,https://www.nrb.gov.mw/birth/;https://www.undp.org/sites/g/files/zskgke326/files/2026-02/undp_idt4m_supported_digital_systems_portfolio_v7_2701026.pdf;https://pmc.ncbi.nlm.nih.gov/articles/PMC4576763/,3,Low,no_year,No data year recorded - must be populated during verification.,,https://www.undp.org/sites/g/files/zskgke326/files/2026-01/undp_malawi_idt4m_quarterly_report_apr-jun25_web.pdf;https://crvs.unescap.org/system/files/sites/default/files/C3_Session%204.4._Mishra_PPT.pdf;https://www.nrb.gov.mw/birth/,"Original score (2, Mostly paper - some digital) is confirmed. The NRB birth registration webpage (undated, current procedures page) confirms the paper NR8 form remains the standard registration instrument. The originally cited UNDP IDT4M document (dated 2026-02 filename) could not be located at the given URL; a current UNDP IDT4M quarterly report (Apr-Jun 2025) and a 2025 UNESCAP CRVS conference presentation were used instead, both fetched/reviewed directly. These confirm the Nzika App digital registration tool remains in pilot stage (Lilongwe district only as of mid-2025), Electronic Birth Registration System coverage is limited to roughly 78 of 585 facilities (2024), and full Traditional Authority-level rollout is planned only through 2030. Score confirmed at 2 with fresher (2024-2025) sourcing.",2025,high,"Rural civil registry offices and community registration points in Malawi predominantly process birth registration on paper. The standard procedure requires informants to complete the paper NR8 Birth Report Form, verified by a village head's signature, with certificates printed later at facilities or district offices equipped with printers. As of 2024, the Electronic Birth Registration System covered roughly 78 of the country's 585 health facilities carrying out registration, spanning all 28 districts but only a minority of registration points. UNDP's Inclusive Digital Transformation for Malawi programme reports piloting an integrated digital registration application ('Nzika App') on biometric tablets for rural and Traditional Authority-level registration, but as of mid-2025 this remained at pilot stage in Lilongwe district, with national rollout to a further 405 locations planned only by 2030 under the NRB Strategic Plan 2025-2030. Paper-based registration therefore remains the default at most rural point-of-service locations, with digital capture limited to donor-supported pilot sites.",
NAM,Namibia,Rural Digitalisation,Status of digitalisation of records in rural facilities,Clinic,Status,The status of digital data capture in rural primary healthcare clinics,1,Entirely paper,,"Rural primary healthcare clinics in Namibia predominantly use paper-based patient medical cards and health passports for recording patient data at the point of service. Nurses manually record data, which is later aggregated and entered into national DHIS2 systems at district or regional levels, not directly at clinics. No evidence of widespread EMR/EHR use in rural clinics; systems remain fragmented and vertical (e.g., HIV/TB-specific). Recent 2025 studies confirm manual data collection due to connectivity issues, equipment shortages, and poor internet in rural areas. National eHealth Strategy (2021-2025) highlights paper dominance and rural connectivity gaps (many facilities without reliable internet despite targets). New National Digital Health Policy (2026-2036, launched Feb 2026) aims to digitize records and expand telehealth to rural areas, but implementation is nascent. Barriers: low rural smartphone ownership (11.8%), intermittent power/network, vast geography/low density, workforce shortages. Gap: National ambitions for UHC via digital tools contrast with rural paper reality; pilots absent or isolated, no majority adoption.",rural-clinic-status,1,https://extranet.who.int/countryplanningcycles/sites/default/files/public_file_rep/NAM_Namibia_National-eHealth-strategy_2021-2025.pdf;https://pmc.ncbi.nlm.nih.gov/articles/PMC12421780/;https://www.kab.ac.ug/wp-content/uploads/2023/12/10-1108_ILS-03-2018-0015_Health-Information-systems-in-Namibia.pdf,3,Low,no_year,No data year recorded - must be populated during verification.,2,https://www.namibian.com.na/strengthening-namibias-health-system-through-investment-in-infrastructure-digitalisation-and-equity/;https://www.we.com.na/health-we/telehealth-expansion-to-target-rural-health-gaps-nmh004998-4-5901;https://extranet.who.int/countryplanningcycles/sites/default/files/public_file_rep/NAM_Namibia_National-eHealth-strategy_2021-2025.pdf,"Original score (1, Entirely paper) is contradicted by current government reporting showing a small but real number of clinics using digital systems; original sources (eHealth strategy 2021-25, PMC article, kab.ac.ug) were reviewed and remain relevant but predate the latest budget/policy statements. Fetched and read the WHO-hosted eHealth Strategy PDF plus fresh 2025-2026 ministerial statements (Windhoek Observer/The Namibian budget coverage, Windhoek Express telehealth article). As of the 2025/2026 budget, 18 clinics nationally are already using digital systems with tenders awarded for 30 more, while the vast majority of Namibia's roughly 400 clinics (concentrated in rural areas) remain paper-based; the new National Digital Health Policy (2026-2036), launched February 2026, targets expanding EMRs and broadband to all health facilities over the next decade but implementation is at an early stage. This nudges the score from Entirely paper (1) to Mostly paper - some digital (2), reflecting the presence of a limited but genuine and growing digital footprint rather than zero digitisation.",2025,medium,"Rural primary healthcare clinics in Namibia are still overwhelmingly reliant on paper-based patient records, with nurses recording data manually on patient cards and health passports before it is aggregated into national DHIS2 systems at district or regional level. A small number of clinics, however, have begun using digital systems: as of the 2025/2026 health budget, 18 clinics nationally were already digitally connected, with tenders awarded to extend infrastructure to a further 30 clinics and 18 health centres, and disease surveillance data collection had been extended to over 90 clinics. The National Digital Health Policy (2026-2036), launched in February 2026, sets out a decade-long plan to roll out electronic medical records and broadband connectivity to all health facilities, explicitly prioritising rural and underserved communities, but this remains at an early implementation stage. Barriers to wider rural digitisation include patchy electricity and internet connectivity, low rural smartphone ownership, and workforce shortages.",
NAM,Namibia,Rural Digitalisation,Status of digitalisation of records in rural facilities,School,Status,The status of digital data capture in rural primary schools,1,Entirely paper,,"Rural primary schools in Namibia predominantly use paper-based registers for recording administrative data, attendance, and learning outcomes, which are collected twice yearly by education regions and processed centrally by the EMIS division for national reports like the Annual Education Census and School Day Reports. While a national EMIS database exists for aggregation and planning, evidence indicates paper remains the default at point-of-service in rural areas, with data likely submitted via physical forms to regional offices before digital entry. Digital pilots exist, such as solar electrification of ~15 rural schools enabling computers and internet, and proposals for automated attendance systems, but these are isolated donor projects (e.g., GPE, Grüne Bürgerenergie). Key barriers include lack of electricity (180+ unelectrified rural schools), poor connectivity (16% rural mobile internet access), low device ownership, teacher training gaps, and affordability. Recent 2025 reports show ongoing manual census processes with strict form submission deadlines to circuits/regions. National ambitions for digital transformation (e.g., N$145M rural connectivity fund, Youth Coding) lag in rural reality, where infrastructure deficits keep most facilities paper-reliant with digital only for upward reporting. Score 2 reflects predominant paper with some digital pilots, no evidence of majority routine POS digital use.",rural-school-status,3,https://www.meiysac.gov.na/index.php/dep/dep-fa/dir-pad/emis;https://www.meiysac.gov.na/index.php/downloads/24-resources/29-emis-reports?download=122%3A15th-school-day-report-2025;https://cadeproject.org/updates/apc-report-highlights-digital-rights-challenges-in-namibia-ahead-of-upr-review/;https://energypedia.info/wiki/Electrification_of_Rural_Primary_Schools_in_Namibia;https://media.unesco.org/sites/default/files/webform/ed3002/AT1GP29_Building_a_Functional_Education_Management_Information_System.pdf,5,Low,no_year,No data year recorded - must be populated during verification.,2,https://www.moe.gov.na/index.php/dep/dep-fa/dir-pad/emis;https://knowledgehub.adeanet.org/en/elibrary/adea2019d008;https://www.sids.edu.na/;https://cadeproject.org/updates/apc-report-highlights-digital-rights-challenges-in-namibia-ahead-of-upr-review/,"The original row shows an internal inconsistency: Value Code is recorded as 1 (Entirely paper) but the Comments field explicitly states 'Score 2 reflects predominant paper with some digital pilots' - the code and the narrative did not match. Re-fetched the Ministry of Education EMIS page (moe.gov.na, successor of the cited meiysac.gov.na domain) and reviewed the ADEA-evaluated School-Link ICT attendance pilot (103 schools), the energypedia rural school electrification project, and the newly-launched SIDS school information platform. These confirm rural primary schools rely on paper registers for attendance and academic records, submitted twice yearly to EMIS for central digitisation, while isolated donor-funded and commercial digital pilots (School-Link, SIDS, rural school electrification enabling computer/internet access) exist but do not represent majority routine point-of-service digital capture. Corrected the coded value to 2 to align with the evidence and the row's own comments.",2024,medium,"Rural primary schools in Namibia rely predominantly on paper-based registers to record attendance, enrolment and learning outcomes at the point of service. Twice yearly, this data is submitted via physical forms to regional education offices before being centrally digitised by the Ministry of Education's EMIS division for the Annual Education Census and 15th School Day Reports (the most recent EMIS census recorded 2,036 schools as of January 2024). Digital pilots exist alongside this paper-based norm, including a School-Link ICT-based attendance monitoring system trialled across 103 schools, the solar electrification of around 15 rural schools to enable computer and internet access, and the recently launched SIDS school information management platform, but none of these have achieved majority adoption at rural facilities. Persistent barriers include a lack of electricity at over 180 rural schools, low mobile internet penetration in rural areas, limited device ownership, and teacher training gaps.",
NAM,Namibia,Rural Digitalisation,Status of digitalisation of records in rural facilities,Registry,Status,The status of digital data capture in rural civil registry offices,3,Mostly digital - some paper,,"Rural registry offices in Namibia (sub-regional Category II offices, serving remote thinly populated areas) are part of 62 decentralized registration centers connected to the National Population Registration System (NPRS), enabling real-time electronic recording of births and deaths at point of service. Certificates are issued on the spot from NPRS. E-birth/death notifications (since 2017/2018) integrate health facilities (153 total incl. private), feeding directly into NPRS. Birth registration completeness reached 87% nationally (2018-19), with 61% at health facilities, supported by mobile registrations in regions. Digital systems: NPRS (2011), M-files for historical scanned records (2010). No evidence of routine paper recording at facilities; processes digitized with forms supporting electronic entry. Barriers: Some sub-regional offices lack full NPRS connectivity or have slow networks, official reluctance to new systems; rural internet gaps persist (e.g., Zambezi region complaints 2025-26). National policy achieved high decentralization/digital coverage despite sparsity (2nd least dense after Mongolia), but occasional connectivity issues mean some paper fallback possible—hence predominantly digital (score 3), not entirely (4). Gap: Policy ambition met with strong implementation, though infrastructure challenges remain in most remote rural spots.",rural-registry-status,4,https://unstats.un.org/legal-identity-agenda/documents/Paper/2023/CRVSID-Namibia.pdf;https://mha.gov.na/civil-registration;https://nsa.org.na/wp-content/uploads/2024/07/2018-2021_Namibia-Vital-Statistics-Report_April-2024.pdf,3,Low,no_year,No data year recorded - must be populated during verification.,,https://neweralive.na/namibia-sets-the-pace-in-african-e-birth-systems/;https://unstats.un.org/legal-identity-agenda/documents/Paper/2023/CRVSID-Namibia.pdf;https://crvssystems.ca/sites/default/files/assets/files/CRVS_Namibia_e_WEB.pdf;https://mha.gov.na/civil-registration,"Fetched the original UN Stats CRVSID case study and Ministry of Home Affairs registration page, and located a fresher March 2026 ministerial statement (New Era) confirming the e-birth/e-death notification system now connects 153 facilities nationwide and birth registration coverage exceeds 99%. This corroborates the original assessment that rural registration centres are integrated into the National Population Registration System (NPRS) with real-time electronic recording. However, evidence of intermittent connectivity problems in remote regions (e.g. reported Zambezi region network complaints) means full 'Entirely digital' status (top of scale) is not yet supportable, so the score is confirmed at 3 (Mostly digital - some paper) rather than promoted to 4.",2026,high,"Rural civil registry offices in Namibia are integrated into the National Population Registration System (NPRS), which links 62 decentralised registration centres for real-time electronic recording of births, deaths and marriages, with certificates issued on the spot. The e-birth and e-death notification system, rolled out since 2017-2018, now connects 153 health facilities, private hospitals, police mortuaries and old age homes, feeding directly into the NPRS, and birth registration completeness now exceeds 99% nationally according to government statements made in March 2026. Namibia's registration authorities describe the system as a benchmark for e-birth notification in Africa. Nonetheless, some remote sub-regional offices experience intermittent NPRS connectivity or slow networks, meaning a residual paper fallback persists in the most remote locations, so the system is best characterised as predominantly, rather than entirely, digital.",
NAM,Namibia,Rural Digitalisation,Status of digitalisation of records in rural facilities,Police,Status,The status of digital data capture in rural police stations,2,Mostly paper -  some digital,,"Namibia Police Force (NAMPOL) maintains paper-based initial recording at stations, including manual station visits, affidavits, Occurrence Books (OB), A1 statement forms, books/registers/Pol forms per Customer Service Charter (register cases ""on e-policing system and manually""). Info first manually recorded with physical records permanent, then entered electronically (2012 NAMPOL). E-Policing (since 2014) stores case dockets digitally (central), biometric N-ABIS (2016), but station-level procedures indicate predominant paper with digital aggregation. Rural stations follow same standards but slower response; no evidence of full digital at rural outposts, likely paper-dominant given manuals and forms. Score 2: predominantly paper with digital backend/pilots.",rural-police-status,2,https://www.nampol.gov.na/documents/3978963/6322183/STATIONS+CSC.pdf/0bee6ea9-477f-1239-c69c-908d6a38f679?t=1750952854889;https://www.ecoi.net/de/dokument/2011346.html;https://www.gov.uk/government/publications/namibia-information-for-survivors-of-rape-and-sexual-assault/information-for-survivors-of-rape-and-sexual-assault-in-namibia;https://nampol.gov.na/about-us1;https://www.namibian.com.na/police-lauch-automated-biometric-identification-system/,5,Low,no_year,No data year recorded - must be populated during verification.,,https://digital.unam.edu.na/xmlui/handle/11070.1/18365;https://nampol.gov.na/about-us1;https://doi.org/10.23919/ist-africa56635.2022.9845626,"The original NAMPOL Customer Service Charter PDF returned a 403 error on refetch (likely bot-blocked rather than dead), so relied on other original sources plus fresh searches. A 2022 UNAM undergraduate case study of the Omusati region (a predominantly rural policing area) provides direct field evidence: police officers there confirmed that traffic offence and case records are created manually at the scene and stored in cabinet lockers, with digitisation limited and desired but not implemented. This corroborates the original assessment of paper-dominant recording at station level with a centrally-managed digital backend (e-Policing since 2010, N-ABIS biometric system since 2016). No evidence found of majority digital point-of-service capture at rural stations, so the score is confirmed at 2 (Mostly paper - some digital).",2022,medium,"Namibian Police Force (NAMPOL) stations in rural areas continue to rely on paper-based recording at the point of service: officers create case dockets, occurrence book entries, affidavits and statement forms manually, which are later captured onto central digital systems. A 2022 case study of the rural Omusati region found that traffic offence and crime records were created manually at the scene and stored in physical cabinet lockers, with officers expressing willingness to adopt digitisation but lacking the funding and infrastructure to do so. This sits alongside a centrally-operated digital backend: the e-Policing system (launched 2010) stores case dockets and crime statistics in 16 linked databases, and the Automated Biometric Identification System (N-ABIS, launched 2016) captures fingerprints and facial recognition data. Rural stations follow the same national procedures as urban stations but do not show evidence of majority digital data capture at the point of service, consistent with a 'mostly paper, some digital' characterisation.",
NER,Niger,Rural Digitalisation,Status of digitalisation of records in rural facilities,Clinic,Status,The status of digital data capture in rural primary healthcare clinics,1,Entirely paper,,"Rural primary healthcare clinics (health centres/health posts) in Niger predominantly use paper-based recording for patient data, with nurses handling basic services like immunization, maternal/child care, and curative care. No evidence of routine electronic health records or DHIS2 at point of care; DHIS2 functions as national HMIS for aggregate data management and monitoring, likely from facility paper tallies transcribed at district level. Digital systems piloted in isolated projects: OpenClinic HIS at select district hospitals, computerised maintenance in 3 rural districts (management-focused, not patient records). National E-Sante Strategy (2019-2023) prioritizes rural ICT via connectivity and governance pillars, but rollout remains limited. Barriers include poor electricity/internet, low skills, security/climate risks in 80% rural areas. Gap: National digital ambitions for UHC contrast sharply with rural paper-dominant reality; digital confined to aggregation/pilots, not majority POC use. (187 words)",rural-clinic-status,1,https://pmc.ncbi.nlm.nih.gov/articles/PMC8967994/;https://exchange.dial.global/projects/niger-country-hmis-dhis2;https://joghep.scholasticahq.com/article/144373-integrating-specialised-services-into-primary-health-care-in-niger-from-fragmentation-to-coordination,3,Low,no_year,No data year recorded - must be populated during verification.,,https://joghep.scholasticahq.com/article/144373-integrating-specialised-services-into-primary-health-care-in-niger-from-fragmentation-to-coordination;https://dhis2.org/niger-meningitis-vaccination/;https://www.openhexa.com/openhexa-first-layer-of-interoperability-management-between-health-platforms-in-niger/;https://www.mhealth-africa.org/en/actualites/mhealth-etend-sa-couverture-au-niger-deja-4-regions-sur-8-deployees-pour-renforcer-la-sante-communautaire/,"Original cited PMC8967994 could not be fetched (reCAPTCHA-gated) and the DIAL exchange project page returned an error; both are effectively unverifiable at present. Confirmed via alternative sources: rural health centres/posts in Niger are staffed by nurses delivering a minimum paper-based service package (Ortuno-Gutierrez et al. 2025); DHIS2 remains the national aggregate HMIS, not a facility point-of-care system (DHIS2/Gavi 2025, OpenHEXA 2025 describing 32+ siloed platforms with DHIS2 hosted at Directorate of Statistics level). A new community-health mHealth digital tool is being rolled out to 4 of 8 regions (Jan 2026) for structured monitoring of under-5s/mothers, but this targets community health worker home visits rather than confirmed routine digital data capture inside rural clinics themselves, so it does not yet establish facility-level digitisation. Score of Entirely paper confirmed; worth revisiting as mHealth rollout continues.",2025,medium,"Rural primary healthcare clinics in Niger (health centres and health posts) are staffed by nurses who deliver a minimum package of immunisation, maternal/child and curative care using predominantly paper-based patient records. Niger's national Health Management Information System is built on DHIS2, but this operates as an aggregate reporting platform fed by facility paper tallies rather than a point-of-care electronic health record; the sector remains fragmented across more than thirty siloed digital platforms with limited facility-level integration. A community health mHealth tool for structured monitoring of children under five, newborns and mothers has been extended to four of Niger's eight regions, indicating an emerging but still partial shift toward digital data capture for specific community health functions. Poor rural electricity and connectivity, alongside a largely rural population, continue to constrain routine digital recording within clinics themselves.",
NER,Niger,Rural Digitalisation,Status of digitalisation of records in rural facilities,Police,Status,The status of digital data capture in rural police stations,1,Entirely paper,,"Rural police stations (brigades) in Niger rely on paper-based recording for case files, complaints, and incident reports, primarily through handwritten procès-verbaux (PVs). Ethnographic studies describe the process: initial data in notebooks/sheets, interviews on loose paper, pencil drafts, pen/red pen corrections, and final typing on typewriters or limited brigade computers (one per brigade, self-funded, reverts to typewriter on blackouts). Paper scarcity noted; only ~10% complaints become formal PVs. No evidence of digital recording at station level; trainings (e.g., UNODC cyber) target specialized digital forensics, not routine case management. Francophone tradition of handwritten PVs persists in rural areas without digitisation pilots/projects found. Matches broader low digitalisation in Niger's justice/police sectors.",rural-police-status,2,https://d-nb.info/1103138715/34;https://www.jstor.org/stable/10.7591/j.ctvpwhg9t;http://www.gendarmerie-nationale.defense.gouv.ne/organisation,3,Low,no_year,No data year recorded - must be populated during verification.,,https://d-nb.info/1103138715/34;https://www.force-publique.net/wp-content/uploads/2023/10/2023-Niger-fr-1.pdf;https://fiiapp.quentalstaging.com/en/noticias/it-tools-training-for-niger-police-forces/;http://www.gendarmerie-nationale.defense.gouv.ne/organisation,"JSTOR source (stable/10.7591/j.ctvpwhg9t) was not independently re-fetched but its content is corroborated by the accessible d-nb.info ethnographic thesis on gendarme report-writing. Confirmed via a 2023 institutional profile (force-publique.net) that even the central Direction generale's 'fichier central et des recherches' still runs on physical index cards ('fiches cartonnees'), and that IT/biometric investment (PAJED, ECI-Niger, EU-funded equipment) is targeted at specialised central units (Police Technique et Scientifique, Direction de la Surveillance du Territoire) rather than routine rural brigades. No evidence found of digital case-recording at rural brigade level. Entirely paper confirmed.",2023,medium,"Rural police and gendarmerie posts (brigades) in Niger record cases, complaints and incident reports on paper, through handwritten proces-verbaux drafted in notebooks and on loose sheets before being typed up where a typewriter or a single self-funded computer is available, reverting to manual methods during power cuts. Even the Gendarmerie Nationale's central case-file registry ('fichier central et des recherches') continues to rely on physical index cards. Donor-funded technology investment, including biometric identification equipment and computer training, is concentrated in specialised judicial-police and territorial-surveillance units rather than extended to ordinary rural brigades, which remain reliant on paper-based recording.",
NER,Niger,Rural Digitalisation,Status of digitalisation of records in rural facilities,Registry,Status,The status of digital data capture in rural civil registry offices,1,Entirely paper,,"Rural registry offices in Niger (11,056 out of 11,638 total) record births and vital events manually on paper, producing duplicate handwritten forms: one archived locally, one sent to higher levels.CRVS Snapshot Notification and registration remain paper-based nationwide, with plans for digitization stalled by lack of electricity, internet, poor infrastructure, and climate damaging paper records. Birth registration completeness is 66.5% (2019), but vital stats compilation lags (last report 2014). Digital pilots include NRC/UNICEF equipping 81 communes (~30% of 270 total) with computers/solar to digitize 240k existing handwritten records via mobile teams in villages (2024)—not electronic point-of-service recording.NRC WURI pilot (2025) in Filingué targets 21k under-5s, digitizing existing records and training on form-filling (paper).Biometric Update UNECA notes electronic DBs only urban.UNECA Key barriers: rural infrastructure deficits. National e-gov ambitions (High Commissioner ICT since 2016) vs rural reality: paper default, donor pilots don't scale to majority facilities. Score 2: predominantly paper, some digital pilots for aggregation/digitization.",rural-registry-status,4,https://crvssystems.ca/country-profile/niger;https://www.nrc.no/perspectives/2024/securing-the-future-of-nigers-children-digitising-birth-certificates;https://apai-crvs.uneca.org/sites/default/files/resourcefiles/Digitalization%20of%20Civil%20Registration%20and%20Vital%20Statistics%20in%20Africa.pdf,3,Low,no_year,No data year recorded - must be populated during verification.,2,https://actuniger.com/societe/20979-etat-civil-le-niger-revoit-sa-strategie-2023-2027-pour-eradiquer-linvisibilite-de-32-des-enfants.html;https://www.wuri.ne/etat-civil/;https://www.biometricupdate.com/202505/niger-starts-pilot-under-wuri-project-to-issue-birth-certificates-to-21k-under-fives;https://www.nrc.no/perspectives/2024/securing-the-future-of-nigers-children-digitising-birth-certificates,"The original Value Code of 1 conflicted with the accompanying Comments text, which itself concluded 'Score 2: predominantly paper, some digital pilots for aggregation/digitisation' - an internal inconsistency now resolved. The originally cited crvssystems.ca country-profile page is dead (the URL now resolves to an unrelated commercial template storefront) and has been dropped. Fresher evidence (actuniger.com, May 2025, citing Niger's civil registration authority and UNICEF) confirms the 'INCI' civil-status computerisation platform is now live in 103 of Niger's 266 communes, with 40 more in progress and a national target of 87 additional communes digitised by end-2025; major declaration centres have been digitised, and mobile/biometric registration pilots (WURI, Filingue, 2025) are digitising records directly at the point of registration in some rural communes. The bulk of Niger's roughly 13,900 village-level declaration points remain paper-only, so coverage is still partial. Revised to code 2 (mostly paper, some digital) to reflect this documented partial rollout rather than a purely paper system.",2025,medium,"Civil registration in most of Niger's rural registry and declaration centres remains paper-based, with births and other vital events recorded by hand and forwarded to higher administrative levels. However, the national 'INCI' civil-status computerisation platform is now operational in 103 of the country's 266 communes, with roll-out continuing to additional communes, and major declaration centres have been digitised as part of a broader civil registration reform under the 2023-2027 strategic plan. Pilot initiatives, including the World Bank-funded WURI programme in Filingue and NRC/UNICEF-supported digitisation of historical records across 81 communes, are extending direct digital capture and archive digitisation into rural areas, although the great majority of village-level declaration points continue to rely on paper forms given persistent constraints on electricity and internet access.",
NER,Niger,Rural Digitalisation,Status of digitalisation of records in rural facilities,School,Status,The status of digital data capture in rural primary schools,1,Entirely paper,,"Niger's rural primary schools record attendance, enrollment, and grades using paper-based questionnaires filled by school heads during annual school censuses (recensement scolaire). Data is collected on paper at the school level, then controlled, entered digitally at central/regional levels, and compiled into statistical yearbooks by the Ministry of Education. EMIS exists for aggregate data production and yearbooks, with a transition plan (PTSEF 2020-2022) to strengthen it, but no evidence of digital recording or tools at rural school level. Recent projects provide computers (e.g., 38k devices via World Bank LIRE project), but these target learning environments, not data recording. Recent digital library pilots in rural schools are exceptional. Given poor infrastructure in rural areas (82% rural population), paper-based recording predominates. Score 1: entirely paper-based at facility level.",rural-school-status,3,https://www.stat-niger.org/wp-content/uploads/publication_sectorielle/annuaire/secondaire/Annuaire_MEN_2020_2021_VF.pdf;https://www.iicba.unesco.org/en/niger;https://niger.un.org/fr/308330-le-niger-progresse-vers-une-%C3%A9ducation-accessible-et-de-qualit%C3%A9;https://www.journalduniger.com/niger-le-numerique-sinvite-a-lecole-rurale-de-karey-gorou/,4,Low,no_year,No data year recorded - must be populated during verification.,,https://www.stat-niger.org/wp-content/uploads/publication_sectorielle/annuaire/MEN/Annuaire_MENAFPPLN_2024_2025_vf.pdf;https://pnin-niger.org/web/wp-content/uploads/2025/06/PLAN-DACTION-POUR-LA-MISE-EN-PLACE-DUN-SYSTEME-DINFORMATION-STATISTIQUE-COHERENT-GLOBAL-ET-OPERATIONNEL-DES-MINISTERES-EN-CHARGE-DE-LEDUCATION-ET-DE-LA-FORMATION.pdf,"The originally cited stat-niger Annuaire_MEN_2020_2021 PDF returned an empty crawl and could not be re-verified directly; a newer edition (Annuaire 2024-2025, covering the 2024-2025 recensement scolaire) was used instead, alongside the Ministry's 2025 SIGE action plan, both of which confirm that the annual school census continues to rely on paper questionnaires completed by school heads, reproduced and distributed each year, then collected, entered via the STATEDUC application and validated centrally. No evidence found of digital data capture equipment or systems in use at rural primary school level itself; devices provided under projects such as the World Bank LIRE programme are for teaching/learning, not administrative data capture. Entirely paper confirmed.",2025,high,"Niger's rural primary schools record enrolment, attendance and staffing data through the Ministry of Education's annual school census (recensement scolaire), a paper-questionnaire exercise completed by school heads and collected via regional education directorates. Data are entered centrally using the STATEDUC application and compiled into statistical yearbooks, but no digital data capture takes place at the school level itself. Given that a large majority of Niger's population lives rurally and that most rural schools lack reliable electricity or internet access, paper remains the sole means of recording data at the facility, notwithstanding recent computer provision under learning-improvement programmes such as the World Bank-funded LIRE project, which targets classroom learning rather than administrative data capture.",
NGA,Nigeria,Rural Digitalisation,Status of digitalisation of records in rural facilities,Clinic,Status,The status of digital data capture in rural primary healthcare clinics,1,Entirely paper,,"Rural primary healthcare clinics in Nigeria predominantly use paper-based registers for patient data recording, including visits, files, and NCD records. Recent studies confirm 100% reliance on paper files with 0% electronic records in surveyed PHCs, and national EHR adoption remains low at ~18%, with rural areas facing acute barriers like unreliable electricity (41% grid access), poor internet (40% penetration), high costs, low digital literacy (26.7% proficient workers), and lack of training. Digital systems like DHIS2 are used nationally for aggregate HMIS reporting, with some pilots for immunization logistics (e.g., ~9,000 facilities reporting stock data), but point-of-care patient records remain manual; data is collated on paper and entered at LGA/district levels. Pilots exist (e.g., offline hardware trials, state telemedicine), but are isolated/donor-driven, not scaling to majority of ~30,000 rural PHCs. Key barriers: infrastructure deficits, policy fragmentation, resistance to change from paper workflows. National ambitions (e.g., NHMIS digitalization) contrast sharply with rural reality of paper dominance, limiting point-of-service digitalisation.",rural-clinic-status,1,https://pmc.ncbi.nlm.nih.gov/articles/PMC12706899/;https://pmc.ncbi.nlm.nih.gov/articles/PMC10996784/;https://thegjms.org/barriers-to-the-adoption-of-electronic-health-records-in-nigerian-healthcare-systems-analysing-infrastructure-training-and-policy-challenges/,3,Low,no_year,No data year recorded - must be populated during verification.,,https://thegjms.org/barriers-to-the-adoption-of-electronic-health-records-in-nigerian-healthcare-systems-analysing-infrastructure-training-and-policy-challenges/;https://independent.ng/abia-introduces-electronic-healthcare-system-to-transform-medical-records-from-analogue-to-digital/;https://lagosministryofhealth.org/lagos-drives-digital-revolution-in-primary-healthcare/;https://pmc.ncbi.nlm.nih.gov/articles/PMC12706899/,"Confirmed. Fetched cited sources and ran fresh searches; national EHR adoption remains ~18% (Bolatito & Togunwa, 2025), and state-level digitisation projects (Lagos PHC EMR: 100 of 326 facilities as of May 2025; Abia E-Health launched Feb 2026) are urban/state-capital led pilots that have not yet reached rural primary healthcare clinics. No evidence found of rural PHC clinics moving beyond paper-based data capture. Score 1 (Entirely paper) confirmed.",2026,high,"Rural primary healthcare clinics in Nigeria continue to rely almost entirely on paper-based registers for point-of-care data capture, including patient visits, files and non-communicable disease records. National electronic health record adoption remains low, at around 18%, and the digitisation programmes now underway (such as Lagos State's Primary Health Care EMR rollout, covering 100 of 326 facilities as of May 2025, and Abia State's newly announced E-Health project of February 2026) are concentrated in state capitals and urban facilities rather than rural clinics. Persistent barriers include unreliable electricity and internet access, low digital literacy among healthcare workers, and limited training and funding. Aggregate reporting systems such as DHIS2 operate at higher administrative levels, but data capture at the rural point of service remains manual.",
NGA,Nigeria,Rural Digitalisation,Status of digitalisation of records in rural facilities,Police,Status,The status of digital data capture in rural police stations,1,Entirely paper,,"Rural police stations in Nigeria record criminal cases and complaints using manual paper-based systems, including handwritten statements, petitions, police reports, and exhibits logs. A 2020 assessment confirms records are kept in hard copy at stations, with limited electronic storage only at state headquarters; computer networks and databases see very low use across formations, and many cases go unrecorded due to officer fatigue.US Department of Justice report Academic studies highlight inadequate police presence and infrastructure (power, roads) in rural areas, relying on community policing without mention of digital tools at point-of-service.Heliyon study National digital initiatives exist: WAPIS (Interpol/EU-funded national criminal database since 2019), pilots like CRIMS, and planned smart stations (2025), but these are centralized or urban-focused, with no evidence of routine rural deployment.Interpol WAPIS Barriers include poor infrastructure, limited resources/training, and low government commitment to nationwide rollout. National ambitions for digital policing contrast sharply with rural paper reality, where data is likely aggregated manually upward.",rural-police-status,2,https://www.justice.gov/eoir/page/file/1342136/dl;https://pmc.ncbi.nlm.nih.gov/articles/PMC7522756/;https://www.interpol.int/en/How-we-work/Capacity-building/Capacity-building-projects/WAPIS-Programme,3,Low,no_year,No data year recorded - must be populated during verification.,,https://www.justice.gov/eoir/page/file/1342136/dl;https://pmc.ncbi.nlm.nih.gov/articles/PMC7522756/;https://www.thecable.ng/building-an-ai-driven-police-force-fibre-connectivity-as-a-turning-point-for-nigeria/;https://thenationonlineng.net/fg-nigeria-police-sign-mou-to-connect-all-police-stations-with-digital-infrastructures-internet-services/,"Confirmed. Original sources (2020 IRB Canada report; 2020 Heliyon study) describe manual paper-based recordkeeping at police stations, with computer networks limited to state headquarters. Fresh search confirms that as of April-June 2026 the Federal Government and Nigeria Police Trust Fund have only just signed an MoU (Project BRIDGE) to map and begin connecting police stations nationwide to fibre, explicitly starting from a near-zero baseline of digital connectivity; rollout is described as taking 'the next 12 months' and beyond, in phases, with explicit recognition that rural/last-mile stations risk being left behind. No evidence of rural station-level digital record capture as of mid-2026. Score 1 (Entirely paper) confirmed.",2026,high,"Rural police stations in Nigeria record criminal cases and complaints using entirely manual, paper-based systems: handwritten statements, petitions, police reports and exhibit logs, with only limited electronic storage at state headquarters level. As of mid-2026, the Federal Government and the Nigeria Police Trust Fund have signed a Memorandum of Understanding under Project BRIDGE to map police stations and connect them to the national fibre backbone, with associated plans for AI-assisted statement transcription and case management, but implementation is only beginning, phased over at least the next 12 months, and commentators explicitly flag the risk that rural and hard-to-reach stations will lag behind urban connectivity. Data capture at the point of service in rural stations therefore remains entirely paper-based.",
NGA,Nigeria,Rural Digitalisation,Status of digitalisation of records in rural facilities,Registry,Status,The status of digital data capture in rural civil registry offices,2,Mostly paper -  some digital,,"Rural registry offices in Nigeria (NPC local registration centers, ~4000 nationwide, serving groups of rural communities) predominantly use paper-based recording for births, with registrars entering data manually into paper forms.UNECA CRVS Nigeria Snapshot Data is later digitized at regional levels, creating backlogs, but point-of-service remains manual.UNECA CRVS Nigeria Snapshot Digital systems like RapidSMS (since 2011) support monitoring/reporting, not registration.UNECA CRVS Nigeria Snapshot Recent eCRVS pilots with UNICEF (e.g., Nasarawa, Kano states using OpenCRVS/mobile apps at health facilities/community drives) and national platforms (ecrvs.nationalpopulation.gov.ng, self-service portal) indicate donor-supported digital efforts, but limited to pilots/select states, not majority of rural facilities.OpenCRVS Nigeria;Biometric Update Electronic databases exist only in urban areas.UNECA Digitalization Africa Barriers: poor infrastructure (electricity/internet in rural areas), low digital literacy, funding gaps, uneven rollout. National ambitions (eCRVS launches 2023-2026, legal reforms) outpace rural reality, where paper dominates default processes (score 2).NPC News",rural-registry-status,4,https://apai-crvs.uneca.org/sites/default/files/resourcefiles/CRVS_NigeriaSnapshot_e.pdf;https://apai-crvs.uneca.org/sites/default/files/resourcefiles/Digitalization%20of%20Civil%20Registration%20and%20Vital%20Statistics%20in%20Africa.pdf;https://nationalpopulation.gov.ng/news/npc-calls-for-consolidation-of-civil-registration-laws-to-boost-digital-reforms,3,Low,no_year,No data year recorded - must be populated during verification.,,https://cresthillsmedia.com/why-millions-of-nigerian-children-remain-undocumented-despite-digital-birth-registration-push/;https://www.thepointersnewsonline.com/npc-digitises-birth-death-registration-in-delta/;https://www.radionigeriakaduna.gov.ng/2026/05/18/digital-birth-registration-expands-identity-access-for-children/;https://unstats.un.org/legal-identity-agenda/documents/M-presentation/webinar04-presentation1.pdf,"Confirmed with updated 2026 evidence; the original UNECA CRVS snapshot PDF could not be re-fetched (timeout/access error) but its finding of predominantly manual, paper-based rural registration is corroborated by newer sources. Nigeria's e-CRVS rollout has accelerated markedly through 2025-2026: Delta State ended manual registration in March 2026, Kano recorded around 103,000 electronic registrations by March 2026, and further states are onboarding via the NPC/UNICEF Vital Registration (VitalReg) application. However, digital registration is currently limited mainly to children under five; older age groups still require manual or attestation-based processes; only NPC staff (not the public) can perform digital registration; and staff explicitly revert to paper when network connectivity fails, which is common in rural areas. A UN Stats operational readiness assessment likewise found existing registration processes 'predominantly manual and paper-based' nationally, with the VitalReg system's technical architecture 'not fit to be scaled'. This mixed but expanding picture supports 'Mostly paper - some digital' (2) rather than a majority-digital status in rural registry offices; it does not yet meet the bar for 'Mostly digital - some paper' (3).",2026,high,"Rural civil registry offices in Nigeria are in an active but partial transition from paper to digital birth registration. The National Population Commission, with UNICEF and partners, is rolling out the electronic Civil Registration and Vital Statistics (e-CRVS) system and the Vital Registration (VitalReg) mobile application, with several states (including Delta and Kano) having ended or substantially reduced manual registration for young children during 2026. However, digital registration is currently restricted mainly to children under five, with older age groups still processed manually or via attestation, and registration remains staff-operated using Personal Digital Assistants rather than self-service. Field registrars in rural and hard-to-reach areas frequently revert to paper records when network connectivity fails, and birth registration completeness remains low overall (around 53-57% for under-fives, with certification rates near 30%), with the largest gaps in rural communities. Data capture at rural registry offices is therefore best characterised as predominantly paper-based with a growing but still partial digital component.",
NGA,Nigeria,Rural Digitalisation,Status of digitalisation of records in rural facilities,School,Status,The status of digital data capture in rural primary schools,2,Mostly paper -  some digital,,"Rural primary schools in Nigeria predominantly use paper-based registers for recording attendance, administrative data, and learning outcomes at the point of service. For example, in Nassarawo Primary School (Adamawa State, rural northeast), teachers manually tick names in worn paper books daily, facing issues like rain damage and termite destruction; digital backups are personal copies, not systematic.DPI Africa (2026). National EMIS (NEMIS on DHIS2) exists for aggregation, with pilots like EdoEMIS (51 schools including rural, daily digital attendance via app) and training in 12 states, but these are isolated or state-specific donor projects not representing most rural facilities.DHIS2.org (2025). World Bank analysis confirms schools complete paper census forms forwarded for central digital entry, not digital at school level.World Bank EMIS Study. Barriers: poor electricity/internet (41% offline), low digital literacy (<20% rural youth computer-proficient), high costs, insecurity. National policy pushes EMIS/DPI (UBEC digital platform 2024, GenU9ja connectivity), but rural reality lags with manual processes and slow pilot scaling.",rural-school-status,3,https://dpi.africa/classroom-attendance-in-nigeria-still-relies-on-paper/;https://dhis2.org/school-reporting-edo-state-nigeria/;https://documents1.worldbank.org/curated/en/951371468333598459/pdf/466180NWP0Box310Study0of0Nigeria111.pdf,3,Low,no_year,No data year recorded - must be populated during verification.,,https://dpi.africa/classroom-attendance-in-nigeria-still-relies-on-paper/;https://dhis2.org/school-reporting-edo-state-nigeria/;https://documents1.worldbank.org/curated/en/951371468333598459/pdf/466180NWP0Box310Study0of0Nigeria111.pdf,"Confirmed. Fetched cited sources; a DPI Africa field report (published March 2026) documents a rural primary school in Adamawa State still using handwritten paper attendance registers with no systematic digital backup, describing continued paper reliance as the norm across Nigeria despite the national DPI push. The DHIS2/Data Science Nigeria EdoEMIS pilot (implemented 2023, reported May 2025) covers only 51 schools (urban and rural) in Edo State, a small, state-specific programme not yet representative of the roughly 30,000+ rural primary schools nationally. World Bank EMIS analysis confirms the standard national model is paper census forms completed at school level and digitised centrally, not digital capture at the school. Score 2 (Mostly paper - some digital) confirmed.",2026,high,"Rural primary schools in Nigeria predominantly record attendance and administrative data on paper at the point of service. A March 2026 field account from Nassarawo Primary School in rural Adamawa State illustrates the norm nationally: teachers mark handwritten registers daily, with no systematic digital backup, exposing records to damage and loss. Isolated digital pilots exist, notably the DHIS2-based EdoEMIS system introduced in Edo State in 2023, which by 2025 provided real-time attendance and performance tracking for 51 schools including some rural facilities, but this remains a small, donor-supported programme rather than the national norm. The standard national practice, reflected in World Bank analysis of the Education Management Information System, is for schools to complete paper forms that are digitised at a higher administrative level rather than captured digitally at the school itself. Persistent barriers include unreliable electricity and internet access and low digital literacy among rural teachers and pupils.",
RWA,Rwanda,Rural Digitalisation,Status of digitalisation of records in rural facilities,Clinic,Status,The status of digital data capture in rural primary healthcare clinics,3,Mostly digital - some paper,,"Rural primary healthcare clinics (health centers) in Rwanda predominantly use digital systems for patient data recording. OpenMRS EMR modules are deployed in nearly 400 of ~500 health centers (2018 baseline), primarily for HIV/TB but expanding, functioning as point-of-care local systems.Rwanda Digital Health Strategy National rollout of integrated EMR (eBuzima) ongoing via MoH partnerships with NGOs like Health Builders in rural districts (e.g., Rwamagana, Rulindo), replacing paper-based records and improving accuracy in pilots.Health Builders Report DHIS2 HMIS collects aggregates nationwide since 2012, supported by revised registers.DHIS2 2022 survey at 54 rural health centers shows high EMR acceptability/use despite some infrastructure issues and possible dual paper entry.JMIR Study Barriers: connectivity/power outages (25% sites), low digital literacy, resistance to change; addressed via training, local servers. National policy targets 100% EMR coverage by 2022, with recent (2025) district rollouts indicating majority digital at POC, though some paper fallback persists in rollout gaps.",rural-clinic-status,1,https://extranet.who.int/countryplanningcycles/sites/default/files/public_file_rep/RWA_Rwanda_Digital-Health-Strategy_2018-2023.Pdf;https://docs.dhis2.org/en/topics/user-stories/rwanda-hmis-powered-by-dhis2.html;https://pmc.ncbi.nlm.nih.gov/articles/PMC9115652/;https://dukeghic.org/wp-content/uploads/sites/20/2025/09/Transforming-Rural-Healthcare-in-Rwanda-with-a-Centralized-Electronic-Medical-Records-System-2.pdf,4,Low,no_year,No data year recorded - must be populated during verification.,2,https://doi.org/10.21203/rs.3.rs-4763866/v1;https://techcabal.com/2025/04/24/rwanda-e-ubuzima-rollout/;https://www.healthbuilders.org/stories/emr-rollout-health-centers-progress-in-rwamagana-district,"Original score of 3 rested on a 2018 EMR baseline and a 2022 JMIR pilot of 54 health centres; a larger, more rigorous 2024 nationwide cross-sectional assessment of 215 health centres found only 33% (71/215) had any EMR system deployed, and just 53.6% of health-centre staff reported active EMR use, indicating paper remains dominant at most rural health centres. The 2025 e-Ubuzima rollout was operating in only 15 of 30 districts as of April 2025, with hardware/connectivity gaps cited as barriers to the government's own end-2025 nationwide target. Score revised down to 2 (Mostly paper - some digital) to reflect facility-level reality rather than national policy ambition.",2024,medium,"Rural primary healthcare clinics (health centres) in Rwanda are transitioning towards electronic medical records, but paper remains the dominant means of data capture at most facilities. A 2024 nationwide cross-sectional assessment of 215 health centres found that only around a third had any EMR system deployed, with just over half of staff at facilities with EMR access reporting regular use; common barriers include unreliable internet, intermittent electricity, and limited computer access. The Ministry of Health's e-Ubuzima platform, intended to replace paper registers nationwide, was operating in only 15 of Rwanda's 30 districts as of April 2025, with full national rollout (requiring computers and connectivity at all roughly 520 health centres) targeted for end-2025 but not yet achieved. Digital systems such as DHIS2 collect aggregate data nationally, and pockets of point-of-care digitisation exist (for example HIV/TB modules and cervical cancer screening), but daily clinical record-keeping at the majority of rural health centres continues to rely primarily on paper registers supplemented by partial digital systems.",
RWA,Rwanda,Rural Digitalisation,Status of digitalisation of records in rural facilities,Police,Status,The status of digital data capture in rural police stations,3,Mostly digital - some paper,,"Rwanda National Police (RNP) has undergone sustained digital transformation extending to rural areas. The Integrated Electronic Case Management System (IECMS), launched January 2016, covers the entire justice chain — police (Criminal Investigation Department), NPPA, judiciary, and correctional services. 100% of cases are filed electronically, reducing average processing time from 7 to 3.4 months. The IECMS was specifically designed to reach rural areas: a 2023 University of Rwanda dissertation studied its effectiveness in Nyaruguru District, a remote rural area, confirming deployment there. Government has subsidised internet connectivity at 45 rural and remote police sites. SMS notifications allow citizens to track case progress using basic mobile phones. In December 2025, RNP introduced four new online reporting systems. Criminal records are fully digitalised via the Irembo platform. However, ICT literacy gaps and infrastructure limitations remain significant obstacles for rural personnel. Internet penetration stands at ~31%. Some rural stations may still use paper for initial documentation before entering cases into IECMS. Rwanda is categorically different from most African countries — the default is digital, not paper, making it score 3.",rural-police-status,2,https://www.synisys.com/case-studies/rwandas-justice-sector-integrated-electronic-case-management-system-iecms/;https://dr.ur.ac.rw/handle/123456789/2173;https://police.gov.rw/media/news-detail/news/inside-rwanda-polices-high-tech-shift-to-safer-smarter-policing/,3,Low,no_year,No data year recorded - must be populated during verification.,,https://police.gov.rw/media/news-detail/news/inside-rwanda-polices-high-tech-shift-to-safer-smarter-policing/;https://www.newtimes.co.rw/article/22773/news/law/justice-whats-new-in-upgraded-integrated-case-management-system;https://www.minijust.gov.rw/index.php?eID=dumpFile&f=124217&t=f&token=fb5f8d478d9d681804a1dbb7403a4186b4a10f89;https://dr.ur.ac.rw/handle/123456789/2173,"Confirmed at 3. A May 2025 Rwanda National Police feature confirms extensive digitisation of policing functions nationwide (driver testing/licensing 90-99% digital via Irembo, automated speed cameras and digital fines raising traffic-enforcement digital capacity to 85%, top-tier ITU cybersecurity ranking). The Integrated Electronic Case Management System (IECMS), covering the whole justice chain including police, was upgraded to a new micro-services architecture that went live in April 2025 with expanded functionality (e-court, enhanced case tracking). A 2023 University of Rwanda dissertation on rural Nyaruguru District confirms IECMS deployment and use in remote rural areas, alongside persistent ICT literacy and infrastructure barriers. Evidence supports Mostly digital - some paper given rural stations still face documented connectivity/literacy gaps despite a national digital-by-default policy.",2025,high,"Rwanda National Police stations, including those in rural areas, operate predominantly on digital systems as part of a sustained national digitisation drive. The Integrated Electronic Case Management System (IECMS), which covers the entire justice chain from police investigation through prosecution, courts and corrections, was upgraded to a new micro-services architecture that went live in April 2025, adding features such as e-court video conferencing and enhanced citizen case tracking. Driver testing and licensing are almost entirely digital, using Irembo-based booking and automated testing centres, and traffic enforcement uses automated speed cameras and digital fine systems. Rwanda ranks in the top tier of the ITU Global Cybersecurity Index. A university study of the rural Nyaruguru District confirms IECMS use in remote rural police and justice offices, though ICT literacy gaps and infrastructure limitations, including connectivity and computer access, mean some initial documentation still occurs on paper before digital entry.",
RWA,Rwanda,Rural Digitalisation,Status of digitalisation of records in rural facilities,Registry,Status,The status of digital data capture in rural civil registry offices,3,Mostly digital - some paper,,"Rural registry offices in Rwanda, primarily at the cell level (2148 cells covering rural areas), use the National Centralized and Integrated CRVS (NCI-CRVS) system for recording vital events like births and deaths at the point of service. For home births (common in rural areas), village chiefs complete paper community notification forms, which cell executive secretaries then enter electronically into NCI-CRVS within 30 days, generating a unique NIN and integrating with the National Population Register (NPR). Health facilities (rural included) have data managers who digitize maternity registers directly. Certification occurs via digital platforms like IremboGov. Law 32/2016 (revised 2020) mandates electronic registers, with paper used alongside for a transition period not exceeding 6 months, after which only electronic is used. Over 416 sectors and 2148 cells provide real-time digital services, contributing to high completeness rates (90%+ births in 2024). Digital systems are standard across rural facilities, but initial paper proofs persist, indicating some paper processes remain. No major barriers noted; strong government commitment and decentralization bridge national digital ambition with rural reality, though early transition (2020-2021) saw slight dips in completeness due to awareness and COVID.",rural-registry-status,4,https://www.nida.gov.rw/fileadmin/user_upload/NIDA/Publications/CRVS_SoP_USER_GUIDE.pdf;https://unstats.un.org/legal-identity-agenda/documents/Paper/2023/CRVSID-Rwanda.pdf;https://www.minaloc.gov.rw/news-detail/rwanda-launches-new-integrated-civil-registration-system,3,Low,no_year,No data year recorded - must be populated during verification.,,https://www.nida.gov.rw/index.php?eID=dumpFile&f=92643&t=f&token=7ea9d6c4602ce4d2ae43fc6b669787b89edad1c1;https://www.ktpress.rw/2026/04/rwanda-is-counting-everything-and-changing-in-the-process/;https://getinthepicture.org/system/files/sites/default/files/B1_Session%203.3_75_Bugingo_Paper.pdf;https://unstats.un.org/legal-identity-agenda/documents/Paper/2023/CRVSID-Rwanda.pdf,"Confirmed at 3. NIDA's Standard Operating Procedures confirm all civil registers have been maintained only in electronic format since 17 February 2020, per Law No. 06 of 2020, with the National Centralized and Integrated CRVS (NCI-CRVS) system in place at health facilities, cells, sectors, districts and embassies nationwide. Rwanda's 2025 Vital Statistics report shows birth registration completeness reaching 92.9% in 2025 (up from 90.3% in 2024), while death registration reached only 50.5% in 2025, leaving a substantial share of vital events, particularly deaths, unregistered or captured late. At rural cell offices, home births/deaths are first recorded on a paper community notification form by the village chief before the cell executive secretary enters the event electronically into NCI-CRVS within 30 days, meaning some initial paper capture persists ahead of the digital record. This mixed picture supports Mostly digital - some paper rather than fully digital.",2025,high,"Rural civil registry offices in Rwanda, based at the cell level, use the National Centralized and Integrated CRVS (NCI-CRVS) system, which has been maintained exclusively in electronic format since February 2020 under revised civil registration law. For births and deaths occurring in health facilities, registration is captured directly and digitally at the point of service. For events occurring in the community, common in rural areas, a village chief first completes a paper community notification form, which the cell executive secretary then enters into the electronic NCI-CRVS system within 30 days, generating a unique national identification number linked to the National Population Register. National birth registration completeness reached 92.9% in 2025, up from 90.3% in 2024, while death registration completeness stood at 50.5% in 2025. The system is decentralised to over 2,000 cells and 400 sectors, providing broadly consistent digital service, though reliance on an initial paper notification for community-based events means some paper handling remains part of the overall process.",
RWA,Rwanda,Rural Digitalisation,Status of digitalisation of records in rural facilities,School,Status,The status of digital data capture in rural primary schools,3,Mostly digital - some paper,,"Rural primary schools in Rwanda use digital systems like SDMS for enrollment, monthly attendance aggregates, and admin data; CA-MIS for assessment grades entry by teachers World Bank Learning Resilience Report. A 2025 mobile app enables daily digital attendance recording, rolled out to 2,371 schools across 22 districts including rural Nyamagabe, where teachers log attendance directly, generating real-time data New Times. Digital systems are standard (e.g., 85% teachers on CAMIS nationally), but paper may remain for daily details before monthly entry or in low-connectivity areas (56.7% schools connected, teacher-computer 14:1 primary). Pilots like OLPC in ~25% schools; national rollout indicates majority use. Barriers: rural connectivity gaps, device shortages, training. National EMIS ambition advancing, with rural reality catching up via recent apps and projects (Starlink, fiber). (148 words)",rural-school-status,3,https://thedocs.worldbank.org/en/doc/e4ce55dbf9e381faa76ce4bad55d336d-0140022025/related/2Rwanda-TF0C2272-Final-Report-Learning-Resilience-in-Rwanda-Basic-Education-System.pdf;https://www.newtimes.co.rw/article/32152/news/technology/new-digital-attendance-system-aims-to-curb-school-dropouts;https://www.reb.gov.rw/fileadmin/user_upload/REB/Publications/POLICIES/ICT_In_Education_Policy.pdf,3,Low,no_year,No data year recorded - must be populated during verification.,,https://www.mineduc.gov.rw/fileadmin/user_upload/Mineduc/Publications/REPORTS/Education_Statistics/Education_statistical_yearbook/Final_Education_Statistical_Yearbook_23_24.pdf;https://www.newtimes.co.rw/article/32152/news/technology/new-digital-attendance-system-aims-to-curb-school-dropouts;https://hisprwanda.org/great-news-karame-is-now-up-and-running-on-the-google-play-store/,"Confirmed at 3. The 2023/24 Education Statistical Yearbook (MINEDUC), drawing on the School Data Management System (SDMS), reports 97.4% of schools have at least one computer, a teacher-computer ratio improved to 2:1 (from 5:1 in 2017), and 61.8% internet connectivity, though only 35.5% of schools report using ICT directly in teaching and learning. A new mobile digital attendance application (Karame) was introduced from October 2025 and reached 2,371 schools across 22 of Rwanda's roughly 30 districts by December 2025, enabling real-time daily attendance capture and dropout-risk flagging as part of the Zero Out-of-School Children project; some schools reported data-matching issues during early rollout. Assessment data entry (CAMIS) and enrolment/aggregate reporting (SDMS) are established digital systems used by the large majority of schools, while daily attendance capture is only now shifting from paper to digital nationally, and connectivity/hardware gaps persist in some rural areas. This supports Mostly digital - some paper rather than a higher or lower score.",2025,medium,"Rural primary schools in Rwanda use established digital systems for core administrative functions: the School Data Management System (SDMS) for enrolment and monthly attendance aggregates, and the Continuous Assessment Management Information System (CAMIS) for entry of assessment grades by teachers. As of the 2023/24 school year, 97.4% of schools had at least one computer and the teacher-computer ratio had improved to 2:1, though only around a third of schools reported actively using ICT in teaching and learning, and just under two-thirds had internet connectivity. From October 2025, a new mobile attendance application (Karame) began rolling out nationally, reaching 2,371 schools across 22 districts by December 2025, allowing teachers to record daily attendance digitally and enabling early identification of pupils at risk of dropping out, as part of the government's Zero Out-of-School Children initiative. Daily attendance recording is transitioning from paper logs to this digital tool but has not yet reached full national coverage, and some schools report data-matching issues during the transition. Connectivity gaps and device shortages remain barriers in some rural schools, but the overall direction is towards digital data capture with residual paper use during the transition period.",
SDN,Sudan,Rural Digitalisation,Status of digitalisation of records in rural facilities,Police,Status,The status of digital data capture in rural police stations,1,Entirely paper,,"No evidence found of digital case management, incident reporting, or record-keeping systems in Sudanese police stations, including rural ones. Extensive searches across US State Dept human rights reports, UK CPIN, UNODC, police websites (moi.gov.sd, sudanpolice.net), and queries on police IT systems yielded no mentions of digital tools for core police functions like case files or complaints. Police operations described involve manual detention procedures (e.g., 24-hour holds) and physical abuse for confessions, consistent with paper-based processes typical in low-resource African contexts. Ongoing conflict has disrupted infrastructure, but pre-conflict reports (e.g., Afrobarometer) highlight police unprofessionalism without digital references. Official sites show some e-services (vehicle lookup), but not operational records. Rural facilities likely rely entirely on paper, as no digitization pilots or systems noted.",rural-police-status,2,https://www.state.gov/wp-content/uploads/2024/02/528267_SUDAN-2023-HUMAN-RIGHTS-REPORT-1.pdf;https://assets.publishing.service.gov.uk/media/679b68026bb4c44f0805e7c4/SDN+CPIN+-+Security+situation.pdf;https://moi.gov.sd;https://www.sudanpolice.net;https://www.afrobarometer.org/publication/ad984-amid-growing-insecurity-sudanese-see-lack-of-police-professionalism/,5,Low,no_year,No data year recorded - must be populated during verification.,,https://eastpublication.com/index.php/ejhs/article/view/37;https://www.state.gov/wp-content/uploads/2024/02/528267_SUDAN-2023-HUMAN-RIGHTS-REPORT-1.pdf;https://assets.publishing.service.gov.uk/media/679b68026bb4c44f0805e7c4/SDN+CPIN+-+Security+situation.pdf;https://www.afrobarometer.org/publication/ad984-amid-growing-insecurity-sudanese-see-lack-of-police-professionalism/,"Original cited sources (state.gov, UK CPIN, moi.gov.sd, sudanpolice.net, Afrobarometer) were checked and remain relevant; moi.gov.sd and sudanpolice.net offer only limited public e-services (e.g. vehicle look-up), with no evidence of case-management digitisation. A fresh search surfaced a February 2025 study of information systems within North Kordofan State Police (El Obeid), which confirms the existence of administrative information systems at a state-capital level but does not evidence digital data capture at rural stations, and is not itself an authoritative confirmation of rural facility status. No authoritative source describing digital record-keeping in rural Sudanese police stations was found; the civil war since April 2023 has further degraded state capacity across much of rural Sudan. Score of 1 (Entirely paper) confirmed.",2025,medium,"Rural police stations in Sudan continue to rely entirely on paper-based record-keeping for case files, incident reports and detention logs. No evidence exists of digital case management or record-keeping systems at rural facilities; official police portals (moi.gov.sd, sudanpolice.net) offer limited public e-services such as vehicle look-up but do not extend to operational case data. A 2025 study of administrative information systems in North Kordofan State Police relates to a state-capital administrative unit rather than rural stations, and does not evidence facility-level digitisation. Human rights and security reporting describe manual, paper-based detention and case-handling procedures. The ongoing civil war since April 2023 has further disrupted infrastructure and state capacity across much of rural Sudan, making near-term digitisation of rural police record-keeping unlikely.",
SDN,Sudan,Rural Digitalisation,Status of digitalisation of records in rural facilities,Registry,Status,The status of digital data capture in rural civil registry offices,1,Entirely paper,,"Rural registry offices in Sudan predominantly use paper-based processes for birth registration at point-of-service. Parents or health workers submit paper notices of birth (from hospitals or midwives for home births, common in rural areas) to local civil registry centers, where events are recorded manually before electronic transmission to regional and central databases. The 2011 Civil Registration Act and electronic civil registry enable national digital aggregation with biometrics and national ID numbers, but rural point-of-service remains paper-default, as evidenced by 2012 CRC4D report calling for ICT replacement of paper systems and 2023 Landinfo report noting lower coverage in rural/peripheral areas (<50% in Darfur vs. urban 89%). Mobile units aided mass registration including remote areas, but no evidence of routine digital tools (e.g., tablets, real-time entry) at most rural facilities; ECA report confirms electronic transmission from local but not full district-wide digital business processes. Recent plans like SudaPass (2025) indicate ambition but not rural implementation. Barriers: low density requiring 23k offices, conflict/insecurity (Darfur, Kordofan), poverty, distance, poor infrastructure, home births. National policy aims for digital population register, but rural reality lags with paper at facilities and aggregation higher up.",rural-registry-status,4,https://www.crc4d.com/downloads/2012-02-promoting-birth-registration-in-sudan.pdf;https://landinfo.no/wp-content/uploads/2023/03/Report-Sudan-Civil-Registration-ID-documents-and-passports-03032023.pdf;https://apai-crvs.uneca.org/sites/default/files/resourcefiles/Digitalization%20of%20Civil%20Registration%20and%20Vital%20Statistics%20in%20Africa.pdf,3,Low,no_year,No data year recorded - must be populated during verification.,2,https://landinfo.no/wp-content/uploads/2023/03/Report-Sudan-Civil-Registration-ID-documents-and-passports-03032023.pdf;https://www.unicef.org/sudan/stories/q-and-what-birth-registration-why-it-important-children-sudan;https://apai-crvs.uneca.org/sites/default/files/resourcefiles/Digitalization%20of%20Civil%20Registration%20and%20Vital%20Statistics%20in%20Africa.pdf;https://www.crc4d.com/downloads/2012-02-promoting-birth-registration-in-sudan.pdf,"The Landinfo report (fetched and read in full) describes Sudan's civil registry as centralised, electronic and biometric since the 2011 Civil Registration Act, with registration offices - reached via more than 1,000 mobile units specifically deployed to extend coverage to rural populations - required to capture applicants' fingerprints and photograph electronically at the point of registration for the national identity number underpinning ID cards and passports. This is genuine digital data capture at facility level for the ID/civil-registration function, not merely later digitisation of paper records, which the original score of 1 (Entirely paper) did not credit. Birth notification itself, however, remains paper-based (a paper 'notice of birth' from hospital or midwife) before being brought to a registry office, and rural/peripheral coverage (e.g. Darfur, under 50%) lags urban areas (89%) per Landinfo/MICS data. On balance this supports 2 (Mostly paper - some digital) rather than 1. The Landinfo evidence describes the pre-war system (as of 2021-2023); the civil war since April 2023 has disrupted registration infrastructure in conflict-affected states, so current practice may have degraded from this baseline. Given this genuine uncertainty about whether the promotion holds under current wartime conditions, this row is flagged for human review rather than asserted with confidence.",2023,medium,"Digital data capture at rural civil registry offices in Sudan is mixed. For national identity registration, the centralised, biometric civil registry established under the 2011 Civil Registration Act requires applicants to have their fingerprints and photograph captured electronically at the point of registration, with more than 1,000 mobile registration units historically deployed to extend this service to rural areas. Birth registration, by contrast, typically begins with a paper notice of birth issued by a hospital or midwife, which parents must bring to a registry office before an electronic record and certificate are produced; rural and peripheral areas such as Darfur show markedly lower registration coverage than urban centres. Registry offices therefore combine paper-originated notification with subsequent electronic biometric capture and central-database entry, consistent with a mostly-paper, partly-digital process. The civil war since April 2023 has disrupted registration services and infrastructure across much of the country, particularly in conflict-affected states, which may have reduced the digital component of this process below its pre-war baseline.",human_review
SDN,Sudan,Rural Digitalisation,Status of digitalisation of records in rural facilities,School,Status,The status of digital data capture in rural primary schools,1,Entirely paper,,"Rural primary schools in Sudan predominantly use paper-based systems for recording attendance, enrollment, and grades. EMIS operates at an 'emerging' stage per SABER, centrally coordinated with minimal school-level digital exchange; data lags 12-14 months, implying manual collection at facilities and later aggregation. Only ~50% primary schools have electricity, rare internet/computers in rural areas (66% population rural). UNESCO review notes outdated yearly books (paper-implied) and rapid paper surveys; no evidence of digital tools at rural school level. World Bank highlights EMIS strengthening needs, low ICT readiness. Pilots/digital aggregate reporting do not reach facility recording.",rural-school-status,3,https://sudan.un.org/sites/default/files/2019-10/Sudan%20Education%20Policy%20Review%20UNESCO.pdf;https://documents1.worldbank.org/curated/en/099306006222242031/pdf/P1752420c94e4c060080100d5e6fa9f82c8.pdf;https://sabapub.com/index.php/tts/article/download/642/329,3,Low,no_year,No data year recorded - must be populated during verification.,,https://www.globalpartnership.org/node/document/download?file=document%2Ffile%2F2025-07-annual-progress-report-gpe-system-capacity-grant-sudan.pdf;https://www.globalpartnership.org/node/document/download?file=document%2Ffile%2F2025-09-program-document-system-transformation-grant-sudan.pdf;https://www.sabapub.com/index.php/tts/article/download/642/329/2677;https://sudan.un.org/sites/default/files/2019-10/Sudan%20Education%20Policy%20Review%20UNESCO.pdf,"Original UNESCO 2018 review and SABER-ICT study confirmed on re-reading: Sudan's EMIS remains rated at 'emergence level', centrally coordinated with minimal data exchange to individual schools, implying facility-level recording is manual. Fresh 2025 GPE documents confirm the 2023 conflict closed nearly 13,000 schools, disrupted the already paper-reliant, low-tech education system, and that a Transitional Education Plan (2025-2027) and an EMIS-strengthening/digital-mapping project (creating school-location shapefiles for approximately 26,000 schools) remain in early implementation as of 2025, with digital tools not yet reaching classroom-level data capture in rural schools. No evidence found of digital attendance, enrolment or grading capture at the rural school-facility level. Score of 1 (Entirely paper) confirmed.",2025,medium,"Rural primary schools in Sudan continue to record attendance, enrolment and grades on paper. The national Education Management Information System operates at an emerging level, coordinated centrally by the Ministry of Education with minimal digital exchange of data with individual schools, and pre-war data lagged by 12-14 months, implying facility-level records are compiled manually before aggregation. The conflict since April 2023 closed nearly 13,000 schools and left the great majority of school-age children out of formal education by 2025, further setting back any digitisation efforts. A Transitional Education Plan (2025-2027) and an EMIS-strengthening initiative, including digital mapping and shapefile creation for around 26,000 schools, are underway but remain at the planning, mapping and pilot stage, and have not yet introduced digital data capture tools at the rural school level. Limited electricity and internet access in rural areas (around 39% rural electrification) further constrain any facility-level digitisation.",
SDN,Sudan,Rural Digitalisation,Status of digitalisation of records in rural facilities,Clinic,Status,The status of digital data capture in rural primary healthcare clinics,2,Mostly paper -  some digital,,"Rural primary healthcare clinics in Sudan predominantly use paper-based registers and forms for patient data recording at point of service, with 11-13 monthly reporting forms per facility burdening health workers where no statisticians are present. Aggregate data is manually compiled on paper/Excel at facilities, submitted to locality offices, and entered into national DHIS2 at state/locality levels (76% locality coverage, 64% facility reporting rate as of 2020, lower in rural/fragile states). No evidence of widespread EMR or DHIS2 use at rural clinics for individual patient records; digital systems limited to aggregate HMIS reporting upward.WHO EMRO HIS Assessment 2020 Recent pilots include mobile telemedicine (2025), IConnect telehealth with EMR support rolled out to 400 facilities (from pilot in 6), and a survey claiming 65% EMR adoption in unspecified rural facilities (potentially donor-linked).UNICEF digital innovations; Zenodo survey Key barriers: lack of electricity/internet/IT equipment in rural areas, staffing shortages, conflict/insecurity, parallel vertical paper systems.WHO EMRO HIS Assessment 2020 National ambition for integrated DHIS2 contrasts with rural paper reality, where pilots do not yet represent majority practice amid ongoing war disrupting services (70-80% facilities non-operational in some areas).",rural-clinic-status,1,https://applications.emro.who.int/docs/9789290229681-eng.pdf;https://sudan.un.org/en/301575-rebuilding-sudan%E2%80%99s-health-system-through-digital-innovations;https://zenodo.org/records/18917536,3,Low,no_year,No data year recorded - must be populated during verification.,,https://doi.org/10.59992/ijci.2025.v4n12p2;https://www.who.int/publications/m/item/herams-sudan-baseline-report-2025-operational-status-of-the-health-system;https://doi.org/10.1093/inthealth/ihaf122;https://applications.emro.who.int/docs/9789290229681-eng.pdf,"Original WHO EMRO HIS Assessment 2020 was checked and remains broadly relevant background on the pre-war DHIS2/HMIS structure. Fresh 2025 sources confirm continuity: a December 2025 study on Sudan's health information system finds full reliance on paper records in most health facilities, with the exception of a very small number of private-sector facilities that use electronic recording limited to basic and financial information, and that DHIS2 routine reporting, post-war, covers only six states (Red Sea, River Nile, Northern, Gedaref, Kassala, partial White Nile/Gezira) - a marked contraction from pre-war coverage. A 2024-2025 pilot (EWARS Mobile) in Darfur shows facility staff first log suspected-disease cases on paper tally sheets before a surveillance officer submits weekly aggregate counts via a mobile app, a hybrid, partly-digital process consistent with 'mostly paper, some digital' at facility level, though this is disease surveillance rather than individual patient records. HeRAMS (2025) monitors facility operational status, not patient-level data capture. No evidence of majority EMR adoption in rural clinics; the earlier-cited 65% EMR adoption claim remains unverified and unconfirmed by more authoritative sources. Score of 2 (Mostly paper - some digital) confirmed.",2025,medium,"Rural primary healthcare clinics in Sudan predominantly use paper-based registers for patient data at the point of service. A December 2025 assessment finds that health facilities rely almost entirely on paper records, with only a very small number of largely urban, private-sector facilities using electronic recording, and that the national DHIS2 aggregate reporting system, which operates above facility level, now covers routine data collection in only six states following the disruption caused by the war since April 2023. Facility-level digital activity that does exist tends to be partial and pilot-based: for example, a mobile disease-surveillance tool rolled out across Darfur has clinic staff first record suspected cases on paper tally sheets before a surveillance officer submits weekly aggregated counts electronically. Persistent barriers include unreliable electricity and internet connectivity, damaged or non-operational facilities (an estimated 70-80% non-operational in the worst-affected conflict areas), and workforce displacement. This pattern is consistent with a status of mostly paper-based recording with some limited digital elements.",
SEN,Senegal,Rural Digitalisation,Status of digitalisation of records in rural facilities,Police,Status,The status of digital data capture in rural police stations,1,Entirely paper,,"Senegal's rural police stations, primarily handled by Gendarmerie brigades, record case files, complaints, and incident reports using handwritten procès-verbaux (PVs) as mandated by the Criminal Procedure Code. PVs are drafted ""sur le champ"" (on the spot), signed on each page, with no mention of digital tools; originals sent physically to prosecutors. Francophone standard PVs are paper-based. Recent digital initiatives (e.g., cybercrime reporting portal 2026, e-Senegal police clearances, AFIS for Gendarmerie) focus on online services and central systems, not frontline rural recording. No evidence of digital case logging at rural stations; procedures imply paper-first, possible later entry at higher levels. Score 1: entirely paper-based at rural facilities.",rural-police-status,2,https://justice.sec.gouv.sn/wp-content/uploads/2020/11/code-procedure-penal.pdf;https://www.state.gov/wp-content/uploads/2021/03/SENEGAL-2020-HUMAN-RIGHTS-REPORT.pdf;https://www.biometricupdate.com/202603/senegal-launches-digital-government-portal-to-ease-access-to-public-services;https://www.youtube.com/watch?v=gxWQajmfQaE,4,Low,no_year,No data year recorded - must be populated during verification.,2,https://lesoleil.sn/actualites/economie/digitalisation-des-amendes-forfaitaires-164-014-attestations-traitees-8419-millions-fcfa-collectes-par-les-forces-de-securite/;https://www.sentv.info/transparence-sur-les-routes-2-500-cameras-pietons-pour-encadrer-les-controles-annonce-bamba-cisse/;https://justice.sec.gouv.sn/wp-content/uploads/2020/11/code-procedure-penal.pdf,"Cited Criminal Procedure Code and Biometric Update source confirm PVs are paper-based and that recent digital initiatives (e-Senegal portal, cybercrime portal) are central/online services rather than frontline rural recording. A fresh search finds that since 2024 the Police and Gendarmerie have installed 50 'Points de Digitalisation des Amendes' (PDA) across 47 brigades nationwide (18 Gendarmerie, 29 Police), digitising the processing and payment of forfeitary traffic fines (Le Soleil, Jan 2025: 164,014 fines processed, 841.9m FCFA collected in 2024), with a February 2026 announcement extending this via body-worn cameras linked to digital fine-processing devices for both forces. This is a narrow function (traffic-fine processing only) rather than general case-file digitisation, but it constitutes genuine digital data capture at station/brigade level. Recalculated from 1 (Entirely paper) to 2 (Mostly paper - some digital); general case recording and PVs remain paper-based.",2025,medium,"Rural police and gendarmerie stations in Senegal record case files, complaints and procès-verbaux (PVs) by hand, as required under the Criminal Procedure Code; PVs are drafted on the spot, signed on each page, and the originals are sent physically to prosecutors. Since 2024, however, the Police and Gendarmerie have rolled out 50 'Points de Digitalisation des Amendes' across 47 brigades nationwide, enabling digital processing and online payment of forfeitary traffic fines, and a further expansion involving body-worn cameras linked to digital fine-processing devices is under way from 2026. This gives rural stations a genuine, if narrow, digital capability limited to traffic-fine processing, while general case recording remains paper-based, placing the facility in the 'mostly paper - some digital' category.",
SEN,Senegal,Rural Digitalisation,Status of digitalisation of records in rural facilities,Clinic,Status,The status of digital data capture in rural primary healthcare clinics,2,Mostly paper -  some digital,,"Rural primary healthcare clinics in Senegal, including health centers, posts, and huts, predominantly use paper-based registers for patient data recording at the point of service. Aggregate data from these facilities is compiled and entered into the national DHIS2 system at district or higher levels for reporting and analysis, but there is no evidence of routine electronic health records (EMR) or point-of-care digital entry in most rural facilities.Plan Stratégique Santé Digitale 2018-2023 Digital initiatives exist, such as pilots for electronic patient records in a few facilities (2 hospitals, 1 health center, 1 post as of 2025, covering 127k patients) and national programs like PDSS (Programme de Digitalisation du Système de Santé) supported by World Bank, targeting 20% EMR adoption in health centers by end-2025.WeAreTech Africa article;World Bank Digital Economy Project Key barriers include poor rural internet connectivity (only 51/1600 facilities connected baseline), unreliable power, lack of ICT-trained staff, high costs, and uneven health worker distribution.Plan Stratégique Santé Digitale 2018-2023 There is a significant gap between national ambitions (Digital Senegal 2025, PSSD for full interconnection) and rural reality, where paper remains default and digital is limited to pilots and aggregate reporting.",rural-clinic-status,1,https://www.sante.gouv.sn/sites/default/files/plsantedigitale.pdf;https://documents1.worldbank.org/curated/en/099050124114539720/pdf/P17252418e081d077193351132e1eeb0805.pdf;https://www.wearetech.africa/en/fils-uk/brief/brief-simple/senegal-launches-six-major-projects-for-electronic-records-telemedicine,3,Low,no_year,No data year recorded - must be populated during verification.,,https://www.wearetech.africa/en/fils-uk/news/tech/senegal-adopts-digital-health-policy-drafts-data-law;https://link.springer.com/article/10.1186/s12889-024-21241-x;https://pmc.ncbi.nlm.nih.gov/articles/PMC8722300/;https://www.sante.gouv.sn/sites/default/files/plsantedigitale.pdf,"Original sources (Plan Stratégique Santé Digitale 2018-2023, World Bank PAENS/digital economy project document, WeAreTech 2025 article) confirm paper-based recording at point of care with aggregate DHIS2 reporting compiled at higher levels. Fresh searches confirm this remains the case: a BMC Public Health study (Jan 2025) on health districts including rural Kédougou/Saraya describes routine data collection via paper registers with monthly aggregate entry into DHIS2 by trained head nurses (many providers untrained in DHIS2 entry), and a DHIS2 malaria data-quality study confirms data collection 'starting with paper-based data collection at the health hut/DSDOM level' feeding into monthly aggregate DHIS2 entry. A WeAreTech article (April 2025) confirms the World Bank-funded PAENS electronic patient record pilot covers only two hospitals, one health centre and one health post nationally (127k patients registered), with expansion to six more regions planned for 2025 - still a small fraction of the primary healthcare network. Score of 2 (Mostly paper - some digital) confirmed; no evidence supports a higher or lower score.",2025,medium,"Rural primary healthcare clinics (health posts, centres and huts) in Senegal record patient data on paper registers at the point of care. Aggregate figures are compiled monthly, typically by trained head nurses, and entered into the national DHIS2 system at facility or district level for reporting, rather than captured digitally in real time; many providers, particularly midwives, have not been trained to enter data directly into DHIS2. A World Bank-funded pilot (PAENS) has introduced electronic patient records in a small number of facilities - two hospitals, one health centre and one health post as of April 2025, covering around 127,000 patients - with plans to extend to further regions during 2025, but this remains a small-scale exception against a backdrop of paper-based recording, poor rural connectivity and limited ICT-trained staff. The facility-level status is best described as mostly paper with some digital elements.",
SEN,Senegal,Rural Digitalisation,Status of digitalisation of records in rural facilities,Registry,Status,The status of digital data capture in rural civil registry offices,2,Mostly paper -  some digital,,"Rural registry offices (in communautés rurales, ~70% of population) and village auxiliaries predominantly use paper-based recording, with village chiefs issued notebooks for vital events like births. Forms (e.g., Form No. 1) are provided at point of service, and low rural birth registration rates (~29%) reflect access barriers.GFF Data Portal Some digital exists: >100 centers computerized (out of 587 total, some rural), local servers for data entry/backup.UNECA CRVS Snapshot Pilots include RAPIDPRO mobile app for birth capture in Kolda region (southern rural).UNECA CRVS Snapshot Recent efforts: digitizing 20M+ historical records, new digital platform/mobile app launched (2025), secondary centers in remote rural areas, but legislation to enable full digital processes pending; rural-urban disparities persist.BiometricUpdate Barriers: infrastructure/electricity in remote areas (rainy season isolation), training, legacy paper systems (1972 Family Code). National ambition for e-CRVS outpaces rural point-of-service reality, where paper remains default except isolated pilots/donor projects; no evidence majority rural facilities routinely digital at capture.",rural-registry-status,4,https://apai-crvs.uneca.org/sites/default/files/resourcefiles/CRVS_SenegalSnapshot_e.pdf;https://www.biometricupdate.com/202506/chad-mali-senegal-pursue-birth-registration-reforms-to-close-gaps;https://www.child-identity.org/wp-content/uploads/2023/11/UNICEF-CHIP-Report-Senegal-EN.pdf,3,Low,no_year,No data year recorded - must be populated during verification.,,https://www.biometricupdate.com/202506/chad-mali-senegal-pursue-birth-registration-reforms-to-close-gaps;https://www.wearetech.africa/en/fils-uk/news/public-management/senegal-expands-digital-civil-registry-system-nationwide;https://apai-crvs.uneca.org/sites/default/files/resourcefiles/CRVS_SenegalSnapshot_e.pdf,"Original UNECA CRVS snapshot (2019 data) reporting >100 computerised civil registration centres out of 587, and paper notebooks used by village-level auxiliaries, is confirmed as still broadly applicable. Fresh searches show the picture persists into 2025-2026: at the ID4Africa 2025 AGM (June 2025), Senegal's National Civil Status Agency (ANEC) reported overall civil-event registration completeness of 91.2% but with a 'very big disparity' between rural and urban areas, and confirmed that draft legislation to formally enable digital civil-status procedures still awaits Council of Ministers/National Assembly approval, alongside a paper-register restoration programme (EUR 28m) for deteriorated archives. A May 2026 article confirms ANEC has digitised more than 19 million historical civil records by 2024 and has now partnered with the Caisse des Dépôts et Consignations to further roll out 'integrated management software' across civil registry centres nationwide, including remote/underserved areas, but frames this as an ongoing, not yet complete, modernisation. No source indicates rural point-of-capture recording has shifted to routinely digital; paper capture with a growing but partial digital layer (archival digitisation, pilot mobile tools such as RAPIDPRO in Kolda) remains the best-supported description. Score of 2 (Mostly paper - some digital) confirmed.",2026,medium,"Rural civil registry offices and village-level auxiliaries in Senegal predominantly record vital events, principally births, on paper, with village chiefs using notebooks that feed into municipal civil-status centres. The National Civil Status Agency (ANEC) has digitised more than 19 million historical civil records and, from May 2026, is partnering with the Caisse des Dépôts et Consignations to expand digital management software to civil registry centres nationwide, including remote and underserved areas, while draft legislation to formally enable digital civil-status procedures still awaits parliamentary approval. Pilot initiatives, such as the RAPIDPRO mobile application used in the Kolda region, support digital capture of birth notifications in some rural localities. Overall civil-event registration completeness stands at around 91%, but with a marked rural-urban gap, and paper remains the default recording method at rural facilities alongside a growing but still partial digital layer.",
SEN,Senegal,Rural Digitalisation,Status of digitalisation of records in rural facilities,School,Status,The status of digital data capture in rural primary schools,2,Mostly paper -  some digital,,"Senegal has a functioning national Education Management Information System (EMIS) called SIMEN, which produces reliable annual statistical yearbooks on enrollment, attendance, completion, and teacher data. Data flows from rural primary schools through district (IEF) and regional (IA) levels to central SIMEN, with schools using performance-based contracts (PBCs) for reporting. No evidence of direct digital entry at rural school level; collection likely paper-based at facilities (e.g., logs, registers), aggregated digitally at higher levels, consistent with decentralized structure and rural infrastructure challenges (limited internet/electricity). Recent pilots: DHIS2-based EMIS aggregate data in two districts since 2024 (GPE KIX project), digital hubs in 70 rural primary schools (2023+), but not nationwide rollout. World Bank PAPSE project (2022) strengthens SIMEN capacity but focuses on central improvements. Score 2: predominantly paper with some digital pilots/aggregate reporting.",rural-school-status,3,https://education.dhis2.org/implementation/senegal/;https://documents1.worldbank.org/curated/en/583961644420984807/pdf/Senegal-Improvement-of-Education-System-Performance-PAPSE-Project.pdf;https://www.worldbank.org/en/projects-operations/project-detail/P169916,3,Low,no_year,No data year recorded - must be populated during verification.,,"https://education.dhis2.org/implementation/senegal/;https://developmentgateway.org/wp-content/uploads/2024/06/WHITEpaperENG809.pdf;https://documents1.worldbank.org/curated/en/583961644420984807/pdf/Senegal-Improvement-of-Education-System-Performance-PAPSE-Project.pdf""","Original sources (DHIS2 Senegal implementation page, World Bank PAPSE project appraisal document) confirm SIMEN as the central EMIS with rural school data flowing through district/regional levels to the centre; the World Bank Project detail page (P169916) could not be re-fetched (dead link) so its content was verified via the PAPSE PAD instead. A 2024 Development Gateway research synthesis on education data-driven decision-making corroborates that 'matrices and questionnaires are sent from the centralised level to local authorities for completion, sometimes configured on tablets', but that 'limited connectivity at the school level means data is often input manually', consistent with predominantly paper-based capture at rural schools with some digital tools (tablets, SMS-based programmes) used in specific initiatives. The DHIS2-based EMIS pilot remains limited to two research districts since 2024 and produces aggregate, not facility-level point-of-care, data. No evidence found of a shift to majority-digital capture at rural primary school level. Score of 2 (Mostly paper - some digital) confirmed.",2024,medium,"Rural primary schools in Senegal report enrolment, attendance and teacher data through the national Education Management Information System (SIMEN), with data typically recorded on paper at school level - registers, logs and completed questionnaires - before being aggregated at district (IEF) and regional (IA) level and entered into SIMEN, sometimes using tablets supplied for statistical campaigns. Limited and unstable internet connectivity in rural schools means that, even where digital tools such as tablets are supplied, data entry is frequently completed manually rather than in real time. A DHIS2-based EMIS pilot launched in 2024 in two districts under the GPE KIX research project produces aggregate rather than facility-level data. The facility-level status is best described as mostly paper with some digital elements, consistent with wider infrastructure constraints, including limited electricity access and computer availability in many primary schools.",
SLE,Sierra Leone,Rural Digitalisation,Status of digitalisation of records in rural facilities,Police,Status,The status of digital data capture in rural police stations,1,Entirely paper,,"Rural police stations in Sierra Leone record criminal cases and complaints using entirely paper-based methods, such as occurrence books, dockets, and manual files stored in locked cabinets. No evidence of digital case management systems deployed at point-of-service in rural stations; the SLP's 2025-2029 Strategic Development Plan plans an e-Case Management System (baseline survey 2025, implementation 2026+), confirming current paper reliance and need to migrate from paper to digital for criminal records. Key barriers include inadequate electricity especially in rural areas (reliance on thermal generators, poor supply), insufficient internet connectivity in most facilities, lack of computers/printers, and low ICT capacity. Recent digitizations (HR system 2025) and donations (media computers) are urban/regional or non-case related. National ambitions via SLDTP contrast with rural infrastructure gaps, keeping point-of-service recording manual.",rural-police-status,2,https://www.undp.org/sites/g/files/zskgke326/files/2025-04/police_strategy_booklet_29th_jan-2025.pdf;http://advocaidsl.org/wp-content/uploads/2019/04/AdvocAid-Police-Complaints-Manual_final.pdf;https://pmc.ncbi.nlm.nih.gov/articles/PMC8855303/,3,Low,no_year,No data year recorded - must be populated during verification.,,https://www.undp.org/sites/g/files/zskgke326/files/2025-04/police_strategy_booklet_29th_jan-2025.pdf; https://ayvnews.com/dsti-police-partner-to-digitise-human-resource-processes/; https://idtlabs.xyz/making-the-justice-app-expediting-justice-in-sierra-leone/,"Confirmed. The Sierra Leone Police (SLP) Strategic Development Plan 2025-2029 (January 2025) explicitly sets out a goal to ""transition from a paper-based to a digital records management system"" and to deploy an e-Case Management System, with a baseline survey in 2025 and implementation from 2026 - this future framing confirms that paper-based recording is still current practice. A July 2025 DSTI-SLP initiative to digitise Human Resource processes targets personnel/payroll records rather than case or complaint data, and itself confirms manual processes still dominate SLP administration. The AdvocAid police complaints manual could not be refetched (timeout) but is a procedural guide rather than evidence of technology deployed. No source found describing digital case recording in rural police stations. Score confirmed at 1 = Entirely paper.",2025,high,"Rural police stations in Sierra Leone record criminal cases and complaints entirely on paper, using occurrence books, dockets and manually filed dossiers stored in locked cabinets. The Sierra Leone Police's 2025-2029 Strategic Development Plan sets out plans to move from paper-based records to a digital records management system, including an e-Case Management System, with a baseline survey in 2025 and implementation from 2026, which confirms that paper remains the current default at the point of service. Barriers include inadequate and unreliable electricity, limited internet connectivity, a shortage of computers and printers, and low ICT capacity among station staff, particularly in rural areas. A 2025 initiative to digitise the police's Human Resource processes addresses personnel and payroll administration rather than case or complaint recording. No evidence indicates that rural stations use digital tools for capturing case data at point of service.",
SLE,Sierra Leone,Rural Digitalisation,Status of digitalisation of records in rural facilities,School,Status,The status of digital data capture in rural primary schools,1,Entirely paper,,"Rural primary schools in Sierra Leone record administrative data such as attendance, enrolment, and learning outcomes predominantly using paper registers and forms. For the Annual School Census (ASC), school heads pre-fill paper questionnaires, which enumerators then digitize using SurveyCTO tablets during visits, verifying on-site headcounts. No evidence found of routine digital tools (e.g., tablets, apps) at rural schools for point-of-service recording; EMIS serves as a national repository for aggregated ASC data, not real-time school-level use.Annual School Census Report 2022Annual School Censuses 2023-2024 In rural areas, QAOs often skip full verification due to remoteness, and connectivity limits uploads; headteachers lack IT skills for digital entry.Sightsavers EMIS Mapping Pilots like SLEAMS (2020, 43 schools) and recent tablet rollouts (e.g., Wi De Ya for attendance, One Tablet per School) exist but are isolated/district-level, not majority rural adoption. Barriers include poor electricity (85% primary schools lack), low connectivity (91% no internet), untrained staff, and infrastructure gaps, especially rural. National ambitions (e.g., NDLS 2025-2030, EMIS strengthening) focus on aggregation/policy, not point-of-service digitalisation in rural facilities, creating a gap where paper remains default.",rural-school-status,3,https://mbsse.gov.sl/wp-content/uploads/2023/07/Annual-School-Census-Report_2022.pdf;https://mbsseknowledgeplatform.gov.sl/wp-content/uploads/2024/11/Annual-School-Censuses-2023-and-2024-Draft-Report.pdf;https://research.sightsavers.org/wp-content/uploads/2022/11/2211_Sightsavers-mapping-the-existing-emis-system-in-sierra-leone.pdf,3,Low,no_year,No data year recorded - must be populated during verification.,,https://mbsse.gov.sl/wp-content/uploads/2023/07/Annual-School-Census-Report_2022.pdf; https://mbsseknowledgeplatform.gov.sl/wp-content/uploads/2024/11/Annual-School-Censuses-2023-and-2024-Draft-Report.pdf; https://www.wideya.org/en/faqs; https://cgatechnologies.org.uk/sites/default/files/2024-04/WDY%20Final%20Project%20report%202022-23%20vf.pdf,"Confirmed. The Wi De Ya (One Tablet Per School) FAQ page confirms only around 300 primary schools nationwide are using the tablet-based attendance app ""ahead of a national rollout ... expected soon"", with the planned 1,500- and 4,000-school scale-up phases still unprocured as of the 2022/23 project report and unconfirmed as of a June 2024 update. This is roughly 3% of government primary schools, so digital point-of-service capture remains the exception rather than the norm in rural schools. The Annual School Census is digitised only at enumerator level (via SurveyCTO tablets used by visiting staff), not through routine use by the schools themselves. The Sightsavers EMIS mapping report could not be re-fetched in full but its finding of isolated, non-scaled pilots is corroborated by the more recent Wi De Ya sources. Score confirmed at 1 = Entirely paper.",2024,high,"Rural primary schools in Sierra Leone record attendance, enrolment and administrative data almost entirely on paper registers and forms. For the Annual School Census, school heads complete paper questionnaires which visiting enumerators subsequently digitise using tablets; this digitisation occurs at the point of data collection by external enumerator staff, not through routine digital tools used by the school itself. The Wi De Ya (One Tablet Per School) attendance-monitoring app, which does provide tablets to school leaders for daily digital recording of teacher and pupil attendance, remains limited to around 300 of several thousand government primary schools nationally, with planned expansion to 1,500 and then 4,000 schools not yet procured. Barriers to wider digitisation include poor or absent electricity (most acute in primary schools), very low internet connectivity, and limited digital literacy among headteachers. Paper therefore remains the default method of data capture in the great majority of rural primary schools.",
SLE,Sierra Leone,Rural Digitalisation,Status of digitalisation of records in rural facilities,Clinic,Status,The status of digital data capture in rural primary healthcare clinics,2,Mostly paper -  some digital,,"Rural primary healthcare clinics (PHUs) in Sierra Leone predominantly use paper-based recording for patient data, including forms HF1-HF9 for aggregate service reporting to NHMIS/DHIS2 and paper patient files at point-of-care. A 2022 survey of 55 rural facilities found majority use 1-2 digital tools, mainly DHIS2/eIDSR for aggregate/weekly disease surveillance reporting via tablets/mobile (not individual patient records), with no EMR or patient registries in use; individualized longitudinal data not exchanged.JMIR Formative Research. Digital surveillance rolled out nationwide to 1500+ facilities by 2019, with >95% timeliness/completeness via mobile apps, but limited to epidemiological data.WHO AFRO. Isolated EMR pilots exist (e.g., GOPA-GIZ in 2 rural PHUs in Kambia/Port Loko; planned QEHSSSP hub-spokes in select rural districts), but no nationwide scaling; paper remains default due to infrastructure gaps (power, connectivity).Sierra Leone Digital Health Roadmap 2024-2026. Key barriers: poor electricity/internet in rural areas (50% districts off-grid), hardware shortages, low digital literacy. National ambitions (e.g., DHIS2, strategies) focus on aggregate/surveillance, not point-of-care patient records, creating gap with rural paper reality.",rural-clinic-status,1,https://pmc.ncbi.nlm.nih.gov/articles/PMC9233249/;https://www.afro.who.int/countries/sierra-leone/news/sierra-leone-sustains-digital-health-gains-through-nationwide-health-facility-device-troubleshooting;https://mohs.gov.sl/download/68/digital-health/18150/sierral-leone-digital-health-roadmap-2024-2026-2.pdf,3,Low,no_year,No data year recorded - must be populated during verification.,,https://www.afro.who.int/countries/sierra-leone/news/sierra-leone-sustains-digital-health-gains-through-nationwide-health-facility-device-troubleshooting; https://mohs.gov.sl/download/68/digital-health/18150/sierral-leone-digital-health-roadmap-2024-2026-2.pdf; https://thedocs.worldbank.org/en/doc/0273f33ab6ee48c5d842108b9b55c789-0140022025/related/National-Health-Compact-Sierra-Leone.pdf,"Confirmed. WHO AFRO article (27 June 2025) confirms the eIDSR (DHIS2-based) mobile reporting system operates across 1,500+ facilities for weekly aggregate disease-surveillance reporting, with facility submission rates around 85% following a 2025 maintenance exercise; this is aggregate epidemiological data, not individual patient records. The Sierra Leone National Digital Health Roadmap 2024-2026 notes point-of-care EMR deployment is ""on the increase"" but describes isolated donor-supported pilots (e.g. GOPA-GIZ in Kambia/Port Loko), not nationwide coverage. The Sierra Leone National Health Compact (World Bank, 2025-2026) sets a target of extending EMR ""to all health facilities by 2030"", confirming this has not yet been achieved. The original PMC article (PMC9233249) could not be re-fetched (bot-check blocked) but its 2022 finding of limited digital tools used mainly for aggregate/surveillance reporting is corroborated by these more recent sources. Score confirmed at 2 = Mostly paper - some digital.",2025,high,"Rural primary healthcare clinics (PHUs) in Sierra Leone predominantly record patient care on paper, using forms and paper patient files at the point of care, while digital tools are mainly used for aggregate reporting rather than individual patient records. The nationwide electronic Integrated Disease Surveillance and Response (eIDSR) system, a DHIS2-based mobile application, is deployed across more than 1,500 facilities and used for weekly aggregate epidemiological reporting, with facility submission rates around 85% as of mid-2025, but this captures surveillance statistics rather than individual patient histories. Electronic medical record deployment exists only through isolated donor-supported pilots in a small number of districts. The government's National Health Compact and Digital Health Roadmap both set the extension of EMR to all health facilities as a target for 2030, confirming that nationwide point-of-care digitisation has not yet occurred. Constraints include unreliable electricity and internet access in roughly half of districts, hardware shortages, and low digital literacy among health workers, meaning paper remains the primary medium for patient records in rural clinics, supplemented by some digital reporting tools.",
SLE,Sierra Leone,Rural Digitalisation,Status of digitalisation of records in rural facilities,Registry,Status,The status of digital data capture in rural civil registry offices,2,Mostly paper -  some digital,,"Rural birth registration in Sierra Leone occurs primarily at 1,300 health facilities by 2,600 health workers via MoH memorandum, at chiefdom/community level.UNECA CRVS Snapshot Registration is mostly paper-based; computers only in urban centers, not rural health facilities or chiefdom registries.UNECA CRVS Snapshot NCRA plans expansion but assessments show rural not ready. Digital efforts: national eCRVS upgraded, NIN enrollment ~90%, biometric IDs piloted.ID4Africa PDF 2021 pilot training on mobile app for birth notification in Western Rural health units (outsourced app stores data directly to NCRA).NCRA Training Similar trainings elsewhere, but no evidence of routine point-of-service digital recording in most rural facilities—paper default, digital for aggregate/national.World Bank Blog Barriers: electricity, connectivity, no computers, costs (digital ID 7x paper).The Conversation National ambition (NCRA Act 2016 enables e-systems, 90% coverage) vs rural reality: pilots/donor apps in isolated districts, majority paper at point-of-service (score 2).",rural-registry-status,4,https://apai-crvs.uneca.org/sites/default/files/resourcefiles/CRVS_SierraLeoneSnapshot_e.pdf;https://ncra.gov.sl/ncra-trains-health-workers-in-the-western-rural-district-on-births-and-deaths-registration-procedures-using-simple-mobile-app/;https://id4africa.com/2024/ps2/PS2-3-Sierra-Leone-Final.pdf,3,Low,no_year,No data year recorded - must be populated during verification.,,https://www.biometricupdate.com/202506/sierra-leone-reaches-93-percent-national-id-coverage-80-percent-services-digitized; https://sierraloaded.sl/news/mp-decentralization-ncra-rural-access/; https://sierraloaded.sl/local/ncra-chairman-fully-decentralize-services/; https://apai-crvs.uneca.org/sites/default/files/resourcefiles/CRVS_SierraLeoneSnapshot_e.pdf,"Confirmed with updated sourcing. NCRA's Deputy Director of ICT stated at ID4Africa 2025 (reported by Biometric Update, 5 June 2025) that ""over 80 percent"" of NCRA services are digitised nationally, but also that only around 30% of historic paper records have so far been linked into the digital system, with 70% still requiring digitisation - indicating a substantial ongoing paper legacy. Concurrent 2025 reporting (August-September 2025) shows an MP, community leaders and District Registration Officers publicly lobbying the NCRA Board to decentralise registration services to chiefdom level, stating services remain concentrated at District Headquarters and rural residents must travel long distances to register - indicating that full digital-capture registry offices are not yet present in most rural/chiefdom locations, even though a national digital backend (eCRVS) and mobile registration kits exist for outreach. The original NCRA training source on the Western Rural district mobile-app pilot could not be re-fetched (403 error) but is consistent with a limited-scale pilot rather than routine rural coverage. Score confirmed at 2 = Mostly paper - some digital.",2025,high,"Civil registration in rural Sierra Leone continues to rely substantially on manual, paper-based processes at the point of service, even though the National Civil Registration Authority (NCRA) has digitised much of its central system and reports that over 80% of its services are now digitised nationally as of mid-2025. Around 30% of historic paper records have so far been linked into the digital system, with the remaining 70% still to be digitised, reflecting a large legacy paper base. Registration services and National ID issuance remain concentrated mainly at District Headquarters, and throughout 2025 community leaders, parliamentarians and district registration officers have publicly called on the NCRA to decentralise services to chiefdom level, citing the long distances rural residents must travel to register vital events or obtain identity documents. Mobile registration kits and outreach campaigns, including birth-notification pilots using a simple mobile application at health facilities, extend some digital capture into rural areas, but these remain targeted initiatives rather than standard practice at most rural registry points, where paper forms and manual processes still predominate.",
SOM,Somalia,Rural Digitalisation,Status of digitalisation of records in rural facilities,Police,Status,The status of digital data capture in rural police stations,1,Entirely paper,,"Rural police stations in Somalia predominantly use paper-based records such as occurrence books (OB)/station diaries, crime registers, lost property registers, lock-up registers, and prisoners property registers, as per Somali Police Basic Recruit Curriculum from UNSOM, which trains on 'police books and forms' without mentioning digital tools. Official Somali Police site notes UNODC-supported digital crime statistics system populated with 'reported data' from police across Somalia (including rural posts), implying aggregation from paper at higher levels rather than direct digital entry at stations. Recent IECMS (Oct 2025) launch replaces historical paper-based processes but targets CID, prosecutors, courts, prisons—not routine station case files; rural rollout unlikely given fragmented infrastructure and calls for centralized systems. Prisons still paper-based per reports; similar for rural police. No rural-specific digital pilots found; score 1 as broad evidence points to paper at facility level.",rural-police-status,2,https://police.gov.so/data-statistics/;https://sonna.so/en/somalia-launches-groundbreaking-electronic-case-management-system-to-revolutionize-justice-sector/;https://unsom.unmissions.org/sites/default/files/basic_recruit_curriculum_brc_v31.pdf;https://www.unodc.org/documents/commissions/CCPCJ/CCPCJ_Sessions/CCPCJ_31/TD_presentations/UNODC_Somalia_Elena_JULVE_session_1_PM.pdf,4,Low,no_year,No data year recorded - must be populated during verification.,,https://sonna.so/en/somalia-launches-groundbreaking-electronic-case-management-system-to-revolutionize-justice-sector/;https://police.gov.so/data-statistics/;https://unsom.unmissions.org/sites/default/files/basic_recruit_curriculum_brc_v31.pdf,"Confirmed score 1. Verified cited sources: police.gov.so page and the UNSOM Basic Recruit Curriculum both support paper-based station-level record-keeping, with national crime statistics aggregated from reported (paper) data. Fresh search found Somalia's Justice Sector Integrated Electronic Case Management System (IECMS), launched in Mogadishu on 9 October 2025, but this explicitly covers the Criminal Investigation Department, Prosecutor's Office, courts and prisons, not routine rural police-station record capture. A Puntland regional CID information-system upgrade (EUCAP Somalia support) likewise targets CID data flows to headquarters rather than station-level paper registers. No evidence was found of digital data capture at the point of service in rural police stations. Score confirmed at 1.",2025,medium,"Rural police stations in Somalia continue to rely on paper-based record-keeping, including occurrence books, station diaries, crime registers, lost-property registers and prisoners' property registers, in line with the training given in the Somali Police Force's Basic Recruit Curriculum, which covers 'police books and forms' with no reference to digital tools. The Somali Police Force publishes national crime statistics compiled from data reported by police stations across the country, indicating aggregation from paper records rather than direct digital entry at station level. Somalia's new Justice Sector Integrated Electronic Case Management System (IECMS), launched in Mogadishu in October 2025 with US government and IDLO support, digitises case files for the Criminal Investigation Department, Prosecutor's Office, courts and prisons, but does not extend to routine record-keeping in rural police stations. IT upgrades in regional Criminal Investigation Department offices, such as those supported by EUCAP Somalia in Puntland, likewise focus on CID data flows rather than station-level paper registers. Data capture at the point of service in rural police stations therefore remains entirely paper-based.",
SOM,Somalia,Rural Digitalisation,Status of digitalisation of records in rural facilities,School,Status,The status of digital data capture in rural primary schools,1,Entirely paper,,"Rural primary schools in Somalia predominantly use paper-based recording for administrative data, attendance, and learning outcomes. According to the 2018 World Bank EMIS report, data collection relies on enumerators visiting ~1,300 schools (75% coverage, including rural) with printed 13-page census questionnaires filled out on paper; schools provide info verbally or on paper, with no federal digital tools at point-of-service. Forms are aggregated manually at regional/state levels before central digital entry into PINEAPPLES software. State variations exist (e.g., some Galmudug rural head teachers upload online), but federal/national picture shows paper default. The MoECHE 2020 Yearbook claims head teachers enter data via online EMIS, but lacks methodological details distinguishing rural paper vs digital and aligns with prior paper-upward model; remote rural data hard to verify due to access/security. Digital pilots like UNICEF/World Vision Digital Attendance App (DAA) limited to 3 schools in Puntland (urban Garowe?), needing $100k to scale; not representative of rural majority. Barriers: insecurity limiting rural access, low incentives for non-state schools (majority), poor infrastructure/power/mobile data in rural/nomadic areas, staff shortages, no universal devices/training. National ambition for decentralized EMIS (ESSP 2018-20, recent policy) contrasts with rural reality of annual paper censuses and sporadic records; no evidence majority rural schools routinely use digital at point-of-service (score 1). World Bank EMIS Report; MoECHE 2020 Yearbook; DAA Pilot",rural-school-status,3,https://documents1.worldbank.org/curated/en/317341555399356772/pdf/Status-of-Education-Management-Information-System.pdf;https://moe.gov.so/wp-content/uploads/2022/06/Education-Statistics-2020.pdf;https://www.responseinnovationlab.com/updates/behind-the-digital-attendance-app-pilot-in-somalia,3,Low,no_year,No data year recorded - must be populated during verification.,2,https://www.globalpartnership.org/blog/somalia-better-data-management-system-improving-education;https://documents1.worldbank.org/curated/en/317341555399356772/pdf/Status-of-Education-Management-Information-System.pdf;https://www.responseinnovationlab.com/updates/behind-the-digital-attendance-app-pilot-in-somalia;https://moe.gov.so/wp-content/uploads/2022/06/Annual-Statisitics-Yearbook-2021-Final.pdf,"Original score of 1 (Entirely paper) reassessed. Verified sources: the World Bank EMIS status report (based on c.2018 data) and the Ministry of Education's Annual Statistics Yearbook confirm paper-based annual census collection with manual aggregation upward, particularly from rural areas. A fresh search found a Global Partnership for Education blog (February 2024) describing a CARE International Somalia programme in which headteachers such as 'Abdi', at a GPE-ESPIG-supported school, now enter student and teacher data directly into the online EMIS themselves rather than filing paper records, corroborating the original comment's note that 'some Galmudug rural head teachers upload online' alongside the UNICEF/World Vision Digital Attendance App pilot in Puntland. A 2023 GPE sector review still finds EMIS 'limited in geographic/subsector coverage', so paper remains the majority practice, but the evidence of multiple, if scattered, instances of direct digital data entry at rural facility level is inconsistent with 'Entirely paper' and better matches 'Mostly paper - some digital'. Revised to 2.",2024,medium,"Rural primary schools in Somalia predominantly rely on paper-based record-keeping for enrolment, attendance and administrative data, with annual school census data collected on paper questionnaires by enumerators and aggregated upward before entry into the national Education Management Information System (EMIS). A Global Partnership for Education-funded programme implemented by CARE International Somalia has, however, trained headteachers in GPE-supported schools, including in rural areas, to enter student and teacher data directly into the online EMIS themselves, replacing manual paper filing at school level. Similar isolated digital pilots include head teachers uploading data online in Galmudug and a Digital Attendance App piloted in a small number of Puntland schools. These pockets of direct digital data capture remain a minority nationally: the Ministry of Education's Annual Statistics Yearbook and a 2023 sector review both note that EMIS coverage and capacity remain geographically limited, with rural schools continuing to face significant reporting gaps. Data capture in rural primary schools is therefore best characterised as mostly paper-based with pockets of direct digital entry.",
SOM,Somalia,Rural Digitalisation,Status of digitalisation of records in rural facilities,Clinic,Status,The status of digital data capture in rural primary healthcare clinics,2,Mostly paper -  some digital,,"Rural primary healthcare clinics in Somalia predominantly record patient data using standardized paper registers (12 types covering OPD, IPD, immunization, MCH, etc.), with monthly aggregated summary forms sent to district HMIS officers for entry into the national DHIS2 system.WHO HIS Assessment Although DHIS2 enables direct entry via computer/tablet, in practice most facilities—including rural primary health units and health centres—use paper at point-of-service, as confirmed by 2022 field visits to rural sites like Dayah HC (Galmudug).WHO HIS Assessment No nationwide EMR exists; WHO eHealth profile indicates N/A EHR adoption at primary facilities.WHO eHealth Profile Digital pilots include OGOW app (Puntland vaccinations via tablets), IDSR tracker (2023), electronic immunization registry, and donor projects like CaafimaadPlus C+ DDS (Ogow Health, live in 43 south-central facilities incl. rural since 2024 for patient records/dashboard), RAAD EMR (scaling to 40 clinics).ReliefWeb CaafimaadPlus These are isolated, partner-funded, not scaled as standard across most rural clinics. Barriers: Limited rural electricity/internet/devices, HMIS officer shortages (58-70% districts lack), staff multi-tasking (95%), conflict/displacement, donor fragmentation.WHO HIS Assessment National policy (HIS strategy, EPHS) aims for EMR/digital HIS (2023-26), but rural PoS remains paper-dominant with digital limited to aggregation/pilots—clear gap between ambition and reality.",rural-clinic-status,1,https://applications.emro.who.int/docs/9789292742188-eng.pdf;https://www.emro.who.int/images/stories/ehealth/documents/somalia-ehealth-country-profile.pdf;https://reliefweb.int/report/somalia/digital-health-somalia-game-changer-humanitarian-crisis-response,3,Low,no_year,No data year recorded - must be populated during verification.,,https://caafimaad-plus.org/partnering-for-a-data-driven-somali-health-system/;https://dhis2.org/unicef-and-hisp-uio-expand-partnership-somalia/;https://doi.org/10.1177/14604582261428311;https://applications.emro.who.int/docs/9789292742188-eng.pdf,"Confirmed score 2. The WHO HIS assessment cited in the original comments, describing paper registers with monthly aggregation into DHIS2 at district level, is consistent with 'mostly paper - some digital'. Fresh search confirms continued scaling of point-of-service digital pilots: the CaafimaadPlus Digitalised Data System (C+ DDS), which began in mid-2024 in five facilities, had by April 2026 expanded to more than 40 facilities across nine regions and over 25 districts, feeding directly into the government's DHIS2 platform in real time; UNICEF and the University of Oslo's HISP Centre signed a new three-year DHIS2 support agreement in August 2025. A facility-based study (October-December 2024, 36 public facilities in Banadir) found overall routine health information data quality of only 65.3%, consistent with continued heavy reliance on paper registers and manual processes at facility level nationally. These pilots remain a minority of Somalia's rural primary healthcare facilities, so the national picture remains predominantly paper with a growing but still partial digital footprint. Score confirmed at 2.",2026,medium,"Rural primary healthcare clinics in Somalia predominantly record patient data on standardised paper registers covering outpatient care, in-patient care, immunisation and maternal and child health, with monthly summary forms aggregated by district health information officers into the national DHIS2 system rather than being entered digitally at the point of service. A facility-based study of 36 public health facilities in Banadir (October-December 2024) found overall routine health information data quality of 65.3%, consistent with continued reliance on manual, paper-based processes at facility level. Donor-funded digital pilots are expanding, however: the CaafimaadPlus Digitalised Data System (C+ DDS), which began in mid-2024 in five facilities, had grown by 2026 to more than 40 facilities across nine regions and over 25 districts, capturing patient records directly on handheld devices and feeding data in real time into the government's DHIS2 platform. UNICEF and the University of Oslo's HISP Centre signed a new three-year agreement in August 2025 to further strengthen DHIS2 and build local capacity. These initiatives remain concentrated in a minority of Somalia's rural clinics, so the overall national picture is one of paper-based data capture with a growing but still partial digital presence.",
SOM,Somalia,Rural Digitalisation,Status of digitalisation of records in rural facilities,Registry,Status,The status of digital data capture in rural civil registry offices,2,Mostly paper -  some digital,,"Rural registry offices (Degmada/local municipalities) rely on paper forms for births; extremely low completeness (3.5% children &lt;5 registered, 0.3% certificates; 2020 SHDS, no rural-urban gap Immigration and Refugee Board of Canada). Home/nomadic births undocumented. UNFPA 2021: No national CRVS office, decentralized, policy for digital repository but unimplemented; fragility/infrastructure gaps block rollout UNFPA CRVS Profile. Digital pilots: OpenCRVS in 30 districts (many rural), 160 hospitals linked; 28k+ births registered digitally at point-of-service to central DB (2026) OpenCRVS. Launched 19 districts incl. rural (e.g., Abudwaq, Hudur, Kismayo) Aug 2025 SONNA. Barriers: Insecurity, nomadic lifestyle, poor connectivity, low awareness. Gap: CRVS policy/law (2021+), 2024-29 plan ambitious but pilots cover minority facilities; majority rural remains paper-based.",rural-registry-status,4,https://somalia.unfpa.org/sites/default/files/pub-pdf/crvs_report.pdf;https://www.ecoi.net/en/document/2090364.html;https://www.opencrvs.org/about-us/country-stories/somalia,3,Low,no_year,No data year recorded - must be populated during verification.,,https://www.biometricupdate.com/202508/somalia-rolls-out-digital-crvs-system-on-foundations-laid-with-unicef-support;https://www.opencrvs.org/about-us/country-stories/somalia;https://www.ecofinagency.com/news-digital/1108-48024-somalia-pilots-19-district-digital-civil-registry-lays-groundwork-for-nationwide-legal-identity;https://www.ecoi.net/en/document/2090364.html,"Confirmed score 2. Original sources (UNFPA CRVS profile, ecoi.net/IRB report, OpenCRVS country story) confirm extremely low birth registration completeness (3.5% of under-5s, 2020 SHDS) and continued reliance on paper-based local registration outside a limited digital footprint. Fresh search confirms the Ministry of Interior, Federal Affairs and Reconciliation publicly launched a 'Unified Digital Civil Registration Service' in 19 districts across Jubbaland, South West, Hirshabelle, Galmudug and Northeastern State on Africa CRVS Day, 10 August 2025, enabling local registration offices to capture births, deaths, marriages and divorces digitally with real-time transmission to a central database (Biometric Update and Ecofin Agency, 10-12 August 2025). The OpenCRVS country page reports this has since grown to around 30 districts and 160 linked hospitals, with over 28,000 births registered digitally at the point of occurrence. As Somalia has roughly 90 districts nationally, this represents genuine but still partial point-of-service digitisation, covering perhaps a third of districts, with the majority of rural registry offices still paper-based. Score confirmed at 2.",2025,high,"Rural civil registry offices in Somalia have historically relied on paper-based birth, death and marriage registration, with completeness extremely low (around 3.5% of children under five registered and 0.3% holding a birth certificate, per the 2020 Somali Health and Demographic Survey) and no rural-urban gap in completeness. On Africa Civil Registration and Vital Statistics Day, 10 August 2025, Somalia's Ministry of Interior, Federal Affairs and Reconciliation launched a Unified Digital Civil Registration Service, initially operational in 19 districts across the Jubbaland, South West, Hirshabelle, Galmudug and Northeastern State federal member states, enabling local offices to register births, deaths, marriages and divorces digitally with data transmitted in real time to a central database; some health facilities without computers were equipped with tablets for this purpose. Built on the OpenCRVS platform with UNICEF and German government support, the system has since expanded to around 30 districts and 160 linked hospitals, with more than 28,000 births registered digitally at the point of occurrence. As Somalia has roughly 90 districts nationally, this represents genuine but still partial coverage, with the majority of rural civil registry offices continuing to depend on paper-based registration.",
SSD,South Sudan,Rural Digitalisation,Status of digitalisation of records in rural facilities,Clinic,Status,The status of digital data capture in rural primary healthcare clinics,1,Entirely paper,,"Rural primary healthcare clinics (PHCUs/PHCCs) in South Sudan record patient data using paper registers and handwritten monthly summary reports, which are physically delivered to County Health Departments (CHDs). CHDs then transcribe these into DHIS2 for aggregate reporting. No evidence of electronic health records or digital entry at point-of-care in rural clinics; facilities lack infrastructure (electricity, internet, hardware). A 2020 pilot provided tablets for DHIS2 entry in 57 HIV facilities, but expansion stalled due to overburdened staff and infrastructure gaps. SMS used for weekly disease surveillance aggregates (not patient records) in some pilots, replacing paper delivery but sourced from paper forms. Recent 2023 study in Maridi County rural PHCCs confirms all use manual methods. Key barriers: conflict, poor roads, staff shortages, no connectivity, low capacity. National DHIS2 ambition exists at CHD/state levels, but rural point-of-service remains entirely paper-based (score 1), with digital limited to aggregation.",rural-clinic-status,1,https://documents1.worldbank.org/curated/en/399871623734227498/pdf/Routine-Health-Information-Systems.pdf;https://sajim.co.za/index.php/sajim/article/view/1856/2925;https://pmc.ncbi.nlm.nih.gov/articles/PMC5344115/,3,Low,no_year,No data year recorded - must be populated during verification.,,"https://www.afro.who.int/sites/default/files/2025-03/Knowledge%20Management%20Series%20for%20Health%20Maturity%20of%20the%20Health%20Information%20System%20of%20South%20Sudan%20_%20progress,%20gaps%20and%20priorities%20for%20investment.pdf;https://documents1.worldbank.org/curated/en/399871623734227498/pdf/Routine-Health-Information-Systems.pdf;https://community.dhis2.org/t/improving-bhi-care-delivery-via-dhis2/71854","Original score of 1 (Entirely paper) is supported by the cited World Bank Routine Health Information Systems brief, which confirms rural PHCU/PHCC staff transcribe paper registers into monthly reports hand-delivered to County Health Departments for DHIS2 entry, as facilities lack the infrastructure for facility-level entry. Cross-checked against the WHO South Sudan Health Information System Maturity Assessment (February 2025), which records comprehensive facility-wide electronic systems at only 22.4% of health facilities nationally (concentrated in larger, urban-adjacent facilities), and a DHIS2 Community note on the Boma Health Initiative digitalisation pilot (March 2025-February 2026), which remains an early-stage community-health-worker pilot rather than a clinic point-of-care system. No evidence found of routine digital data capture in rural clinics. Score confirmed unchanged.",2025,high,"Rural primary healthcare clinics (PHCUs/PHCCs) in South Sudan record patient data on paper registers and handwritten monthly summary reports, which are physically carried to County Health Departments for transcription into the national DHIS2 platform. Facility-level electronic systems remain rare, covering an estimated 22% of health facilities nationally and concentrated away from rural primary care. A Boma Health Initiative DHIS2 Tracker pilot running from 2025 to 2026 is testing digital data capture by community health workers on Android devices, but this remains an early-stage pilot confined to selected counties. Persistent constraints of electricity, connectivity, staffing and infrastructure keep point-of-care data capture in rural clinics entirely paper-based.",
SSD,South Sudan,Rural Digitalisation,Status of digitalisation of records in rural facilities,Police,Status,The status of digital data capture in rural police stations,1,Entirely paper,,"Rural police stations in South Sudan record criminal cases and complaints using entirely manual, paper-based systems such as handwritten dockets and pen-and-paper documentation, as evidenced by studies on stations like Malakia central police station (not rural but indicative) describing the system as ""purely manual"" and proposals for digitization planned initially for cities/towns. No evidence found of digital case management systems, computers, or IT infrastructure deployed at rural point-of-service facilities; searches across general web, academic papers, World Bank, UN/UNDP/USAID reports yielded only urban initiatives (e.g., Juba surveillance cameras, judiciary portals, personnel digitization from 2012). Key barriers include chronic conflict, limited resources, lack of electricity/infrastructure, illiteracy among officers, and weak national capacity, as noted in OSAC and Small Arms Survey reports on SSNPS challenges outside capitals. National policy focuses on reform and community policing but shows vast gap with rural reality, where customary justice dominates due to ineffective statutory policing; no pilots or donor projects indicate routine digital use at rural stations.",rural-police-status,2,https://www.academia.edu/103107583/CRIMINAL_RECORDS_INFORMATION_SYSTEM;https://www.smallarmssurvey.org/sites/default/files/resources/HSBA-IB26-Policing-in-South-Sudan.pdf;https://www.state.gov/wp-content/uploads/2021/09/SOUTH-SUDAN-2020-HUMAN-RIGHTS-REPORT.pdf,3,Low,no_year,No data year recorded - must be populated during verification.,,https://www.academia.edu/103107583/CRIMINAL_RECORDS_INFORMATION_SYSTEM;https://www.smallarmssurvey.org/sites/default/files/resources/HSBA-IB26-Policing-in-South-Sudan.pdf;https://www.state.gov/wp-content/uploads/2021/09/SOUTH-SUDAN-2020-HUMAN-RIGHTS-REPORT.pdf,"Original score of 1 (Entirely paper) is broadly supported by the cited case study of Malakia central police station, which describes a ""purely manual"" pen-and-paper criminal records system, and by Small Arms Survey and US State Department reporting on severe logistics and infrastructure gaps facing police in rural areas (lack of vehicles, radios, weapons; police stations sometimes unstaffed for weeks). A further search for 2023-2026 evidence found only personnel-registration digitisation (SSNPS ID cards, dating to 2011-2013, HR/payroll only) and a 2026 laptop donation to the judiciary (a separate institution, not police case records) - no evidence emerged of case or incident record digitisation reaching rural police stations. The underlying evidence is indicative (an urban case study and national-level infrastructure reporting) rather than rural-specific, so this is confirmed on a thinner evidence base than the other rows in this batch, though consistent across all sources found. Score confirmed unchanged.",2021,medium,"Rural police stations in South Sudan record criminal cases and complaints using entirely manual, paper-based systems, including handwritten dockets and case files. A case study of police record-keeping practice (Malakia central police station) describes the criminal records process as ""purely manual"", reliant on pen-and-paper documentation, with digitisation proposals aimed initially at cities and towns rather than rural stations. Constraints of poor infrastructure, absent electricity and connectivity, limited logistics (vehicles, radios) and low capacity are especially acute in rural and remote areas, where community policing arrangements and customary justice mechanisms often substitute for statutory policing. Personnel identity registration has been digitised in parts of the force for human-resource purposes, but this does not extend to case or incident records at rural stations.",
SSD,South Sudan,Rural Digitalisation,Status of digitalisation of records in rural facilities,Registry,Status,The status of digital data capture in rural civil registry offices,1,Entirely paper,,"Rural registry offices in South Sudan rely entirely on paper-based recording for births and other vital events, using manual forms and registers like traditional birth certificates with handwritten serial numbers, dates, and names. No evidence found of digital systems at point-of-service in rural facilities; birth registration coverage remains very low (~1-10% estimated from anecdotes), with services inaccessible due to conflict, poor infrastructure, and understaffing. Recent developments include the 2018 Civil Registry Act and 2024 Regulations establishing legal framework, plus pilots for birth registration in Juba (urban) supported by Vital Strategies/UNHCR, but these are isolated and not scaled to rural areas. A costed CRVS plan exists, but implementation lags due to institutional weaknesses, electricity shortages (only ~5% national access), no internet in rural areas, ongoing violence, and funding gaps. National ambitions for CRVS strengthening contrast sharply with rural reality, where paper processes prevail and even notification is minimal; digitization scores &lt;35% per 2017 UNECA assessment, with 0% death registration per 2025 WHO report. Score 1 conservative given lack of rural-specific digital evidence.",rural-registry-status,4,"https://apai-crvs.uneca.org/sites/default/files/resourcefiles/report_on_the_status_of_civil_registration_and_vital_statistics_in_africa.pdf;https://www.afro.who.int/sites/default/files/2025-03/Knowledge%20Management%20Series%20for%20Health%20Maturity%20of%20the%20Health%20Information%20System%20of%20South%20Sudan%20_%20progress,%20gaps%20and%20priorities%20for%20investment.pdf;https://statelessnessalliance.org/online-marketplace/strengthening-civil-registration-and-ending-statelessness-in-south-sudan/",3,Low,no_year,No data year recorded - must be populated during verification.,,"https://www.eyeradio.org/eu-envoy-urges-south-sudan-to-make-nationality-registration-affordable-for-citizens/;https://apai-crvs.uneca.org/sites/default/files/resourcefiles/report_on_the_status_of_civil_registration_and_vital_statistics_in_africa.pdf;https://www.afro.who.int/sites/default/files/2025-03/Knowledge%20Management%20Series%20for%20Health%20Maturity%20of%20the%20Health%20Information%20System%20of%20South%20Sudan%20_%20progress,%20gaps%20and%20priorities%20for%20investment.pdf","Original score of 1 (Entirely paper) is confirmed and strengthened by an October 2024 statement from South Sudan's Minister of Interior (reported by Eye Radio) that the civil registry system remains unintegrated and is effectively limited to towns, with the majority of citizens in rural settings unreached by it. This corroborates the cited APAI-CRVS/UNECA and WHO assessments describing low digitisation and coverage nationally. No evidence found of digital data capture at rural registry points. Score confirmed unchanged.",2024,high,"Rural civil registry services in South Sudan remain entirely paper-based, using manual forms and handwritten registers for birth and other vital event notifications. Birth registration coverage is low, and the Minister of Interior has stated publicly that the civil registry system operates mainly in towns and is not integrated, with the majority of citizens in rural settings unreached by it. The 2018 Civil Registration Act and 2024 regulations establish a legal framework, and pilot digitisation efforts (such as birth notification integrated into community health outreach) exist in limited counties, but these have not scaled to routine digital data capture at rural registry points. Electricity access, connectivity and institutional capacity constraints in rural areas keep the point-of-service process entirely manual.",
SSD,South Sudan,Rural Digitalisation,Status of digitalisation of records in rural facilities,School,Status,The status of digital data capture in rural primary schools,1,Entirely paper,,"Rural primary schools in South Sudan predominantly use handwritten classroom registers and paper record books for attendance, enrollment, and administrative data, which are aggregated manually at state level for national EMIS reporting. Recent 2026 AU IPED assessment traces data flow from paper at school level, with field visits confirming reliance on paper tools even in Juba schools; rural areas face worse ICT deficits (no computers, internet, power). The 2023 National Education Census involved enumerators visiting schools for headcounts and data capture, indicating no routine digital POS systems. Pilots like SSSAMS (SMS-based attendance via phones, donor-funded GESS project 2013-2020, still partially used) represent isolated digital elements, but not standard at most rural facilities. National EMIS exists for aggregation, but rural point-of-service remains paper-based. Key barriers: conflict, inadequate infrastructure/connectivity esp rural, low capacity, donor dependency. Gap: Policy aims for EMIS strengthening/digital census tools, but rural reality is manual due to logistics/power shortages.",rural-school-status,3,https://au.int/en/pressreleases/20260324/au-iped-supports-south-sudan-strengthen-education-data-systems-through-emis;https://mogei.gov.ss/super/assets/documents/resources/2023%20Nat-Education%20Census%20Basic%20Summary%20Report_Final.pdf;https://unesdoc.unesco.org/ark:/48223/pf0000375815,3,Low,no_year,No data year recorded - must be populated during verification.,,https://www.gpekix.org/news/south-sudan-takes-major-step-forward-education-data;https://www.sssams.org/;https://mogei.gov.ss/super/assets/documents/resources/2023%20Nat-Education%20Census%20Basic%20Summary%20Report_Final.pdf,"Original score of 1 (Entirely paper) is confirmed by a fresh April 2026 GPE KIX/AU IPED report on South Sudan's Education Management Information System, which states that education data collection ""still begins with handwritten registers"" and that there is ""continued reliance on manual data collection at the school level"", particularly outside urban areas. The donor-funded SSSAMS SMS attendance system and its ODK-based direct-digital option provide isolated digital capture in a small number of participating schools (the system's own live dashboard shows only around two dozen schools actively reporting attendance out of thousands nationally), which is consistent with the original assessment that these are not representative of rural point-of-service practice generally. Score confirmed unchanged.",2026,high,"Rural primary schools in South Sudan capture attendance, enrolment and administrative data through handwritten classroom registers, which are aggregated manually for state and national Education Management Information System reporting. A 2026 African Union assessment of the system confirms that education data collection still begins with handwritten registers and that manual data collection persists at school level, particularly outside urban areas where infrastructure and connectivity are weakest. A donor-funded SMS-based attendance system (SSSAMS, part of the Girls' Education South Sudan programme) and an ODK-based direct-digital data entry option exist, but active participation is limited to a small number of schools nationally, and rural point-of-service data capture remains predominantly paper-based.",
STP,Sao Tome and Principe,Rural Digitalisation,Status of digitalisation of records in rural facilities,Clinic,Status,The status of digital data capture in rural primary healthcare clinics,1,Entirely paper,,"São Tomé and Príncipe has implemented DHIS2 as its national health information system, with individual tracker modules for primary health care (PHC) patient registry and consultations since 2020, supported by WHO and UNDP (tablets provided). Training occurs at facility level. However, pre-DHIS2 systems were mostly paper-based with parallel subsystems. A 2023 WHO EMTCT assessment (for HIV/syphilis) confirms rural health posts and primary centers use manual registries, patient cards, and paper aggregation sent upward; DHIS2 used at district level for aggregates, not routine facility digital entry. No direct evidence of digital patient records (registers, prescriptions) at rural clinics; likely paper collection with later digital entry at higher levels, fitting score 2 (predominantly paper with some digital/aggregate reporting). Recent (2025) efforts assess longitudinal records, but point-of-care remains paper-dominant per latest facility-specific report.",rural-clinic-status,1,https://www.who.int/about/accountability/results/who-results-report-2020-mtr/country-story/2020/implementing-the-dhis2-to-accelerate-universal-health-coverage-in-s%C3%A3o-tom%C3%A9-and-principe;https://cdn.who.int/media/docs/default-source/hq-hiv-hepatitis-and-stis-library/final-emtct-assessment-report-sao-tome--principe-12-april-2023.pdf?sfvrsn=af2c9828_1;https://dhis2.org/hisp-highlights-july-2025/,3,Low,no_year,No data year recorded - must be populated during verification.,2,https://cdn.who.int/media/docs/default-source/hq-hiv-hepatitis-and-stis-library/final-emtct-assessment-report-sao-tome--principe-12-april-2023.pdf?sfvrsn=af2c9828_1;https://mptf.undp.org/sites/default/files/documents/2023-05/sao_tome_and_principe_final_report.pdf;https://www.who.int/about/accountability/results/who-results-report-2020-mtr/country-story/2020/implementing-the-dhis2-to-accelerate-universal-health-coverage-in-s%C3%A3o-tom%C3%A9-and-principe,"Original Value Code recorded 1 (Entirely paper) despite the row's own Comments arguing for score 2. Verified original sources (WHO DHIS2 results report 2020, WHO EMTCT assessment April 2023, dhis2.org July 2025 update) plus a fetched UNDP MPTF Joint Programme final narrative report (2023) confirming DHIS2 tablets/computers used for facility-level data entry in specific programmes (vaccination, HIV, TB, malaria). The 2023 WHO EMTCT assessment specifically addresses rural health posts/primary centres and documents manual registries/patient cards as the primary recording method, with DHIS2 aggregation occurring at district level rather than routine facility digital entry. Recalculated to 2 (Mostly paper - some digital), matching the evidence and the row's own analysis. Year set to 2023 based on the WHO EMTCT assessment, the most specific and authoritative rural-facility source.",2023,high,"São Tomé and Príncipe's Ministry of Health has rolled out DHIS2 nationally, with tablets and computers issued to health facilities and staff trained to enter data for specific programmes (COVID-19 vaccination, HIV, TB, malaria, immunisation) directly at the point of care. However, a 2023 WHO assessment of rural health posts and primary health centres finds that routine patient registration, consultations and prescriptions are still recorded in manual registers and patient cards, with paper aggregates sent upward for entry into DHIS2 at district level rather than routine digital capture at the facility itself. Rural clinics therefore combine predominantly paper-based record keeping with some genuine digital data capture for specific vertical health programmes.",
STP,Sao Tome and Principe,Rural Digitalisation,Status of digitalisation of records in rural facilities,Police,Status,The status of digital data capture in rural police stations,1,Entirely paper,,"No evidence found of digital case management in rural police stations of Sao Tome and Principe. A national Integrated Case Management System (ICMS) contract was awarded in Dec 2022, with phase 1 rollout planned for police, prosecution, judiciary, and prisons in the city of Sao Tome only (urban), with later expansion nationwide planned but no confirmed progress or rural implementation as of 2026. US State Dept reports and other sources describe police as ineffective/corrupt but silent on recording methods; likely paper-based dockets (procès-verbaux) in rural areas given small scale and lack of mentions.",rural-police-status,2,https://www.synisys.com/news/transforming-the-justice-system-in-sao-tome-and-principe-with-synergy/;https://www.state.gov/wp-content/uploads/2024/02/528267_SAO-TOME-AND-PRINCIPE-2023-HUMAN-RIGHTS-REPORT.pdf;https://www.osac.gov/Content/Report/15cfa519-f9ce-4169-969a-1cb10cb09f42,3,Low,no_year,No data year recorded - must be populated during verification.,,https://www.synisys.com/news/transforming-the-justice-system-in-sao-tome-and-principe-with-synergy/;https://saotomeeprincipe.un.org/pt/308817-unodc-refor%C3%A7a-capacidade-da-pol%C3%ADcia-judici%C3%A1ria-com-entrega-de-equipamentos-inform%C3%A1ticos;https://rdpafrica.rtp.pt/noticias-africa/policia-nacional-de-sao-tome-e-principe-desenvolve-programa-de-informatizacao-dos-seus-servicos/,"Value Code 1 confirmed. Two of the three originally cited sources (US State Dept human rights report PDF, OSAC report) returned errors (403 forbidden) on fetch and could not be verified; retained the working Synisys source and added two newly verified sources in its place. Searches found an Integrated Case Management System (ICMS) contract (Dec 2022) rolling out only in São Tomé city, a 2023 report on the 'Zulu' national police informatisation programme (still in development), a 2024 PNSTP-UNITEL protocol for future digital services adoption, and a January 2026 UNODC equipment donation to the Polícia Judiciária headquarters (an urban, specialist investigative unit). No evidence found of digitisation in rural police stations; paper-based dockets remain the norm. Year set to 2026 based on the newest relevant source (UNODC donation), though it concerns urban investigative police rather than rural stations directly, hence medium confidence.",2026,medium,"Digitalisation of case records in São Tomé and Príncipe's justice and security sector remains concentrated in the capital. An Integrated Case Management System (ICMS/Synergy eCase), contracted in December 2022, has its first phase limited to police, prosecution, judiciary and prisons within the city of São Tomé, with nationwide rural rollout still only an aspiration. A January 2026 donation of computers and secure data storage from UNODC went to the Polícia Judiciária's headquarters for criminal investigation work, again an urban, specialist unit rather than rural police stations. No evidence has been found of digital case recording in rural police stations, which continue to rely on paper dockets (registos/boletins de ocorrência).",
STP,Sao Tome and Principe,Rural Digitalisation,Status of digitalisation of records in rural facilities,Registry,Status,The status of digital data capture in rural civil registry offices,1,Entirely paper,,"Rural registry offices (Postos de Registo Civil) in Sao Tome and Principe predominantly use paper forms for birth registration, with high coverage (98% rural births registered per 2023 UN/World Bank data via campaigns). Electronic databases exist only in urban areas. Local rural offices send paper copies to regional offices for electronic processing and transmission to central DGRN. Digitization efforts ongoing (pilots for MOSIP digital ID anchored on CRVS since 2024, World Bank project strategy), but rural facilities remain paper-based with some digital aggregation upstream. Score 2 reflects predominant paper at rural points with partial digital backend.",rural-registry-status,4,https://apai-crvs.uneca.org/sites/default/files/resourcefiles/Digitalization%20of%20Civil%20Registration%20and%20Vital%20Statistics%20in%20Africa.pdf;https://www.biometricupdate.com/202506/sao-tome-and-principe-pilots-mosip-based-national-digital-id-system;https://dgrn.gov.st/sobre.php,3,Low,no_year,No data year recorded - must be populated during verification.,3,https://rstp.st/2026/03/10/direcao-geral-dos-registos-e-notariados-com-mais-de-3-mil-registos-de-nascimento-por-ano/;https://rdpafrica.rtp.pt/noticias-africa/sao-tome-lanca-sistema-integrado-de-registo-civil/;https://www.biometricupdate.com/202506/sao-tome-and-principe-pilots-mosip-based-national-digital-id-system;https://aisel.aisnet.org/cgi/viewcontent.cgi?article=1031&context=capsi2018,"Original Value Code recorded 1 (Entirely paper) despite the row's own Comments arguing for score 2. Verified the cited UNECA/AfDB CRVS digitalisation report, the BiometricUpdate June 2025 MOSIP pilot article, and the DGRN 'about' page. A 2018 academic paper on STP's SIGA system confirms that, historically, civil registration was collected on paper at district level and digitised retrospectively at the centre. However, a directly quoted March 2026 statement from the DGRN's chief civil registrar (Idalécio Silveira) describes current practice of registering births directly into an electronic database at maternities nationwide, phasing out paper forms, alongside a March 2025 report of a new integrated registry management system and a MOSIP digital ID pilot. This is stronger and more recent evidence than the original sources supported, and moves the facility-level status beyond 'mostly paper' to 'mostly digital - some paper' (3), reflecting the shift to point-of-registration electronic capture for births (the dominant vital event) while other registry acts likely retain more paper use. Year set to 2026 based on the newest, most specific dated source.",2026,high,"Civil registration in São Tomé and Príncipe is shifting from a purely paper-based process towards direct electronic capture at the point of registration. The Direcção-Geral dos Registos e do Notariado (DGRN) reports that trained registry staff and midwives now register births directly into an electronic database at maternities across the country, with paper forms being phased out, and a new integrated management and identification system (backed by SIGA and a MOSIP-based digital ID pilot) has been rolled out since 2025. Older civil registry offices historically relied entirely on paper books, which were digitised retrospectively at the centre, so some paper-based processes for other vital events, such as deaths and marriages, persist alongside the newer electronic birth-registration workflow, placing the facility-level status as mostly digital with some continuing paper use.",
STP,Sao Tome and Principe,Rural Digitalisation,Status of digitalisation of records in rural facilities,School,Status,The status of digital data capture in rural primary schools,1,Entirely paper,,"Sao Tome and Principe has implemented an integrated Education EMIS system at the Department of Education level, supporting evidence-based policymaking and data management. However, no specific details found on rural primary schools using digital tools for attendance, enrollment, grades, or admin data. Given rural infrastructure challenges and lack of school-level digital mentions, processes are likely predominantly paper-based with some aggregation into central digital EMIS.",rural-school-status,3,https://www.iicba.unesco.org/en/sao-tome-and-principe;http://planipolis.iiep.unesco.org/en/2022/education-sector-plan-202223–202627-7445;https://education-profiles.org/sub-saharan-africa/sao-tome-and-principe/~inclusion,3,Low,no_year,No data year recorded - must be populated during verification.,2,https://www.globalpartnership.org/node/document/download?file=document%2Ffile%2F2023-10-sao-tome-principe-fortalecendo-sistemo-educativo.pdf;https://documents1.worldbank.org/curated/en/676871580236018535/pdf/Sao-Tome-and-Principe-Quality-Education-for-All-Project.pdf;https://www.iicba.unesco.org/en/sao-tome-and-principe,"Original Value Code recorded 1 (Entirely paper) despite the row's own Comments arguing for a mixed/score 2 status. Verified the cited UNESCO IICBA brief; the Planipolis link resolved only to a country navigation page with no facility-level detail, and the Education Profiles inclusion page covers special education policy rather than digitisation. Found and read a World Bank Quality Education for All Project completion report confirming that, by project close, 66 of 88 primary schools had received a computer and internet connection with head teachers and staff trained to enter data directly into the national EMIS/SIGE at school level, and a 2023 GPE-supported sector assessment confirming that many schools - constrained by lack of electricity, computers or internet, or difficulty using SIGE - still do not use the system. Given rural schools are disproportionately affected by these infrastructure gaps, recalculated to 2 (Mostly paper - some digital), consistent with the row's own analysis. Year set to 2023 based on the GPE sector assessment, the most specific recent source on facility-level EMIS usage barriers.",2023,medium,"São Tomé and Príncipe operates a national Education Management Information System (SIGE/EMIS), and a World Bank-supported programme has equipped a majority of primary schools with computers and internet connectivity, training head teachers and administrative staff to enter attendance, enrolment and administrative data directly at school level. However, a 2023 assessment for the Global Partnership for Education finds that many schools, disproportionately those in rural areas, are still unable to use SIGE because they lack electricity, computers or reliable internet, or because staff find the system difficult to use, meaning rural primary schools combine predominantly paper-based record keeping with partial digital data entry where infrastructure allows.",
SWZ,Eswatini,Rural Digitalisation,Status of digitalisation of records in rural facilities,Police,Status,The status of digital data capture in rural police stations,1,Entirely paper,,"Rural police stations (posts) in Eswatini use paper-based systems like Occurrence Books (OB) for logging incidents, officers on duty, and events; these are operational documents submitted to courts and reviewed in inquests. Recent 2021-2022 leaks confirm handwritten entries at various stations. No evidence of digital recording at facility level; case files (""dockets"") are paper-based. Digital initiatives exist only at central level: Taiwan-funded EDRMS project for police (ICDF), planned Criminal Intelligence/AFIS systems (Gov Digital Roadmap), and IECMS integrating police with justice (UNDP). These central systems are comparable to those in other score-1 countries (e.g., Kenya's Digital OB urban pilot, Nigeria's WAPIS) and do not affect rural point-of-service recording. Rural police stations remain entirely paper-based.",rural-police-status,2,https://www.gov.sz/images/Thabani-Nkomonye-Inquest-Report-Summary.pdf;https://www.icdf.org.tw/wSite/ct?xItem=37355&ctNode=31795&mp=2;https://www.gov.sz/images/ICT/Digital%20Government%20Implementation%20Roadmap%20Development.pdf,3,Low,no_year,No data year recorded - must be populated during verification.,,https://www.icdf.org.tw/wSite/ct?xItem=37355&ctNode=31795&mp=2;https://www.gov.sz/images/ICT/Digital%20Government%20Implementation%20Roadmap%20Development.pdf;https://eswatinipositivenews.online/new-digital-court-system-to-end-case-delays-prince-simelane/;https://eswatinipositivenews.online/natcom-praises-digital-forensic-unit-for-cybercrime-fight/;https://eswatinipositivenews.online/govt-empowers-reps-with-ai-innovation-in-fight-against-cybercrime/,"Original score of 1 (Entirely paper) confirmed. Two of the three originally cited sources (ICDF EDRMS project page, Digital Government Implementation Roadmap ToR) were fetched and verified as relevant - both describe central/HQ-level digitisation initiatives only. The third cited source (Thabani Nkomonye inquest report PDF) could not be fetched after repeated timeouts, but its characterisation of handwritten Occurrence Book entries is consistent with all other evidence found. Three further searches covering 2025-2026 news (IECMS launch August 2025, Digital Forensic Unit for cybercrime, planned UAE-backed AI policing partnership) found only central, investigative or case-management level digitisation; none evidence digital data capture at the rural station level. Score confirmed at 1.",2025,medium,"Rural police stations (posts) in Eswatini continue to rely on paper-based systems such as handwritten Occurrence Books for logging incidents, officers on duty, and events, with case files (dockets) also paper-based; there is no evidence of digital data capture at the point of service. National-level digitisation efforts - including a Taiwan ICDF-funded Electronic Document and Records Management System project, the Digital Government Implementation Roadmap, an Integrated Electronic Case Management System linking the police service, judiciary, Law Society and Anti-Corruption Commission (launched August 2025), a Digital Forensic Unit tackling cybercrime, and a planned partnership with the United Arab Emirates on AI-enabled policing - operate at central, case-management or investigative level rather than at rural facilities. Frontline recording of incidents and dockets in rural police stations remains entirely paper-based.",
SWZ,Eswatini,Rural Digitalisation,Status of digitalisation of records in rural facilities,Clinic,Status,The status of digital data capture in rural primary healthcare clinics,3,Mostly digital - some paper,,"Rural primary healthcare clinics in Eswatini predominantly use digital systems for patient data recording via the Client Management Information System (CMIS), an electronic health record (EHR) system. As of the 2024 National Health Sector Strategic Plan, 71% of health facilities have CMIS, with targets to reach 95% by 2028, indicating majority adoption including at primary level. CMIS supports point-of-care data entry for clinical management, reducing duplicates and improving patient flow. A 2020 World Bank project planned rollout to 50 'last-mile' (rural) PHC clinics for real-time RMNCAH/NCD data. Digital job aids on tablets link to CMIS for decision support at PHC. Community-level RHMs recently piloted CBHIS (2026, one region) to replace paper, integrating with CMIS, but clinics separate. No evidence of entirely paper-based rural clinics; partial paper may persist in 29% without CMIS. Barriers: infrastructure, training, connectivity (addressed via APNs). National ambition (full digital) aligns closely with rural reality, unlike many SSA countries.",rural-clinic-status,1,https://www.afro.who.int/sites/default/files/2024-10/Eswatini%20NHSSP%202024%20.pdf;https://documents1.worldbank.org/curated/en/667311591296915504/pdf/Eswatini-Health-System-Strengthening-for-Human-Capital-Development-in-Eswatini-Project.pdf;https://www.worldbank.org/en/news/feature/2026/02/23/from-paper-to-pixels-driving-the-digital-transformation-of-community-health-services-in-eswatini,3,Low,no_year,No data year recorded - must be populated during verification.,,https://datafiproject.substack.com/p/even-on-the-rainiest-afternoons-in;https://reliefweb.int/attachments/a8775963-f106-4228-8b1e-72723140da6d/Eswatini%20NHSSP%202024%20-compressed.pdf;https://documents1.worldbank.org/curated/en/667311591296915504/pdf/Eswatini-Health-System-Strengthening-for-Human-Capital-Development-in-Eswatini-Project.pdf;https://www.worldbank.org/en/news/feature/2026/02/23/from-paper-to-pixels-driving-the-digital-transformation-of-community-health-services-in-eswatini,"Original score of 3 (Mostly digital - some paper) confirmed and strengthened. The World Bank project appraisal document was fetched and confirms CMIS as the government's electronic medical record system. The original afro.who.int NHSSP link failed to resolve, so the same 2024 NHSSP document was verified via a ReliefWeb mirror. A fresher source (Data for Implementation/Data.FI project update, April 2026) reports CMIS now live at 233 sites covering approximately 73% of health facilities, up from the 71% cited in the 2024 NHSSP, with a government target of 95% by 2028. A February 2026 World Bank feature was also fetched and confirms a related but distinct initiative (CBHIS) digitising community-level data collected by Rural Health Motivators, separate from clinic-level CMIS use. No evidence supports full (Entirely digital) coverage; roughly a quarter of facilities remain outside CMIS. Score confirmed at 3.",2026,medium,"Rural primary healthcare clinics in Eswatini predominantly capture patient data digitally through the Client Management Information System (CMIS), an open-source, government-owned electronic medical record. As of 2026, CMIS is live at 233 sites, covering approximately 73% of the country's health facilities, up from 71% reported in the 2024 National Health Sector Strategic Plan, against a government target of 95% coverage by 2028. CMIS supports point-of-care data entry, unique-ID based patient identification and cloud-backed record portability across facilities. A related but separate initiative is digitising community-level data collected by Rural Health Motivators through the electronic Community-Based Health Information System, distinct from clinic-level records. Around a quarter of facilities, likely concentrated in the most remote areas, have not yet adopted CMIS and continue to rely at least partly on paper, so point-of-service capture in rural clinics is mostly, but not entirely, digital.",
SWZ,Eswatini,Rural Digitalisation,Status of digitalisation of records in rural facilities,Registry,Status,The status of digital data capture in rural civil registry offices,3,Mostly digital - some paper,,"Rural registry offices in Eswatini (e.g., Hlatikhulu, Hluti, Nhlangano) use a hybrid process: informants provide paper letters from chiefs/indvunas confirming births, officers manually fill BMD-1 paper forms, then typists enter data electronically into the National Population Register (NPR) via networked terminals. All district-level civil registration offices countrywide, including rural, have digitized databases with electronic entry of vital events across all CRVS processes (notification to statistics), advanced features like fraud detection and encryption.UNECA CRVS Digitalization ReportEswatini Vital Statistics Report 2022.pdf) No evidence of fully paperless point-of-service (manual forms persist), but digital is standard/default with paper input only. Digital backend integrated with national systems; health facilities linked via CMIS but registration at CRD offices. Low completeness (36% births) due to access barriers, not tech. Plans for further digital roadmap (2024 tender).Eswatini Vital Statistics Report 2022.pdf) Barriers: rural connectivity, training, late registrations (61%). National ambition (CRVS plan 2022-27) pushes integration/mobile units, but rural PoS remains hybrid.UNECA CRVS Digitalization Report",rural-registry-status,4,https://apai-crvs.uneca.org/sites/default/files/resourcefiles/Digitalization%20of%20Civil%20Registration%20and%20Vital%20Statistics%20in%20Africa.pdf;https://www.afro.who.int/sites/default/files/2023-10/Vital%20Statistics%20Report%202022%20(1;https://www.familysearch.org/en/wiki/Eswatini_Civil_Registration,3,Low,no_year,No data year recorded - must be populated during verification.,,https://apai-crvs.uneca.org/sites/default/files/resourcefiles/Digitalization%20of%20Civil%20Registration%20and%20Vital%20Statistics%20in%20Africa.pdf;https://www.undp.org/sites/g/files/zskgke326/files/2024-12/dra_report_eswatini.pdf;https://eswatinipositivenews.online/vital-services-resume-home-affairs-brings-registration-closer-to-the-people/;https://www.pactworld.org/features/birth-registration-sets-eswatinis-children-success,"Original score of 3 (Mostly digital - some paper) confirmed. The AfDB/COMESA continental CRVS digitalisation assessment and the FamilySearch wiki entry cited originally were fetched but provide only general/historical background rather than Eswatini-specific facility-level detail (the third original source, an afro.who.int Vital Statistics Report link, appears malformed/truncated and was not usable). A more authoritative and fresher source - the UNDP/Ministry of ICT Digital Readiness Assessment (November 2024) - was located and found mixed expert opinion on the extent of civil registration digitalisation, indicating inconsistent implementation rather than uniform digital capture nationwide. A July 2025 news report on resumed mobile civil registration outreach in Hhohho region confirms that field/chiefdom-level intake for rural and hard-to-reach populations remains paper-based, consistent with the hybrid process (paper intake, digital backend entry via the National Population Register) described in the original comment. No evidence found of a shift to fully paperless point-of-service registration. Score confirmed at 3.",2024,medium,"Rural civil registry offices in Eswatini (for example in Hlathikhulu, Hluti and Nhlangano) operate a hybrid process: informants first present paper documentation, such as chief's or indvuna's letters confirming a birth, and officers manually complete BMD-1 paper forms; this information is then entered electronically into the National Population Register via networked terminals, with district-level offices nationwide, including rural ones, holding digitised databases with encryption and fraud-detection features. Data capture at the point of citizen contact therefore still relies on paper intake even where backend recording is digital. A 2024 Digital Readiness Assessment by UNDP and the Ministry of ICT found mixed expert opinion on the extent of civil registration digitalisation, reflecting inconsistent implementation across the system, and mobile outreach campaigns continue to register rural and hard-to-reach populations using paper-based field collection ahead of later digital entry. Overall, digital capture is the norm at rural registry offices but is not yet fully paperless at the point of service.",
SWZ,Eswatini,Rural Digitalisation,Status of digitalisation of records in rural facilities,School,Status,The status of digital data capture in rural primary schools,2,Mostly paper -  some digital,,"Rural primary schools in Eswatini traditionally record administrative data (enrollment, attendance via 16th School Day Survey, termly tools), learner profiles, and support needs (OVC, disabilities) using paper forms and registers like Annual Education Census (AEC), which are sent to regional/central levels for manual entry into legacy systems.DHIS2 EMIS Report A DHIS2-based EMIS was piloted in 2021 in Manzini region (100 schools, including rural primaries e.g., Ekuthuleni, Mhlabubovu), enabling school-level digital entry of aggregate and individual PIN-tracked data via web/Android for real-time dashboards. Some rural schools entered data despite challenges, using it for planning (e.g., OVC support, meals).DHIS2 EMIS Report By 2024, MoET's national report draws from DHIS2 data collected from schools, indicating scaling.MoET Report 2024 However, no evidence confirms majority rural facilities routinely use digital at point-of-service; pilot highlighted persistent barriers: unreliable internet (weak signals, high costs), lack of school devices (reliance on personal/borrowed laptops, no tablets for offline), teacher workload/skills gaps, demotivation in rural areas.DHIS2 EMIS Report National policy aims for PIN-driven digital EMIS accessible nationwide, but rural reality remains predominantly paper-based with digital limited to pilots/early donor-supported rollout, not standard point-of-care recording.",rural-school-status,3,https://education.dhis2.org/wp-content/uploads/UiO-DHIS2-Eswatini-EMIS-Report-2022.pdf;https://www.gov.sz/images/Educationdocuments/National%20General%20Education%20Report%202024%202_compressed.pdf;https://www.iicba.unesco.org/en/eswatini,3,Low,no_year,No data year recorded - must be populated during verification.,,https://education.dhis2.org/implementation/eswatini/;https://dhis2.org/strengthening-school-management-gambia-eswatini/;https://education.dhis2.org/eswatini-launches-semis/;https://education.dhis2.org/wp-content/uploads/UiO-DHIS2-Eswatini-EMIS-Report-2022.pdf,"Original score of 2 (Mostly paper - some digital) confirmed. The 2022 DHIS2-EMIS pilot assessment report cited originally was re-verified and confirms early barriers (unreliable internet, lack of school-owned devices, teacher workload) at rural pilot schools such as Ekuthuleni. The originally cited 2024 MoET National General Education Report could not be fetched (repeated timeout), but its use of DHIS2-derived national statistics is corroborated by DHIS2's own implementation page and related articles, which describe EMIS as having reached 'national scale' since 2020/2022, with a companion individual-level mobile app (SEMIS) officially launched in March 2024 and extended from an initial 10-school pilot in Lubombo region to roughly 60 schools by October 2024. This indicates continuing, uneven expansion of digital capture rather than a majority shift to digital point-of-service recording in rural schools; persistent connectivity and device barriers particularly affect rural areas. Score confirmed at 2.",2024,medium,"Rural primary schools in Eswatini have historically recorded enrolment, attendance and learner data on paper, submitted through instruments such as the Annual Education Census for later manual entry into central systems. Since a 2020-2022 pilot in the Manzini region, the Ministry of Education and Training has rolled out a DHIS2-based Education Management Information System, expanding aggregate and individual data collection to schools nationwide, with a companion mobile application (SEMIS) for individual learner records officially launched in March 2024, initially piloted in 10 schools in the Lubombo region and extended to around 60 schools by October 2024. Despite this national rollout, persistent barriers - unreliable internet connectivity, a shortage of school-owned devices with teachers often relying on personal laptops, and limited digital skills, particularly in rural and remote schools - mean that digital data capture at the point of service in rural primary schools remains partial. Most rural schools continue to depend substantially on paper-based collection, with digital entry increasingly used but not yet the norm at facility level.",
SYC,Seychelles,Rural Digitalisation,Status of digitalisation of records in rural facilities,Registry,Status,The status of digital data capture in rural civil registry offices,1,Entirely paper,,"Seychelles Civil Status has regional offices on islands like Praslin serving rural populations. WHO SCORE assessment (2013-2018 data) states: ""All data are exchanged electronically from local to regional offices and then to central offices: Paper-based locally, electronic processing"". Birth registration requires in-person submission of paper maternity certificate at regional offices. Recent 2024 launches (SeyID virtual IDs, CertExpress online certificates) enable digital access to records but data entry remains by central officers on paper inputs. No evidence of digital recording at rural points; fits predominantly paper with central digitization (score 2). Completeness 90%.",rural-registry-status,4,https://cdn.who.int/media/docs/default-source/documents/ddi/score/country-profiles/who_score_syc_en.pdf;https://www.ics.gov.sc/civil-status/birth-registration;https://www.ics.gov.sc/about/media-centre/publications/launch-of-new-digital-solutions-for-public-services,3,Low,no_year,No data year recorded - must be populated during verification.,,https://www.ics.gov.sc/civil-status/birth-registration;https://www.ics.gov.sc/about/media-centre/publications/launch-of-new-digital-solutions-for-public-services;https://www.ics.gov.sc/faq/civil-services/civil-status;https://www.ics.gov.sc/civil-status/certificates,"The cited WHO SCORE PDF (who_score_syc_en.pdf) was fetched in full and does not contain the quoted text about civil registration data being 'exchanged electronically from local to regional offices'; it is a general health-data-systems assessment (surveys, SDG indicators, birth/death registration completeness scoring) with no such passage on civil registry office processes. That quote could not be verified and should not be relied upon. The department's own website confirms birth registration requires in-person attendance at one of three Civil Status offices (Victoria, Praslin, La Digue) with a paper maternity certificate; the 2024 SeyID and CertExpress launches digitise virtual ID issuance and certificate retrieval/ordering, not the underlying capture of vital events at the registration counter. Per the variable's guidance that only facility-level capture counts (not downstream digitisation), the original Value Code of 1 (Entirely paper) is confirmed; the Comments' internal reasoning toward a score of 2 is not supported by the evidence found.",2024,medium,"Civil registration in Seychelles is conducted in person at one of three Civil Status offices (Victoria, Grand Anse Praslin and La Digue), all under the Department of Immigration and Civil Status. Registering a birth requires attendance within 30 days with a paper maternity certificate and identity documents produced at the counter; there is no remote or online channel for the underlying registration event itself. The department's 2024 digital initiatives, SeyID (virtual identity cards) and CertExpress (online ordering of birth, marriage and death certificates), digitise the retrieval and issuance of documents rather than the initial capture of vital events. Data capture at the point of service therefore remains an entirely paper-based process, with any digitisation occurring centrally once records are consolidated into the National Population Database.",
SYC,Seychelles,Rural Digitalisation,Status of digitalisation of records in rural facilities,Police,Status,The status of digital data capture in rural police stations,3,Mostly digital - some paper,,"Rural police stations in Seychelles (e.g., Praslin, La Digue, Mont Fleuri) record criminal cases and complaints using a national digital case management system built on FileMaker platform, funded by UNODC and developed by Transmedia. Deployed across all stations, which are connected nationwide, allowing point-of-service entry of incident reports, occurrence books, and case details on desktops/iPads. It replaced parallel manual records, digitizes intake forms, enables searches across districts, cross-references (vehicles, phones), and supports court use. Detective from Mont Fleuri station (Mahe rural-ish) confirms: ""all police stations are connected... transformed the life of the Seychelles police force."" Evolutions include 2023 Cautions module, digitized Occurrence Book. Some paper may linger for minor/admin tasks, but digital is standard at rural point-of-service. No evidence of majority paper or pilots only. Barriers: small population (98k), remote islands may limit infra/maintenance, but connectivity confirmed. National e-gov push aligns with rural reality.Winsoft International; Seychelles Police; Forensic Science Int.",rural-police-status,2,https://winsoft-international.com/seychelles-police-department-chooses-the-filemaker-platform-to-aid-fight-against-crime/;https://www.police.gov.sc/contact/directory;https://pmc.ncbi.nlm.nih.gov/articles/PMC7930355/,3,Low,no_year,No data year recorded - must be populated during verification.,,https://winsoft-international.com/seychelles-police-department-chooses-the-filemaker-platform-to-aid-fight-against-crime/;https://www.police.gov.sc/contact/directory,"Original Value Code of 3 (Mostly digital - some paper) is confirmed. The Winsoft International case study and the Seychelles Police directory verify that a FileMaker-based case management system is deployed across all police stations, including the Praslin and La Digue district stations, digitising incident intake, case tracking and cross-referencing since initial deployment, and evolving further with a Cautions module and ongoing digitisation of the paper Occurrence Book. Because the Occurrence Book digitisation is described as an ongoing modernisation rather than a completed transition, and no source confirms elimination of all paper processes (e.g. handwritten witness statements), there is no basis to promote this to 'Entirely digital' (4).",2025,medium,"Seychelles Police operates a nationwide digital case management system built on the FileMaker platform (developed by UK-based Transmedia, originally funded via UNODC), deployed across all police stations including the district stations on Praslin and La Digue as well as those on Mahé. The system digitises intake forms for incident reports, supports case tracking, cross-referencing of vehicle registrations and phone numbers, and searches across districts, having replaced an earlier parallel manual record-keeping system. Recent enhancements include a Cautions module for minor offences and an ongoing project to digitise the Occurrence Book, previously a paper daily incident log. Some manual documentation likely persists alongside the digital system, for example handwritten statements taken at first point of contact, consistent with a predominantly digital but not fully paperless environment at rural stations.",
SYC,Seychelles,Rural Digitalisation,Status of digitalisation of records in rural facilities,School,Status,The status of digital data capture in rural primary schools,3,Mostly digital - some paper,,"Seychelles Ministry of Education operates a national EMIS for collecting school data on students, staff, infrastructure from all institutions, including primary schools on outer islands (rural equivalents). In 2019, AU's IPED piloted DataPlat digital platform at schools (e.g., Anse Royale secondary) to address prior issues of inconsistent, unreliable, slow paper-based collection methods, enabling direct digital entry to national repository. OpenEMIS advisors assisted MoE in 2025 (""jump-start"" EMIS), indicating ongoing digital rollout. Annual Education Statistics booklets (2020-2024) published by EMIS section. No evidence of paper-only at schools post-pilots; small nation-wide system suggests predominant digital recording at rural primary schools for attendance/enrollment/grades/admin, score 3.",rural-school-status,3,https://www.nation.sc/articles/1130/education-related-data-collection-gets-big-boost;https://www.facebook.com/CommunitySystemsFoundation/photos/today-our-openemis-advisors-are-wrapping-up-an-intensive-two-weeks-in-seychelles/868470265505776/;https://edu.gov.sc/education-statistics/,3,Low,no_year,No data year recorded - must be populated during verification.,2,https://www.communitysystemsfoundation.org/blog/openemis-country-highlights-2025;https://www.nation.sc/articles/1130/education-related-data-collection-gets-big-boost;https://edu.gov.sc/education-statistics/;https://edu.gov.sc/digital-transformation/;https://nation.sc/articles/30340/seychelles-launches-digital-school-initiative,"Original Value Code of 3 (Mostly digital - some paper) is revised down to 2 (Mostly paper - some digital). Community Systems Foundation's OpenEMIS Country Highlights 2025 states that Seychelles only 'joined the OpenEMIS community' in 2025, with training 'underway ahead of January 2026 rollout' — i.e. a school-level digital data-capture system was not yet in place at the most recent point for which evidence exists, and the country was still onboarding rather than operating a mature digital EMIS. This indicates the 2019 AU DataPlat pilot referenced in the Comments did not evolve into a sustained digital data-capture system used across schools; the Ministry's own account of that pilot describes the prior methods it was meant to replace as 'inconsistent, unreliable, slow' and 'paper-based'. A separate UAE-partnered Digital School Initiative launched in April 2026 targets classroom technology and teaching rather than administrative data capture. Taken together, the evidence points to school-level data capture (attendance, enrolment, grades) at rural primary schools remaining predominantly paper-based, with digitisation concentrated at the point of national aggregation (the annual Education Statistics compilation) rather than at the school itself.",2025,medium,"Administrative data capture in Seychelles' primary schools, including those on the outer islands, has relied substantially on manual, paper-based collection feeding into the Ministry of Education's annual Education Statistics compilation. A 2019 pilot of the African Union's DataPlat platform, tested at Anse Royale, aimed to address inconsistent, unreliable and slow paper-based data collection, but did not become the Ministry's standing operational system. As of 2025 the Ministry has joined the OpenEMIS community and is undergoing training ahead of a planned January 2026 nationwide rollout of school-level digital data capture, alongside a separate UAE-partnered Digital School Initiative focused on classroom technology. School-level administrative records at rural primary schools therefore remain predominantly paper-based, with digitisation concentrated at the point of national data aggregation rather than at the school itself.",
SYC,Seychelles,Rural Digitalisation,Status of digitalisation of records in rural facilities,Clinic,Status,The status of digital data capture in rural primary healthcare clinics,2,Mostly paper -  some digital,,"Rural primary healthcare clinics in Seychelles (termed community health centres or PHCs on outer islands/districts) continue to rely predominantly on paper-based patient data recording, despite national eHIS rollout. The Ministry of Health's 2022-2026 Strategic Plan states data capture is ""primarily paper-based"" with duplicative tools, and eHIS implementation (started 2020) has stalled, creating an urgent need for transition Seychelles MoH Strategic Plan. The 2023 Annual Performance Report shows progress with 88% eHIS patient registration coverage in PHCs (up from 29% in 2022), but actual consultation recording lags, remaining below expectations even after EMR training for 140 doctors MoH Performance Report 2023. No specific rural/outer island distinctions, but given small scale (17 CHCs nationwide), rollout likely covers them. Digital systems like eHIS integrate surveillance/labs centrally, but point-of-care is hybrid. Barriers: stalled implementation, staff training/satisfaction, data quality. National ambition for full eHIS contrasts with persistent paper dominance at clinics Commonwealth WHO Assessment. Score 3 reflects majority digital registration standardizing, with paper fallback for consultations.",rural-clinic-status,1,https://www.health.gov.sc/national-health-strategic-plan-2022-2026-2/strategic-direction-six-improve-data-for-impact/;https://www.health.gov.sc/wp-content/uploads/Annual-Health-Sector-Performance-Report-2023.pdf;https://thecommonwealth.org/news/seychelles-health-system-bolstered-commonwealth-who-partnership;https://ghsindex.org/wp-content/uploads/2021/12/Seychelles.pdf,4,Low,no_year,No data year recorded - must be populated during verification.,,https://www.health.gov.sc/national-health-strategic-plan-2022-2026-2/strategic-direction-six-improve-data-for-impact/;https://www.health.gov.sc/wp-content/uploads/Annual-Health-Sector-Performance-Report-2023.pdf;https://theseychellesindependent.com/2025/08/01/strengthening-health-information-exchange-in-seychelles/;https://regtechafrica.com/healthcare/seychelles-digitisation-of-seychelles-public-health-system-nearly-complete/,"Original Value Code of 2 (Mostly paper - some digital) is confirmed; the Comments' concluding line referring to a 'Score 3' is not supported by the evidence found and is not carried forward. The Ministry of Health's National Health Strategic Plan 2022-2026 and the Annual Health-Sector Performance Report 2023 (published July 2024) both confirm that data capture in clinics is 'primarily paper-based' and that the electronic Health Information System (eHIS), begun in 2020, had stalled and required a 'full continued roll-out' as a stated priority for 2024 - i.e. rollout remained incomplete going into 2024. A July 2025 Health Information Exchange Maturity Assessment workshop, run with Africa CDC support, further indicates the digital health system was still being assessed and matured rather than fully operational at point of care. This is consistent with the original score and does not support a promotion to 'Mostly digital' (3) or higher.",2024,medium,"Rural primary healthcare clinics and community health centres in Seychelles continue to rely predominantly on paper-based data capture. The Ministry of Health's National Health Strategic Plan 2022-2026 states that data capture is 'primarily paper-based', using a variety of duplicative reporting tools, and that implementation of an electronic Health Information System (eHIS), begun in 2020, stalled before requiring renewed effort. The Annual Health-Sector Performance Report 2023 (published July 2024) lists the 'full continued roll-out of digital health information systems' among the Ministry's priorities for 2024, indicating the rollout remained incomplete at that point, and a Health Information Exchange Maturity Assessment workshop held in July 2025 with Africa CDC support further indicates the system was still being matured rather than fully deployed. Point-of-care data entry at clinics is therefore best characterised as predominantly paper-based with a partial and growing digital component.",
TCD,Chad,Rural Digitalisation,Status of digitalisation of records in rural facilities,Clinic,Status,The status of digital data capture in rural primary healthcare clinics,1,Entirely paper,,"Rural primary healthcare clinics in Chad predominantly use paper registers for patient data recording at the point of service. Aggregate data from these paper records is collated monthly and forwarded to district levels, where it is entered digitally into DHIS2, with 96% of districts now reporting directly into the system as of 2022.DHIS2 Chad transition. A 2021 study in Massaguet district (including rural health centres) confirmed routine use of paper-based external consultation registers and HMIS forms, with data digitized only at district level using Excel; no EMR at clinics, and paper stock-outs common, leading to inaccuracies.BMC study Massaguet. No evidence found of routine digital entry, EMR, or DHIS2 at point of care in rural clinics; plans exist for tablets in northern regions for offline DHIS2 aggregate entry, but not implemented widely.DHIS2 Chad transition. Key barriers: poor internet/power in rural north, staff workload, form stock-outs, low digital literacy. National ambition via DHIS2 rollout contrasts with rural paper reality; pilots/digital limited to aggregation, not point-of-service.",rural-clinic-status,1,https://dhis2.org/chad-hmis-transition/;https://pmc.ncbi.nlm.nih.gov/articles/PMC8609810/;https://pmc.ncbi.nlm.nih.gov/articles/PMC5759836/,3,Low,no_year,No data year recorded - must be populated during verification.,2,https://www.swisstph.ch/fileadmin/user_upload/SwissTPH/Documents/Institute/SCIH/Swiss_TPH_SysRef_satisfaction_survey_poster_VF_27Apr24.pdf;https://pmc.ncbi.nlm.nih.gov/articles/PMC8609810/;https://dhis2.org/chad-hmis-transition/,"Original sources (DHIS2 transition note, 2021 Massaguet BMC study) were fetched and confirm paper-based registers with digitisation occurring only at district level, not at the clinic. A further search identified documented facility-level digital data capture: a tablet-based clinical decision support system (CDSS), piloted as SysRef from 2019 in three rural primary healthcare facilities in southern Chad and now operating as SANU-TD (Sante Numerique au Tchad), with health workers entering patient consultation data directly onto tablets at point of care (offline, synced later). A May 2024 Geneva Health Forum poster confirms the tool is being extended to the national health system in southern Chad under the Swiss Agency for Development and Cooperation-funded PADS programme. This is genuine facility-level digital capture, not just aggregation, though still confined to a subset of rural clinics in the south alongside the still-dominant paper-register system documented in Massaguet district and the DHIS2 rollout. Recalculated from 1 (Entirely paper) to 2 (Mostly paper - some digital). Year set to 2024 based on the most recent evidence (medium confidence, as the national scale of the pilot is not quantified).",2024,medium,"Rural primary healthcare clinics in Chad remain predominantly paper-based, with patient consultations recorded in paper registers and HMIS forms that are aggregated and entered electronically only at district level (DHIS2, with 96% of districts reporting directly as of 2022). Facility-level digital data capture nonetheless exists in a small but growing subset of rural clinics: a tablet-based clinical decision support system, piloted as SysRef (2019-2023) in three primary healthcare facilities in southern Chad and now operating as SANU-TD, enables health workers to record consultations digitally at the point of care, and the tool is being extended to the national health system in southern health districts under the Swiss Agency for Development and Cooperation-funded PADS programme. Barriers to wider digitisation include poor rural connectivity and power supply and low digital literacy, meaning paper remains the norm outside these pilot districts.",
TCD,Chad,Rural Digitalisation,Status of digitalisation of records in rural facilities,Police,Status,The status of digital data capture in rural police stations,1,Entirely paper,,"Evidence suggests rural police stations in Chad are still predominantly paper-based, with digitisation happening mainly at central level. INTERPOL's EU-funded Chad Police Information System (SIPT) (a WAPIS-like system) was created to move away from paper records and provide a centralized computerized database for police data (persons, offences, vehicles, documents), managed via a Data Collection/Registration Center (DACORE/CREDOP) that records and validates police data; INTERPOL notes longer-term plans to deploy access to the system across agencies and regions/border posts depending on infrastructure, implying that broad station-level digital entry is not yet universal. Recent US State Department human rights reporting describes police and detention procedures but does not indicate routine digital case/complaint recording, consistent with continued reliance on traditional paper proces-verbaux at station level, especially outside N'Djamena. Overall: predominantly paper at rural stations, with some digitalisation through SIPT at national/central nodes and potential roll-out pilots.",rural-police-status,2,https://www.interpol.int/content/download/16378/file/20COM0209-WAPIS_Programme_21x21_08-2020_EN_03_24pagesLR_Optimized.pdf;https://www.state.gov/wp-content/uploads/2024/02/528267_CHAD-2023-HUMAN-RIGHTS-REPORT.pdf;https://www.linkedin.com/posts/interpol_inauguration-of-the-chad-police-data-collection-activity-7372186166529318913-B65p,3,Low,no_year,No data year recorded - must be populated during verification.,,https://www.interpol.int/content/download/22944/file/24COM007802_WAPIS_Newsletter%2025_2024-EN_Optimized.pdf;https://www.alwihdainfo.com/Tchad-Le-SIPT-en-phase-finale-pour-renforcer-la-securite-interieure-et-regionale_a142249.html;https://www.interpol.int/content/download/16378/file/20COM0209-WAPIS_Programme_21x21_08-2020_EN_03_24pagesLR_Optimized.pdf,"Confirmed score of 1 (Entirely paper). The original WAPIS brochure was fetched and confirms the programme's stated purpose of moving Chad away from paper police records via a single centralised DACORE. Fresher sources (WAPIS Newsletter, late 2024; Alwihda Info, July 2025) show the Chad Police Information System (SIPT) remains in a 'final phase' of implementation as of mid-2025: the DACORE and Forensic Science building renovation and the AFIS fingerprint technology roll-out were still under way in 2024-2025, the legal/data-protection framework was only finalised in January 2024, and the project has been extended to December 2025 following earlier delays from political instability. Digitisation remains centred on the single national DACORE facility, with no evidence of digital case recording at station level, particularly in rural areas. Year updated to 2025 (high confidence) reflecting the most recent status reporting available.",2025,high,"Rural police stations in Chad remain paper-based for day-to-day case and complaint recording. The EU-funded, INTERPOL-implemented Chad Police Information System (SIPT), a WAPIS-type programme, centres on a single Data Collection and Registration Centre (DACORE), which was still completing infrastructure renovation and rolling out an Automated Fingerprint Identification System as of mid-2025, with the project extended to December 2025. Legal and governance frameworks for the SIPT were only finalised in January 2024, and implementation has historically been delayed by political instability. There is no evidence that digital case recording extends to police stations outside the central DACORE, and traditional paper proces-verbaux continue to be used at station level, particularly outside N'Djamena.",
TCD,Chad,Rural Digitalisation,Status of digitalisation of records in rural facilities,School,Status,The status of digital data capture in rural primary schools,1,Entirely paper,,"Rural primary schools in Chad record administrative data, attendance (annual snapshots), and proxies for learning outcomes (repetition/pass rates) using handwritten paper questionnaires and registers. School directors and teachers manually fill 4-10 page EMIS forms covering enrollment by class/gender/age/status, infrastructure, teachers, materials, finances. These paper forms are physically transported upward through a hierarchical structure: school -> zone inspectors -> district -> provincial -> national DAPRO, where data is entered digitally via StatEduc2 software.UNESCO ECW Chad EMIS Case Study No evidence of digital tools at point-of-service; process remains fully manual at rural facilities, with last full survey in 2016 and 2019 requiring special national efforts due to logistics. Digital systems like national EMIS database exist for aggregation, but rural recording is paper-based transcription later. Limited pilots: UNICEF EduTrac SMS/mobile in 2 provinces (not scaled); no widespread adoption.UNESCO ECW Chad EMIS Case Study;World Bank Chad Learning Poverty Brief Key barriers: vast rural distances/poor transport, lack of subnational capacity/training/verification, no feedback to schools causing fatigue, French-only forms in Arabic areas, no birth certificates for accurate age/enrollment. Gap: National EMIS strategy (2014)/sector plans aspire to better data, but rural reality lags due to infrastructure/human resources; digital ambitions (e.g., ecole.cnc.td platform) focus on content, not POS recording.UNESCO IICBA Chad Brief",rural-school-status,3,https://www.educationcannotwait.org/sites/default/files/2022-03/Strengthening%20Education%20Management%20Information%20Systems%20(EMIS;https://documents1.worldbank.org/curated/en/099062624135034155/pdf/P179209-46e8d7eb-c95b-40e3-8f7b-6103046b35d1.pdf;https://www.iicba.unesco.org/en/chad,3,Low,no_year,No data year recorded - must be populated during verification.,,https://www.unicef.org/innocenti/stories/supporting-middle-tier-actors-chad-access-and-use-data-decision-making;https://www.educationcannotwait.org/sites/default/files/2022-03/Strengthening%20Education%20Management%20Information%20Systems%20%28EMIS%29%20and%20Data%20for%20Increased%20Resilience%20to%20Crisis_%20country%20case%20study_%20Chad.pdf;https://www.globalpartnership.org/node/document/download?file=document%2Ffile%2F2023-03-chad-itap-report.pdf,"Confirmed score of 1 (Entirely paper). The original UNESCO EMIS case study and World Bank Learning Poverty brief were fetched and support the description of paper-based data collection with central digitisation only. A 2025 UNICEF Innocenti account of Chad's EMIS confirms the system remains structured around paper-based data collection at the 12,863 primary schools nationwide (2025 figure), transmitted up a hierarchical chain (school - zone inspectorate - district - province - national DAPRO) with digital entry, via StatEduc2 software, occurring only at the DAPRO level; decentralisation efforts (already effective in 16 of 23 provinces, extending to 7 more under the PRET programme) concern data compilation and use, not point-of-service digital capture. A 2023 Global Partnership for Education independent technical assessment (ITAP) likewise confirms paper-based Statistical Yearbook data collection nationally. No evidence found of digital data capture devices in routine use at rural primary schools; the previously noted UNICEF EduTrac pilot has not been scaled. Year updated to 2025 (high confidence).",2025,high,"Rural primary schools in Chad record enrolment, attendance, and administrative data on paper questionnaires and registers completed manually by school directors and teachers. These paper forms pass through a hierarchical administrative chain (school, zone inspectorate, district, province, national Direction des Affaires de la Planification, de la Recherche et de l'Organisation scolaires - DAPRO), with digital entry, via the StatEduc2 software, occurring only at the DAPRO level. As of 2025, Chad has 12,863 primary schools nationally, and while the Ministry of National Education and Civic Promotion has begun decentralising education management information system (EMIS) functions to 16 of 23 provinces (extending to a further seven under the Programme for the Refoundation of Chadian Schools), this concerns data compilation and use rather than point-of-service digital recording. No evidence indicates digital data capture tools are used at rural school level; limited pilots such as UNICEF's EduTrac in two provinces have not been scaled nationally.",
TCD,Chad,Rural Digitalisation,Status of digitalisation of records in rural facilities,Registry,Status,The status of digital data capture in rural civil registry offices,2,Mostly paper -  some digital,,"Rural registry offices in Chad predominantly use paper-based systems for birth registration. Recent data shows only 26% national birth registration rate among under-5s, with 84% of children rural and significantly lower rates in rural vs urban areas (largest gaps in Chad per UAPS 2024 analysis), indicating poor coverage and likely manual recording at remote points. A UNICEF-supported Tasdjil digital app (launched 2022, offline-capable, <10 min process) has enabled 109k+ registrations, often at health facilities, representing a donor pilot to boost access. No evidence of majority rural facilities using digital point-of-service; paper remains default. Barriers: remoteness (Chad 80%+ rural), poverty, low awareness, infrastructure deficits. National efforts (e.g., centers, campaigns) exist but gap persists between policy and rural reality-digital limited to pilots, not scaled/standardized at rural registries. Score conservative due to thin specific evidence on recording methods.",rural-registry-status,4,https://uaps2024.popconf.org/uploads/191469;https://www.unicefusa.org/stories/unicef-and-child-protection-birth-registration-first-line-defense-childrens-rights;https://www.familysearch.org/en/wiki/Chad_Civil_Registration,3,Low,no_year,No data year recorded - must be populated during verification.,,https://www.unicefusa.org/stories/unicef-and-child-protection-birth-registration-first-line-defense-childrens-rights;https://www.unicef.org/chad/stories/every-child-lake-chad-province-birth-certificate;https://gffklportal.org/staying-connected/enregistrement-des-statistiques-et-faits-detat-civil-au-tchad/;https://www.biometricupdate.com/202506/chad-mali-senegal-pursue-birth-registration-reforms-to-close-gaps,"Confirmed score of 2 (Mostly paper - some digital). The original UAPS abstract and UNICEF USA story were fetched and support the description of low overall birth registration with a UNICEF-backed digital pilot (Tasdjil). A Global Financing Facility knowledge platform page confirms civil registration in Chad 'is evolving very slowly,' with the 2019 MICS6 survey recording a 25.5% national birth registration rate (50% urban versus 21.1% rural) and near non-existent death/marriage registration; digitisation of civil status records 'is being piloted in a few health districts' with UNICEF, UNFPA and UNHCR, not yet standard practice. The Tasdjil digital app (offline-capable, sub-10-minute registration, launched 2022) had driven over 109,000 registrations by mid-2024, and one-stop birth registration offices integrating Tasdjil into health facilities (e.g. Bol, Lake Province, opened November 2023) continue to expand, with further reform activity reported into 2025 (Biometric Update, June 2025). This supports a 'some digital' characterisation alongside a still-dominant paper/manual process at most rural registry points. Year updated to 2025 (medium confidence, since the underlying quantitative coverage figure dates to 2019 MICS6 while programme status evidence is current to 2025).",2025,medium,"Rural civil registry offices in Chad rely predominantly on paper-based processes, reflected in a national birth registration rate of just 25.5% among under-fives (2019 MICS6), with a pronounced urban-rural gap (50% urban versus 21.1% rural) and death and marriage registration described as almost non-existent. Digitisation of civil status records is being piloted in a limited number of health districts in partnership with UNICEF, UNFPA and UNHCR, most visibly through the offline-capable Tasdjil mobile application (launched 2022), which has enabled over 109,000 birth registrations by linking registration to health facility visits, and through one-stop birth registration offices such as that opened in Bol, Lake Province, in November 2023. These initiatives represent meaningful but geographically limited pockets of digital capture; most rural registry points continue to depend on manual paper-based recording, and coverage remains low overall.",
TGO,Togo,Rural Digitalisation,Status of digitalisation of records in rural facilities,Clinic,Status,The status of digital data capture in rural primary healthcare clinics,1,Entirely paper,,"Rural primary clinics in Togo predominantly use paper-based patient registers and records at point of care. Aggregated weekly surveillance data (e.g., cases/deaths for 15 diseases) is tallied from facility registries onto paper forms, then sent via SMS using the Argus app on dedicated phones for upward reporting—not patient-level digital entry Argus study. No evidence of routine EMR or DHIS2 at rural clinics; only 11.8% of surveyed doctors nationwide use EMR, reflecting low digitization Doctors EMR survey. Pilots exist: Integrate Health ICBHSS in 21 northern rural facilities focuses on clinical mentoring/supply chains without digital records ICBHSS protocol; DokitaEyes app (230 facilities) for digital patient files, but private/NGO-led, offline-capable, not standard public rural practice; recent World Bank $100M digital project connects facilities to broadband (2024), but focuses on connectivity/skills, not POC systems. National DHIS2 used for aggregate HMIS/IDSR, not facility-level recording. Barriers: poor internet/power in rural areas, low EMR adoption, reliance on paper transmission historically. Policy (e.g., National Digital Health Center) aims at digital transformation, but rural POC remains paper-based, with digital limited to pilots/aggregation. (198 words)",rural-clinic-status,1,https://pmc.ncbi.nlm.nih.gov/articles/PMC7707507/;https://pmc.ncbi.nlm.nih.gov/articles/PMC12817914/;https://pmc.ncbi.nlm.nih.gov/articles/PMC6796416/;https://www.worldbank.org/en/news/press-release/2024/12/19/togo-100-million-in-funding-to-accelerate-digital-transformation,4,Low,no_year,No data year recorded - must be populated during verification.,2,https://medic.org/stories/how-santecomtogo-is-transforming-community-health-insights-from-the-field/;https://www.revue-rasp.org/index.php/rasp/article/view/614;https://dhis2.org/togo-immunization-package/;https://www.worldbank.org/en/news/press-release/2024/12/19/togo-100-million-in-funding-to-accelerate-digital-transformation;https://pmc.ncbi.nlm.nih.gov/articles/PMC7707507/,"Cited sources (Argus study, ICBHSS protocol, World Bank release) were fetched and support a paper-based baseline, but a fast search surfaced fresher, authoritative evidence of programme-specific digital capture that the original comment omitted: SanteComTogo, a national electronic community health information system, launched March 2024 and has digitised (replacing paper) household registration and care-visit data for over 1,000 community health workers across six districts of the Maritime Region, scaling nationally since. A peer-reviewed 2025 article (Revue Africaine des Sciences Sociales et de la Sante Publique) independently confirms that DHIS2-based digitalisation of health data production has been replacing paper registers since 2021 for malaria chemoprevention and bed-net campaign data. DHIS2's own account of the EPI/immunisation package (since c.2015-2020) also documents decentralisation of data entry to facility level. This constitutes multiple, corroborating, fetched sources for at least partial facility/community-level digital capture, which the original code of 1 (entirely paper) does not reflect. Recalculated to 2 (mostly paper, some digital) rather than higher, as general clinical records and patient registers at most rural clinics remain paper-based and EMR use among doctors nationally is low (~12%).",2024,medium,"Rural primary healthcare data capture in Togo presents a mixed paper-digital picture rather than a wholly paper-based one. Since 2021, national malaria chemoprevention and bed-net distribution reporting, and since March 2024 the SanteComTogo electronic community health information system, have shifted specific data streams from paper registers to app-based digital capture; SanteComTogo alone covers over 1,000 community health workers across six districts of the Maritime Region at launch, with national scale-up under way. Facility-level immunisation (EPI) data entry via DHIS2 has similarly been decentralised to the facility level for some years. Nonetheless, general patient registration and clinical records at most rural clinics remain paper-based, electronic medical record use among doctors nationally is low (around 12%), and a $100 million World Bank programme approved in December 2024 to connect public institutions to broadband has yet to deliver facility-level point-of-care digital systems. Data capture in rural clinics is therefore best characterised as mostly paper with some digital elements.",
TGO,Togo,Rural Digitalisation,Status of digitalisation of records in rural facilities,Police,Status,The status of digital data capture in rural police stations,1,Entirely paper,,"Togo's rural policing is handled by Gendarmerie Nationale posts. The Criminal Procedure Code mandates officers (incl. rural gendarmerie) to draft and sign procès-verbaux (PVs) on-site for incidents, with physical custody registers requiring signatures—standard paper-based francophone practice [Togo Code de Procédure Pénale]. UK FCDO arrest guidance describes signed station registers and ""police records"" for inquiries, implying manual processes [UK Prisoner Pack]. Central WAPIS (2022) enables national data sharing but no evidence of initial rural recording being digital; likely paper first, digitized centrally (scores 1 per rules) [INTERPOL WAPIS]. No rural digital tools on official sites. Score 1: entirely paper-based at rural facilities.",rural-police-status,2,https://www.vertic.org/media/National%20Legislation/Togo/TG_Code_Procedure_Penale.pdf;https://www.gov.uk/government/publications/togo-prisoner-pack/information-pack-for-british-nationals-arrested-or-detained-in-togo;https://www.interpol.int/en/How-we-work/Capacity-building/Capacity-building-projects/WAPIS-Programme,3,Low,no_year,No data year recorded - must be populated during verification.,,https://www.vertic.org/media/National%20Legislation/Togo/TG_Code_Procedure_Penale.pdf;https://justice.gouv.tg/le-pnud-appuie-le-ministere-de-la-justice-et-de-la-legislation-en-materiel-informatique/;https://www.raosupportcellecowas.com/post/the-togo-police-information-system-a-major-asset-facing-the-challenges-of-transnational-organized;https://securite.gouv.tg/renforcement-du-dispositif-securitaire-au-togo/,"Cited sources were fetched; the Criminal Procedure Code and WAPIS material support the original paper-based assessment, but the UK FCDO prisoner pack is only weakly probative (it describes station registers generically, not specifically rural gendarmerie practice). A search for fresher evidence found that WAPIS/CIPT (operational since 2022) is a central national data-collection and analysis centre in Lomé rather than a rural point-of-capture system, confirming the original view that it does not establish digital recording at rural stations. However, a May 2024 UNDP press release describes a pilot providing computer equipment (14 desktops, printers, scanners) to three rural-region prosecutors' offices (Mandouri/Savanes, Pagouda/Kara, Tabligbo/Maritime) and six police/gendarmerie investigation units, as part of a project to interconnect prosecutors with police judiciaire units. This is suggestive but inconclusive evidence of emerging digitisation reaching rural units, and it is a single source describing a narrow pilot rather than confirmed digital data capture. In line with guidance not to upgrade on a single weak source, the code is kept at 1 (entirely paper), but the row is flagged for human review given this emerging, only partially corroborated evidence.",2024,low,"Rural policing in Togo is conducted mainly through Gendarmerie Nationale posts operating under the Code de Procedure Penale, which requires officers to draft and sign proces-verbaux and maintain physical custody registers on-site, a standard paper-based practice. The West Africa Police Information System (WAPIS), operational since 2022 through Togo's Centre d'Information Policiere in Lome, centralises criminal case data for national and regional sharing but operates at a central rather than rural facility level. A small UNDP-supported pilot in 2024 supplied computer equipment to a handful of rural-region prosecutors' offices and police/gendarmerie investigation units as part of a project to interconnect prosecutors with police judiciaire units, but there is no clear evidence yet that this has changed how case data is captured at the point of contact in rural stations. Data capture at rural police facilities is therefore assessed as entirely paper-based.",human_review
TGO,Togo,Rural Digitalisation,Status of digitalisation of records in rural facilities,Registry,Status,The status of digital data capture in rural civil registry offices,1,Entirely paper,,"Togo's rural registry offices (état civil at prefectures/town halls) predominantly use paper-based recording. Births are declared at local Etat Civil with hospital attestation, recorded in multi-leaflet paper registers; leaflet given as Acte de Naissance. No electronic CRVS database; paper used throughout for transfers to central levels per ECA-APAI report. Low completeness (e.g., 22-30% late registrations via courts). Recent pilots (Dec 2025) allow online requests for copies in 5 communes (some rural like Avé 2), implying scanned paper records for digital access, but core recording at rural facilities remains paper/manual. Pilots indicate emerging digital services, but not at recording stage. Score 2: predominantly paper with some digital pilots.",rural-registry-status,4,https://travel.state.gov/content/travel/en/us-visas/Visa-Reciprocity-and-Civil-Documents-by-Country/Togo.html;https://apai-crvs.uneca.org/sites/default/files/resourcefiles/Digitalization%20of%20Civil%20Registration%20and%20Vital%20Statistics%20in%20Africa.pdf;https://territoire.gouv.tg/digitalisation-de-letat-civil-le-togo-lance-officiellement-la-demande-en-ligne-des-copies-dactes/,3,Low,no_year,No data year recorded - must be populated during verification.,2,https://territoire.gouv.tg/digitalisation-de-letat-civil-le-togo-lance-officiellement-la-demande-en-ligne-des-copies-dactes/;https://togotimes.info/togo-la-digitalisation-de-letat-civil-un-pas-de-plus-vers-linclusion/;https://levisionnaire.tg/togo-la-digitalisation-de-letat-civil-prend-forme-avec-lequipement-des-communes-pilotes/;https://apai-crvs.uneca.org/sites/default/files/resourcefiles/Digitalization%20of%20Civil%20Registration%20and%20Vital%20Statistics%20in%20Africa.pdf,"The original row's Comments text concluded 'Score 2: predominantly paper with some digital pilots' yet the Value Code field recorded 1, an internal inconsistency. The cited sources were fetched and confirm a predominantly paper CRVS system with an emerging digital pilot for requesting copies of civil-status documents in five communes launched December 2025 (Agoe-Nyive 1, Golfe 1, Ave 2, Zio 2, Lacs 1). Further searching found this pilot has continued to develop: a UNDP-supported birth tele-declaration platform has operated in commune Golfe 3 since April 2024, delivering around 14,800 birth certificates in eight months, and in April 2026 the five pilot communes received computer equipment (desktops, printers, scanners) to support the digitisation drive, described by officials as an intermediate step before nationwide rollout. Per the metadata guidance that only facility-level data capture (not higher-level digitisation of already-recorded paper data) should count, the copy-request portal itself is not directly relevant, but the birth tele-declaration platform and the equipping of registry offices for digital processing indicate genuine, if limited, digital capture is beginning to reach rural civil registry offices. Recalculated to 2 (mostly paper, some digital), consistent with the original comment's stated conclusion and resolving the code/comment mismatch.",2026,medium,"Civil registration in Togo's rural prefectures and communes remains predominantly paper-based, with births, deaths and marriages recorded in multi-leaflet paper registers at local etat civil offices and low completeness of late registrations (roughly a quarter of cases handled via the courts). Digitisation is nonetheless emerging: since April 2024 a UNDP-supported birth tele-declaration platform has operated in the commune of Golfe 3, delivering around 14,800 birth certificates in its first eight months; since December 2025 an online portal has allowed citizens in five pilot communes (Agoe-Nyive 1, Golfe 1, Ave 2, Zio 2 and Lacs 1) to request copies of civil-status documents and track processing in real time; and in April 2026 these pilot communes received computer equipment to support the digitisation drive, described by officials as an intermediate step ahead of nationwide rollout. This combination of largely paper-based recording with a small but growing set of digital pilots is best characterised as mostly paper with some digital.",
TGO,Togo,Rural Digitalisation,Status of digitalisation of records in rural facilities,School,Status,The status of digital data capture in rural primary schools,1,Entirely paper,,"Togo's rural primary schools use a hybrid paper-digital system for data collection (attendance, enrollment, grades). Data from 16,000 schools, including rural primaries, is first collected on paper forms at schools, then transmitted to district education inspections for review and subsequent digitization into StatEduc. Digital processing/analysis occurs via DHIS2 EMIS (piloted nationally since 2021 with GPE KIX/Norad support), but initial recording remains paper-based at facility level. No evidence of on-site digital recording in rural schools; digitization is at district level. This aligns with francophone African norms and recent reports (2022-2025). Score 1 as rural facilities record on paper.",rural-school-status,3,https://education.dhis2.org/fr/emis-togo-2022/;https://www.gpekix.org/blog/togo-empowering-schools-and-districts-data;https://education.dhis2.org/implementation/togo/,3,Low,no_year,No data year recorded - must be populated during verification.,,https://education.dhis2.org/implementation/togo/;https://www.gpekix.org/blog/togo-empowering-schools-and-districts-data;https://education.dhis2.org/fr/emis-togo-2022/,"All three cited sources were fetched and confirm the original assessment: data from the country's roughly 16,000 pre-primary, primary and secondary schools is first collected on paper forms at school level and only digitised once it reaches district inspectorates, where it is entered into StatEduc and then processed/visualised via a DHIS2-based EMIS operating at national scale since 2019. A further search did not find any evidence of on-site digital data capture in rural primary schools; digitisation consistently occurs only after forms leave the school. The original code of 1 (entirely paper) is confirmed, correcting only the year (previously blank) and minor detail (DHIS2/StatEduc integration dates to 2019 nationally, per DHIS2's own implementation page, rather than 2021 as stated in the original comment, which appears to refer to the GPE KIX-funded EMIS enhancement phase).",2025,high,"Togo's Ministry of Primary, Secondary and Technical Education relies on a hybrid paper-digital education management information system. Data from the country's roughly 16,000 pre-primary, primary and secondary schools is first collected on paper forms at the school level, then forwarded to district education inspectorates for entry into StatEduc, a statistical application used in some twenty countries. Since 2019, StatEduc has been complemented nationally by a DHIS2-based EMIS, developed with GPE KIX and Norad support, which processes and visualises the collected data through dashboards covering enrolment, teacher-pupil ratios and exam results, decentralising analysis to district and school actors. Because data capture at the school itself remains paper-based, with digitisation occurring only once forms reach the district level, rural primary schools are assessed as recording data entirely on paper.",
TUN,Tunisia,Rural Digitalisation,Status of digitalisation of records in rural facilities,Clinic,Status,The status of digital data capture in rural primary healthcare clinics,1,Entirely paper,,"Rural primary healthcare clinics in Tunisia predominantly use paper-based recording for patient data, including nursing documentation, which remains largely manual across public facilities despite national eHealth initiatives. No evidence found of routine EMR or DHIS2 use at point-of-care in rural clinics; WHO data confirms no EHR in primary care facilities (clinics/health centers). Recent digital efforts focus on urban/regional hospitals (e.g., full digitalization target by 2026), telemedicine pilots, connectivity expansion to primary facilities, and national systems like ""One Health,"" but these represent emerging donor/government projects not yet standard at rural point-of-service. A 2024 study notes paper-based nursing records cause traceability issues, with EMR gaining momentum but not implemented routinely. Barriers include poor internet in rural areas, staff training gaps, fragmented HIS, and focus on aggregation over facility-level digitization. National ambitions (e.g., 2025 digital hospital projects, World Bank support for EMR training) outpace rural reality, where paper registers prevail for patient encounters, with data likely transcribed later at district levels.",rural-clinic-status,1,https://www.emro.who.int/images/stories/ehealth/documents/tunisia-ehealth-country-profile.pdf;https://pmc.ncbi.nlm.nih.gov/articles/PMC11583327/;https://www.worldbank.org/en/news/press-release/2025/05/28/new-project-to-boost-tunisia-s-health-system-and-pandemic-response,3,Low,no_year,No data year recorded - must be populated during verification.,,https://news.gnet.tn/ministere-de-la-sante-avancees-dans-la-digitalisation-du-secteur-medical-en-tunisie/;https://www.worldbank.org/en/news/press-release/2025/05/28/new-project-to-boost-tunisia-s-health-system-and-pandemic-response;https://pmc.ncbi.nlm.nih.gov/articles/PMC11583327/;https://www.emro.who.int/images/stories/ehealth/documents/tunisia-ehealth-country-profile.pdf,Original score of 1 confirmed. All three originally cited sources were fetched and support paper-based recording at rural primary-care level. A fresh search located a February 2025 statement from Tunisia's Minister of Health confirming that digitisation of the unified medical record has reached hospitals (claimed over 95% implementation) but that the next phase is specifically to connect front-line/primary health facilities to the internet - i.e. rural clinics are not yet part of the digitised record chain. No evidence found of routine digital data capture at rural clinic point-of-care. Score of 1 stands.,2025,high,"Rural primary healthcare clinics in Tunisia record patient data on paper as the default at the point of care. National digitisation efforts, including the unified medical record programme, have concentrated on university and regional hospitals; as of February 2025 the Ministry of Health confirmed that connecting front-line (primary care) facilities to the internet remains a forthcoming phase rather than an achieved one. Research on nursing documentation (2024) similarly finds paper records remain the norm, with electronic nursing records only piloted in a university hospital setting. Telemedicine and rural connectivity initiatives are under development but do not yet substitute for facility-level digital recording in rural clinics.",
TUN,Tunisia,Rural Digitalisation,Status of digitalisation of records in rural facilities,Police,Status,The status of digital data capture in rural police stations,1,Entirely paper,,"No evidence found of digital case management systems at rural police stations or gendarmerie posts in Tunisia. Extensive searches reveal digital efforts in cybercrime investigation, forensics training (UNODC), and justice sector digitization (EU/World Bank for courts), but police procedures rely on traditional paper-based processes typical of francophone Africa: handwritten procès-verbaux (PVs) for incidents/complaints, occurrence books (""main courante""), and manual case files. Criminal records (B3) originate from police/gendarmerie stations and involve paper stamps/forms, even if online request portals exist for clean extracts. Rural areas (87% territory covered by National Guard/gendarmerie) lack specific digital pilots; aggregate/central systems absent. US State Dept reports note requirement for ""complete record"" of arrests/notifications, consistent with paper logs. Score 1: entirely paper-based at facility level.",rural-police-status,2,https://www.interieur.gov.tn;https://www.unodc.org/romena/en/Stories/2019/May/tunisia_-strengthening-crime-scene-investigation-and-forensic-chain-of-custody.html;https://www.eumedbridge.eu/news/tunisia-eu-supports-digitisation-justice-system-part-support-programme/,3,Low,no_year,No data year recorded - must be populated during verification.,,https://www.leaders.com.tn/article/29709-plaidoyer-pour-une-transformation-numerique-de-la-justice-en-tunisie;https://legislation-securite.tn/latest-laws/loi-n-68-23-du-24-juillet-1968-portant-refonte-du-code-de-procedure-penale/;https://www.interieur.gov.tn;https://www.unodc.org/romena/en/Stories/2019/May/tunisia_-strengthening-crime-scene-investigation-and-forensic-chain-of-custody.html,"Original sources (Ministry of Interior homepage, UNODC forensics story, EU justice-digitisation story) were fetched; none directly evidences data-capture status at rural police stations specifically, though they confirm digitisation efforts have concentrated on forensics training and the courts rather than police procedures. A fresh search found no Tunisia-specific study of rural police-station digitisation. A 2020 legal-commentary article confirms Tunisia's justice-sector digital transformation programme (2017-2020) explicitly did not extend electronic data exchange to the police, National Guard, customs or prison services, and that the Code of Criminal Procedure still requires a physical special register for garde-a-vue detentions at police posts. No evidence found of any digital case-management pilot at rural stations specifically. Score of 1 (entirely paper) stands, though the underlying evidence base for rural police specifically remains thinner than for the other facility types.",2020,medium,"Rural police stations and National Guard (gendarmerie) posts in Tunisia record incidents, complaints and detentions on paper. The Code of Criminal Procedure requires a physical register for garde-a-vue entries, and Tunisia's justice-sector digitisation programme has historically not extended electronic case exchange to the police, National Guard, customs or prison administration. No evidence of computerised case management, occurrence books or digital procès-verbaux at rural police facilities has been identified; handwritten procès-verbaux and registers remain the standard practice at the point of service.",
TUN,Tunisia,Rural Digitalisation,Status of digitalisation of records in rural facilities,Registry,Status,The status of digital data capture in rural civil registry offices,2,Mostly paper -  some digital,,"Rural registry offices in Tunisia (municipal civil status bureaus, including subsidiary offices, annexes, and mobile units covering rural areas) primarily record births and other civil events by hand in duplicate paper registers, which hold legal probative force. Events are then manually transcribed into the national Madania digital system by registrars for centralized database access and certificate issuance anywhere.Centre of Excellence for CRVS Systems Digitization began in major municipalities in the 1980s, with full national rollout by 2005, interconnecting all 350+ principal and subsidiary offices.Centre of Excellence for CRVS Systems The UNFPA notes the CRVS is only partially digitized, limited to births/deaths (excluding marriages/divorces).UNFPA Tunisia No evidence found of direct digital entry at point-of-service replacing paper as default in rural facilities; paper remains standard with digital for aggregation/reporting. Recent pilots (e.g., online certificate issuance 2022) enhance access but not recording. Barriers: Legal reliance on paper, infrastructure in remote areas. National ambition (Tunisie Digitale 2025) outpaces rural reality, where paper dominates despite equipment claims.",rural-registry-status,4,https://crvssystems.ca/sites/default/files/assets/files/SocialProtection_5_Tunisia_e_WEB.pdf;https://tunisia.unfpa.org/sites/default/files/pub-pdf/knowledge_brief_on_birth_registration_in_tunisia.pdf;https://unstats.un.org/unsd/demographic-social/meetings/2017/new-york--egm-on-management-and-evaluation-of-crvs-systems/Session19-Tunisia.pdf,3,Low,no_year,No data year recorded - must be populated during verification.,,https://documents1.worldbank.org/curated/en/149991601962913423/pdf/Diagnostic-of-ID-Systems-in-Tunisia.pdf;https://www.webmanagercenter.com/2021/03/20/465229/modernisation-de-la-plateforme-de-letat-civil-madania-signature-de-laccord-avec-un-consortium/;https://crvssystems.ca/sites/default/files/assets/files/SocialProtection_5_Tunisia_e_WEB.pdf,"Original sources were fetched and support the score. A fresh search located the World Bank's ID4D 'Diagnostic of ID Systems in Tunisia' report (2020), which gives the most detailed and authoritative account: civil events are recorded first in physical ledgers at the municipal level, with sole legal probative force, and are then manually transcribed into the Madania digital system by registrars. This directly matches 'Mostly paper - some digital' at the facility level. A March 2021 announcement confirmed an African Development Bank (BAD)-funded consortium contract to redesign Madania toward a more paperless model, but the paper register remained the legally authoritative record at the time of the most recent evidence found. Score of 2 confirmed, no change.",2021,high,"Rural civil registry offices in Tunisia (municipal civil status bureaus and their subsidiary offices, annexes and mobile units) record births, deaths and marriages by hand in duplicate paper registers, which hold sole legal probative force. Registrars then manually transcribe these events into the national Madania digital system, giving centralised database access and enabling certificate issuance from any municipal office. A modernisation contract for the Madania platform, financed by the African Development Bank, was signed in March 2021 with the aim of moving toward a more paperless model and improving interoperability with the national ID and other systems, but paper registers remain the primary point-of-service record while this reform is implemented.",
TUN,Tunisia,Rural Digitalisation,Status of digitalisation of records in rural facilities,School,Status,The status of digital data capture in rural primary schools,2,Mostly paper -  some digital,,"Tunisia has implemented national digital platforms like Tarbia.tn (launched under World Bank-supported PREFAT project targeting lagging/rural regions), enabling parents to track real-time attendance, assignments, and progress reports, with teachers managing classes digitally [We Are Tech Africa, World Bank PREFAT]. Equipped 1,600+ computer labs in primary schools, including rural areas, for digital tools. However, no direct evidence of entirely digital recording at rural primary school level for attendance, enrollment, grades; likely paper-based at facilities with aggregation/digital entry at higher levels, given EMIS-like systems common in region but pilots/donor-focused here. Rural infrastructure challenges persist (e.g., poor conditions per reports). Predominantly paper with significant digital pilots/central reporting.",rural-school-status,3,https://www.wearetech.africa/en/fils-uk/news/public-management/tunisia-unveils-digital-platform-to-boost-education-transparency-equity;https://www.worldbank.org/en/news/feature/2026/01/29/transforming-early-education-in-tunisia-prefat-s-impact-on-access-quality-and-innovation;https://www.tarbia.tn/ar,3,Low,no_year,No data year recorded - must be populated during verification.,,https://www.worldbank.org/en/news/feature/2026/01/29/transforming-early-education-in-tunisia-prefat-s-impact-on-access-quality-and-innovation;https://www.wearetech.africa/en/fils-uk/news/public-management/tunisia-unveils-digital-platform-to-boost-education-transparency-equity;https://doi.org/10.5296/gjes.v8i2.19995,"Original sources fetched and confirmed: the Tarbia.tn platform (launched January 2024) provides parents and teachers with a digital portal for attendance, grades and progress tracking, and the World Bank's PREFAT programme (feature published January 2026) confirms consolidation of digital services into tarbia.tn alongside continued infrastructure and teacher-training investment through 2025. A peer-reviewed study of primary-school teachers (Bahloul et al., 2022) found the large majority still do not use technology to produce educational documents and rely on manual/frontal methods, with digital tool use concentrated on browsing and downloading content rather than data entry. No facility-level evidence found that attendance, enrolment or grade data capture at rural primary schools has shifted from paper as the default; digital reporting appears to be populated at classroom or administrative level alongside, rather than replacing, paper record-keeping. Score of 2 (Mostly paper - some digital) confirmed, no change.",2026,medium,"Tunisia has rolled out national digital education platforms, including Tarbia.tn (launched 2024 under the World Bank-supported PREFAT project targeting lagging and rural regions), giving parents and teachers a portal to track attendance, assignments and progress, and has equipped over 1,600 primary school computer labs, including in rural areas. Digital services have been consolidated into this unified portal as part of the ongoing PREFAT programme through to 2025. Direct data capture at the point of service in rural primary schools, however, continues to rely substantially on manual, paper-based processes, with digital reporting populated at classroom or administrative level rather than replacing paper registers outright, producing a picture of predominantly paper-based recording with significant and growing digital elements.",
TZA,Tanzania,Rural Digitalisation,Status of digitalisation of records in rural facilities,Police,Status,The status of digital data capture in rural police stations,1,Entirely paper,,"Tanzania Police Force collects crime data at all stations (including rural), which is sent to a central Statistics Unit under the Director of Criminal Investigation for compilation and analysis into reports, indicating paper-based or aggregate reporting from rural stations rather than direct digital entry.Crime and Traffic Incidents Statistics Report Jan-Jun 2024 Online services exist for police clearance certificates (pcc.tpf.go.tz) and prosecutions case management (cmis.nps.go.tz), suggesting some digital aggregation at higher levels. Justice sector shows digital disparities in rural areas, with infrastructure gaps limiting e-systems at police/prison levels.Digitalization And Access To Adjudication In Tanzania No evidence of routine digital case/incident recording at rural police stations; central forensics handles records via fingerprints. Predominantly paper with some digital (central/pilots).",rural-police-status,2,"https://www.nbs.go.tz/uploads/statistics/documents/en-1755675635-Crime%20and%20Traffic%20Incidents%20Statistics%20January%20-%20June,%202024.pdf;https://rjpn.org/ijcspub/papers/IJCSP25C1124.pdf;https://polisi.go.tz",3,Low,no_year,No data year recorded - must be populated during verification.,,"https://www.nbs.go.tz/uploads/statistics/documents/en-1755675635-Crime%20and%20Traffic%20Incidents%20Statistics%20January%20-%20June,%202024.pdf;https://dailynews.co.tz/state-allocates-40-5bn-for-installation-of-abis-strengthening-ict/;https://polisi.go.tz","Confirmed. Cited sources verified: NBS Crime and Traffic Incidents Statistics Report (Jan-Jun 2024, published Oct 2024) and the official Tanzania Police Force site (polisi.go.tz) are live and relevant; the rjpn.org paper could not be retrieved (crawl timeout) but its claims are corroborated elsewhere. NBS report confirms crime data from all stations, including rural, is compiled centrally into a Statistics Unit under the Director of Criminal Investigation, consistent with paper-based/aggregate station-level reporting. Fresh search (Daily News, 17 May 2024, on the 2024/25 Home Affairs ICT budget) shows government digital investment - Automated Biometric Information System, a digital case-file management system linked to the DPP, and NICTBB connectivity - is targeted at Central Police Stations in 23 of Tanzania's regions, not ordinary rural stations. No authoritative source found describing digital record capture at the rural station level itself. Score 1 (Entirely paper) confirmed; no promotion warranted.",2024,medium,"Tanzania Police Force collects crime and traffic incident data at all stations, including rural ones, which is compiled by hand or in aggregate and forwarded to the central Statistics Unit under the Director of Criminal Investigations for national reporting (Crime and Traffic Incidents Statistics Report, January-June 2024). Recent government ICT investment - including a Crime Early Warning and Response System, an Automated Biometric Information System and a digital case-file management system linked to the Office of the Director of Public Prosecutions - has been directed at Central Police Stations in 23 of Tanzania's regions rather than at ordinary rural stations. Point-of-service record-keeping at rural police posts remains paper-based, with digitisation occurring only once data reaches central or regional level.",
TZA,Tanzania,Rural Digitalisation,Status of digitalisation of records in rural facilities,Registry,Status,The status of digital data capture in rural civil registry offices,1,Entirely paper,,"In rural Tanzania, birth registration at registry points (Ward Executive Offices and rural health facilities) is predominantly paper-based: registrars complete handwritten forms and issue hand-written certificates on-site.APAI-CRVS Snapshot;Decentralization Study. Digital elements include mobile phone uploads of basic data to RITA's central database post-registration and scanning forms for validation, but initial recording remains manual.APAI-CRVS Snapshot. National digital CRVS launched in 2022 has digitized over 3M records, with eRITA for online applications/certificates, but rural point-of-service unchanged per recent reports.Daily News. Barriers: poor infrastructure, low digital literacy, connectivity issues, reliance on partners for funding/ICT.UNECA Digitalization Report. Coverage ~28-38% (2017-18); decentralization improved access but not to majority digital POS. Gap: National ambitions (eRITA, digital infrastructure) vs rural paper default with aggregate digital reporting (score 2).",rural-registry-status,4,https://apai-crvs.uneca.org/sites/default/files/resourcefiles/CRVS_TanzaniaMainlandSnapshot_e.pdf;https://pmc.ncbi.nlm.nih.gov/articles/PMC7595116/;https://apai-crvs.uneca.org/sites/default/files/resourcefiles/Digitalization%20of%20Civil%20Registration%20and%20Vital%20Statistics%20in%20Africa.pdf,3,Low,no_year,No data year recorded - must be populated during verification.,2,https://www.unicef.org/tanzania/press-releases/simplified-birth-registration-implemented-all-26-regions-mainland-tanzania;https://papersmart.uneca.org/download/4733;https://pmc.ncbi.nlm.nih.gov/articles/PMC7595116/,"The APAI-CRVS country snapshot could not be retrieved directly (crawl timeout) but its claims are corroborated by other sources; PMC7595116 (Sanga et al. 2020) and the AfDB/COMESA digitalisation report were fetched and are relevant. Fresh, more specific evidence was found: the Under-Five Birth Registration Initiative (U5BRI), run by RITA with UNICEF/Tigo/Global Affairs Canada support, reached full nationwide rollout across all 26 mainland regions by 8 December 2023. At registration points (health facilities and Ward Executive Offices), registrars complete a two-part hand-written form (registration form plus certificate, issued immediately) while simultaneously using a mobile device/app to upload the same record to RITA's central database in real time (UNECA/GFF issues paper on Rwanda and Tanzania CRVS, 2022; Sanga et al. 2020). This is a genuine hybrid facility-level process - hand-written certificate issuance alongside real-time digital transmission - rather than purely paper capture. Given nationwide coverage of this dual paper/digital model since December 2023, facility-level status is better described as 'Mostly paper - some digital' (code 2) than 'Entirely paper' (code 1). This is a one-step change, not a promotion to the scale ceiling.",2023,high,"Rural civil registry services in Tanzania operate primarily through the Under-Five Birth Registration Initiative, which reached full nationwide coverage across all 26 mainland regions in December 2023. At registration points located in health facilities and Ward Executive Offices, registrars complete a hand-written two-part form - a registration form and an accompanying certificate, issued to the parent immediately - while simultaneously entering the same record via a mobile device or smartphone application that transmits the data to the Registration Insolvency and Trusteeship Agency's central database in real time. Vital events outside this under-five pathway, and district-level processing more broadly, still depend substantially on paper forms that are scanned and archived centrally afterwards. This produces a facility-level pattern of predominantly paper documentation combined with a genuine, real-time digital data channel, rather than a fully paper-based or fully digital process.",
TZA,Tanzania,Rural Digitalisation,Status of digitalisation of records in rural facilities,School,Status,The status of digital data capture in rural primary schools,1,Entirely paper,,"Rural primary schools in Tanzania predominantly use paper-based registers for recording administrative data, attendance, and learning outcomes, which are then aggregated manually into national EMIS systems at district or regional levels. Digital pilots exist, such as InfoTaaluma SMS/app in 253 schools (~4% of secondary schools, unclear primary coverage) and School Information System (SIS) with optional offline/mobile entry proposed in ESDP 2025/30, but these are isolated donor/NGO projects or emerging, not standard at most rural facilities. National EMIS/BEST relies on annual paper forms (TSA) from schools, with rural data gaps due to poor infrastructure, electricity/internet shortages, low digital literacy, and uneven ICT distribution.Tanzania ESDP 2025/30;World Bank SABER. Key barriers: lack of reliable power/internet in rural areas (high cost, sporadic access), inadequate devices/training, teacher workload. National ambitions (ESMIS prototype 2025, digital strategy) outpace rural reality, where paper remains default for point-of-service recording. Score 2 reflects predominant paper with limited digital pilots/aggregation.",rural-school-status,3,https://www.moe.go.tz/sites/default/files/ESDP%202025-26%20hadi%202029-30%20Final-%2026%20February%202025.pdf;https://documents1.worldbank.org/curated/en/700811625119767503/pdf/Making-Great-Strides-Yet-a-Learning-Crisis-Remains-in-Tanzania-Results-of-the-SDI-and-SABER-service-Delivery-Surveys.pdf;https://openjicareport.jica.go.jp/pdf/11798204_04.pdf,3,Low,no_year,No data year recorded - must be populated during verification.,2,https://www.policyforum-tz.org/blog/2025-09-22/major-knowledge-gap-education-information-systems-unrecognized-challenge-mbeya;https://www.policyforum-tz.org/blog/2026-03-19/education-data-no-one-collects-why-we-do-not-know-how-many-rural-students-actually;https://www.moe.go.tz/sites/default/files/DIGITAL%20NATIONAL%20STRATEGY%202025_0.pdf,"Original sources (ESDP 2025/26-2029/30 and the World Bank SDI/SABER survey) were fetched and are relevant, though dated (SDI/SABER survey is from 2019). The Value Code of 1 ('Entirely paper') did not match the accompanying Comments text, which explicitly concluded 'Score 2 reflects predominant paper with limited digital pilots/aggregation' - an internal inconsistency in the original row. Fresh evidence supports code 2: rural primary schools submit official statistics (enrolment, staffing, facilities) via TAMISEMI's Sensa Elimu Msingi online census/EMIS portal, which has replaced the older fully manual reporting process at the point of submission. However, investigative reporting on Mbeya District (Rural Youth Collective survey, August 2025, reported September 2025 and March 2026) finds that day-to-day records - attendance and examination scores - are still taken on paper by teachers and only later entered into EMIS/Sensa Elimu Msingi, frequently by a single self-taught teacher per school (only one in five surveyed schools had any staff member with basic EMIS understanding). The Ministry's Digital National Strategy 2025 confirms partial ICT penetration (61.9% of primary schools grid-connected as of 2023, with 17,700 desktop and 10,384 laptop computers in primary schools nationally) alongside persistent rural connectivity and device gaps. This corroborates the Comments-stated code of 2 rather than the erroneous Value Code of 1.",2025,medium,"Rural primary schools in Tanzania record day-to-day administrative data - attendance registers and examination results - on paper, which teachers complete manually as part of routine practice. Aggregated statistics are subsequently entered into the government's online education data systems, principally TAMISEMI's Sensa Elimu Msingi census portal and the Ministry of Education's EMIS/BEST platform, which have replaced fully manual reporting for annual school censuses. In practice this digital step is often carried out by a single, frequently self-taught, member of staff per school, since formal EMIS training does not reach most rural teachers. Persistent constraints - unreliable electricity and internet connectivity, a shortage of computers, and low digital literacy - mean that most rural schools rely on paper at the point of data capture, with digital systems used mainly for subsequent transmission and aggregation rather than for original recording.",
TZA,Tanzania,Rural Digitalisation,Status of digitalisation of records in rural facilities,Clinic,Status,The status of digital data capture in rural primary healthcare clinics,3,Mostly digital - some paper,,"Rural clinics (dispensaries/health centres) in Tanzania predominantly use digital systems like GoTHoMIS for patient records at point of service, deployed in >3,000 PHC facilities including ~71% of dispensaries (5,545 total facilities, 75% coverage as of 2025).Kapsule Tech citing official stats; Ifakara Report Pilots have scaled nationally via HSSP V and Digital Health Strategy. However, parallel paper use persists due to infrastructure gaps (power/internet), training deficits, and workarounds in rural areas; studies show partial implementation and lower rural EMR data use.Emerald study on parallel use; Frontiers Dodoma rural low Barriers: poor connectivity, HR shortages, low digital literacy among rural staff.DHL study National policy aims full digital, but rural lags in full adoption/reliable use vs urban/higher levels, with DHIS2 mainly for aggregate reporting.DHIS2 site",rural-clinic-status,1,https://ihi.or.tz/media/List_and_report/MTR_Data_Management_-_REPORT_iGUVS7W.pdf;https://kapsuletech.com/blog/tanzania-healthcare-system/;https://pmc.ncbi.nlm.nih.gov/articles/PMC12605890/;https://www.frontiersin.org/journals/digital-health/articles/10.3389/fdgth.2023.1259268/full;https://www.emerald.com/rmj/article/36/1/69/1307296/Transitioning-to-digital-systems-in-Tanzanian,5,Low,no_year,No data year recorded - must be populated during verification.,2,https://ihi.or.tz/media/List_and_report/MTR_Data_Management_-_REPORT_iGUVS7W.pdf;https://link.springer.com/article/10.1186/s12982-025-01094-4;https://pmc.ncbi.nlm.nih.gov/articles/PMC12605890/,"The Kapsuletech blog (a commercial research-services site, not a primary source) claimed GoTHoMIS covers '~71% of dispensaries' with '75% coverage as of 2025', but this figure could not be traced to an official source and is contradicted by primary data. The most authoritative and current source, the Ministry of Health-commissioned Mid-Term Review of HSSP V (Ifakara Health Institute, March 2025), draws on the official Service Availability and Readiness Assessment (SARA) 2023 and reports that only 34% of health facilities nationally have computers with internet access, falling to 27% for dispensaries specifically - the facility type that makes up the great majority of rural primary healthcare provision (5,893 of 7,585 total facilities are dispensaries, per University of Dodoma repository data on MoH 2022 figures). GoTHoMIS itself is used by only 10.6% of dispensaries, versus 44.9% of health centres. A further peer-reviewed study (Mwogosi, Discover Public Health / Digital Health, 2025) conducted in Dodoma region found only 41.4% of workstations in rural/dispensary settings had reliable internet, and that rural-based health managers were significantly less likely to use EMR data than urban counterparts (AOR=0.46). Taken together, this evidence indicates rural primary healthcare clinics remain predominantly paper-based at the point of care, with digital capture (chiefly via GoTHoMIS) present but a minority practice nationally - better matching 'Mostly paper - some digital' (code 2) than the original 'Mostly digital - some paper' (code 3). This is a downgrade based on more authoritative, more recent primary survey data (SARA 2023) than the original commercial blog source.",2023,high,"Rural primary healthcare clinics in Tanzania - predominantly dispensaries, which account for the large majority of primary-level facilities - remain mostly paper-based in their point-of-care record-keeping. According to the 2023 Service Availability and Readiness Assessment, only 27% of dispensaries have a computer with internet access, and just 10.6% use the Government of Tanzania Health Operations Management Information System (GoTHoMIS), the main electronic medical record platform for primary care; health centres fare somewhat better, at 44.9% GoTHoMIS usage. Where GoTHoMIS or similar systems are in place, workstation and internet reliability remain weak in rural settings, and rural health managers use digital records in decision-making markedly less than their urban counterparts. The result is a facility-level pattern in which paper registers remain the norm for the majority of rural clinics, with digital data capture present at a meaningful but minority share of facilities.",
UGA,Uganda,Rural Digitalisation,Status of digitalisation of records in rural facilities,Clinic,Status,The status of digital data capture in rural primary healthcare clinics,1,Entirely paper,,"Rural primary clinics (HC II/III) in Uganda predominantly use paper-based registers for patient data recording at point of care, including outpatient/inpatient registers, lab forms, and HMIS tools. Aggregate data from these paper forms is later transcribed into DHIS2 at district level for reporting, leading to errors and delays. Digital systems like EMRs (e.g., UgandaEMR) and DHIS2 are available in higher facilities (HCIV+) but mostly program-specific (HIV), with hybrid paper-digital dominant (94%+ HCIVs); pure digital rare (1-2%). Pilots like Stre@mline exist in select rural hospitals but not scaled nationally. Barriers include unreliable electricity/internet in rural areas (~12% stable connectivity), staff shortages, high turnover, poor ICT infrastructure, and donor-driven silos. National policies (2023-2025 Digital Health Strategy) aim for point-of-care digital by 2025/26, but rural reality lags, with paper default and digital for upward reporting only.",rural-clinic-status,1,https://pmc.ncbi.nlm.nih.gov/articles/PMC12816509/;https://pmc.ncbi.nlm.nih.gov/articles/PMC12512544/;https://direct.mit.edu/dint/article/4/4/882/112748/Information-Streams-in-Health-Facilities-The-Case,3,Low,no_year,No data year recorded - must be populated during verification.,2,https://health.go.ug/electronic-medical-records-rollout-transforms-patient-care-and-data-management/;https://link.springer.com/article/10.1186/s12911-025-03190-6;https://pmc.ncbi.nlm.nih.gov/articles/PMC12512544/,"Fetched the two reachable cited sources (the MIT DINT article returned a 403 and could not be verified). The 2025 cross-sectional BMC study (265 government facilities) confirms 94.3% use a hybrid of paper and electronic records, with only 1.9% purely digital, supporting a 'some digital' element rather than 'entirely paper'. A June 2025 Ministry of Health account confirms EMR rollout (Clinic Master/eAFYA) has reached only 5 Health Centre IVs and 2 Health Centre IIIs nationally as the main programme, but the disease-specific Uganda EMR (HIV/TB) is deployed at 'selected health centre IIs' as ART sites, meaning some rural primary clinics do capture some patient data digitally at point of care. Recalculated from 1 (Entirely paper) to 2 (Mostly paper - some digital) since the evidence, read in full, shows a minority digital presence at rural facility level rather than none. Not a top-of-scale promotion so no escalation required.",2025,high,"Rural primary healthcare facilities (Health Centre II/III) in Uganda continue to rely predominantly on paper-based registers, including outpatient, inpatient, maternity and HMIS tools, for point-of-care data capture. Nationally, 94.3% of surveyed public health facilities operate a hybrid of paper and electronic record systems, with purely digital record-keeping present in only 1.9% of facilities. The Ministry of Health's main Electronic Medical Records rollout (Clinic Master and eAFYA) had, by 2025, reached only 5 Health Centre IVs and 2 Health Centre IIIs nationwide, concentrating instead on national, regional and general hospitals. However, the disease-specific UgandaEMR platform for HIV/TB patients is deployed at selected Health Centre II ART sites, so some rural clinics do capture a subset of patient data digitally alongside continued paper-based routine registers. This combination of a dominant paper default with a minority of digital, programme-specific data capture characterises rural clinics as mostly paper with some digital elements.",
UGA,Uganda,Rural Digitalisation,Status of digitalisation of records in rural facilities,Police,Status,The status of digital data capture in rural police stations,1,Entirely paper,,"Rural police stations in Uganda predominantly use paper-based recording for case files, complaints, and incidents. Standard practice involves manual entry in hard-backed occurrence books as the foundation document for all reports, with no evidence of digital replacement at station level, especially rural ones lacking infrastructure (no reliable electricity, internet, or computers). A 2017 Crime Records Management System (CRMS) was developed for CID case tracking, piloted only in 10 Kampala divisions—not rural or station-level. Judiciary is digitizing (ECCMIS), but police stations remain manual per UK DFID 1998 evaluation (still relevant as no rural rollout found). US State Dept HR reports describe investigations without noting digital tools at stations. UNODC notes digital in prosecution/judiciary, not police. Annual crime reports imply aggregate data entry post-paper collection. Score 1: entirely paper-based at rural facilities.",rural-police-status,2,https://upf.go.ug/police-develops-crime-records-management-system/;https://assets.publishing.service.gov.uk/media/5a78d60ced915d07d35b2cde/ev591.pdf;https://www.state.gov/wp-content/uploads/2024/02/528267_UGANDA-2023-HUMAN-RIGHTS-REPORT.pdf,3,Low,no_year,No data year recorded - must be populated during verification.,,https://upf.go.ug/police-develops-crime-records-management-system/;https://www.independent.co.ug/police-upgrades-digital-crime-record-management-system/;https://upf.go.ug/media-briefing-on-implementation-of-the-sub-county-policing-model-scpm/,"Fetched the Uganda Police Force source (accessible); the UK Home Office evaluation and US State Department PDF were unreachable/blocked in this check. Follow-up searches found the Crime Records Management System (CRMS) was upgraded in 2021 but at that point was still 'soon' to be tested 'upcountry' beyond Kampala, with no confirmation of a subsequent rural rollout. A 2025 Crime Data Analysis Centre was launched, but this is a centralised analytics hub at Police Headquarters, not a station-level records system, and the 2025 Sub-County Policing Model announcement (which covers staffing and deployment to every sub-county) makes no reference to digitising station records. Confirmed at 1 (Entirely paper) for rural stations; no authoritative evidence of digital record capture at rural police station level was found.",2025,medium,"Rural police stations in Uganda continue to record case files, complaints and incidents using paper-based occurrence books and hard files at the point of service. The Crime Records Management System (CRMS), developed from 2013 and first piloted in ten Kampala Metropolitan divisions from 2017, was upgraded in 2021 but as of that upgrade remained under testing beyond Kampala, with no confirmed extension to rural stations. The 2025 Sub-County Policing Model focuses on deploying personnel to every sub-county, and a new Crime Data Analysis Centre opened in 2025 as a centralised analytics hub at Police Headquarters, but neither initiative digitises data capture at individual rural police stations. Record-keeping at rural stations therefore remains entirely paper-based.",
UGA,Uganda,Rural Digitalisation,Status of digitalisation of records in rural facilities,Registry,Status,The status of digital data capture in rural civil registry offices,2,Mostly paper -  some digital,,"Rural registry offices (86% of 152 total birth/death registration offices at district level) conduct birth registration using paper-based processes at the point of service. Data is later entered digitally at regional levels and transferred via CDs/flash drives to national database. All local offices have computers, but registration remains manual/paper. Mobile Vital Record System (piloted 2013 with UNICEF) enables birth notifications from rural areas via mobile to central database, but full registration still requires paper at district registries. Low completeness (~32% children under 5 registered, 2016). Barriers: distance (>10km to offices, up to 4hr travel), low awareness, costs for certificates. National digital ID push (2025-26 MOSIP migration 28M+ records) focuses on IDs, not CRVS point-of-service in rural registries. Pilots like mobile notification indicate some digital elements, but default is paper at rural facilities. Gap: National ambitions for integrated digital ID/CRVS exist, but rural point-of-registration lags due to infrastructure/connectivity issues. (178 words)",rural-registry-status,4,https://apai-crvs.uneca.org/sites/default/files/resourcefiles/CRVS_UgandaSnapshot_e.pdf;https://www.ubos.org/wp-content/uploads/publications/Uganda-Vital-Statistics-Report-2024.pdf;https://data.worldbank.org/indicator/SP.REG.BRTH.RU.ZS?locations=UG,3,Low,no_year,No data year recorded - must be populated during verification.,,https://www.ubos.org/wp-content/uploads/publications/Uganda-Vital-Statistics-Report-2024.pdf;https://doi.org/10.1007/s44250-025-00295-7;https://ursb.go.ug/2025/04/29/digital-transformation-takes-centre-stage-at-ursb-nira-handover-of-civil-registration/,"Fetched the Uganda Vital Statistics Report 2024 (UBOS, published July 2025); the original 2019 CRVS snapshot is now dated but broadly consistent. Fresh searches confirm the Mobile Vital Records System (MVRS, operating since 2014) still requires paper-based notification and registration forms at Sub-County/Division offices, with district-level staff entering details into the digital MVRS database (135 hospitals and 117 district registration centres). A 2025 study using 2020-2024 NIRA administrative data (2.3m+ birth notifications) confirms persistent rural-urban gaps in registration timeliness, consistent with paper-driven, facility-dependent processes in rural areas. A 2025 URSB-NIRA handover speech confirms marriage records have been digitised nationally, but this does not describe rural civil registry offices specifically. Confirmed at 2 (Mostly paper - some digital); evidence continues to support both a paper-dominant registration process and genuine digital elements (computerised entry, digital notification channels).",2024,high,"Rural civil registry offices in Uganda register births and other vital events primarily through paper-based forms completed at Sub-County or Division offices at the point of service. The Mobile Vital Records System (MVRS), operational since 2014 through a partnership between the Uganda Registration Services Bureau, UNICEF and a telecom operator, supports digital birth notification and processing across 135 hospitals and 117 district-level registration centres, with district staff entering notification details into the digital MVRS database rather than registration occurring digitally at first point of contact. Administrative data covering 2020-2024 shows persistent rural-urban disparities in registration timeliness, consistent with a facility- and paper-dependent registration process in rural areas. Marriage records have been digitised nationally through the National Marriage Registration System, though this affects national administration more than rural point-of-service registration. Overall, rural registry offices combine a dominant paper-based registration process with partial digital elements such as computerised data entry and digital notification channels.",
UGA,Uganda,Rural Digitalisation,Status of digitalisation of records in rural facilities,School,Status,The status of digital data capture in rural primary schools,2,Mostly paper -  some digital,,"Rural primary schools in Uganda predominantly use paper-based registers for recording administrative data, attendance, and learning outcomes at the point of service. Head teachers fill extensive paper forms for the Annual School Census (ASC), which are submitted to District Education Offices (DEOs) and manually entered into national EMIS systems.UNESCO EMIS Uganda Case Study%20and%20Data%20for%20Increased%20Resilience%20to%20Crisis_%20country%20case%20study_%20Uganda.pdf) EMIS data collection stalled post-2017 due to poor coverage and quality from paper processes. Digital pilots exist, such as DHIS2-DEMIS (termly paper tools digitized at district level in 10/175 sites since 2019, including rural Gulu/Entebbe) and SMS attendance (eduTrac in 37 districts, SESIL in rural West Nile).DHIS2 Uganda No evidence of majority rural schools using digital tools routinely at point-of-service; daily attendance remains manual, aggregated on paper. Key barriers: lack of electricity (13% rural households connected), computers/internet, trained staff, poor roads limiting verification; rural-urban digital divide stark.Afrobarometer National EMIS ambitions contrast with rural paper reality, reliant on donor pilots not scaled nationwide.",rural-school-status,3,https://www.educationcannotwait.org/sites/default/files/2022-03/Strengthening%20Education%20Management%20Information%20Systems%20(EMIS;https://education.dhis2.org/routine-data-collection-uganda/;https://www.afrobarometer.org/wp-content/uploads/2022/04/ad515-barriers_to_e-learning_in_uganda-afrobarometer_dispatch-10april22.pdf,3,Low,no_year,No data year recorded - must be populated during verification.,,https://education.dhis2.org/routine-data-collection-uganda/;https://www.globalpartnership.org/blog/now-we-plan-confidence-enhancing-decision-making-through-data-systems-uganda;https://govinfohub.go.ug/index.php/2024/05/07/education-ministrys-digital-tool-to-curb-teacher-absenteeism/,"Fetched the DHIS2 case study and the Afrobarometer dispatch; the Education Cannot Wait PDF link in the original citation was malformed/broken and could not be fetched. Fresh searches confirm rural primary schools still submit paper Annual School Census forms for manual EMIS entry, while DHIS2-DEMIS remains a limited pilot (a July 2025 GPE blog describes it scaling from district to school level in Gulu district as part of an ongoing KIX-SEEDS research project, still not nationwide). The TELA biometric/GPS teacher-attendance tool was piloted in around 920 schools across ten Eastern Uganda districts from 2019 but stalled due to a funding shortfall, per a 2024 government report, and has not been confirmed as scaled since. The 2025 Baseline Education Census gathers infrastructure/enrolment data for all 88,242 schools nationally but is a periodic census exercise, not routine digital data capture at school level. Confirmed at 2 (Mostly paper - some digital); no evidence supports either 1 (entirely paper, given confirmed digital pilots) or 3+ (given pilots remain small-scale and unscaled).",2025,high,"Rural primary schools in Uganda continue to rely predominantly on paper-based registers for recording attendance and administrative data at the point of service, with head teachers completing manual Annual School Census forms that are later entered into the national Education Management Information System. Digital pilots operate in a minority of rural schools: the DHIS2-DEMIS platform supports termly data capture in a small number of districts, including Gulu in Northern Uganda, where a 2025 initiative is extending it from district to school level, and the TELA biometric and GPS-based attendance tool was piloted in around 920 schools across ten Eastern Uganda districts from 2019 but has not been scaled nationally, in part due to funding constraints and limited rural electricity and internet coverage. A 2025 national Baseline Education Census recorded basic infrastructure and enrolment data across all schools, but this is a periodic census exercise rather than routine digital data capture at school level. Paper remains the default for day-to-day record-keeping in rural primary schools, with digital tools present only in specific pilot districts.",
ZAF,South Africa,Rural Digitalisation,Status of digitalisation of records in rural facilities,Clinic,Status,The status of digital data capture in rural primary healthcare clinics,2,Mostly paper -  some digital,,"Rural primary healthcare clinics in South Africa predominantly use paper-based systems for recording patient data at the point of service, including patient records and tick registers (manual logbooks for services like vaccinations, antenatal care). Clinicians record data manually, consolidate monthly into paper forms, and dedicated data capturers then enter aggregates into DHIS2 for national reporting—not used for individual patient records at point-of-care.Quality of routine health data in DHIS2 (SciELO SA) No national EHR exists in public primary clinics; existing digital tools (e.g., Tier.net for HIV/TB, HPRS for demographics) are stand-alone inventories or back-end digitization from paper, with clinicians lacking real-time digital access during consultations.Exploring barriers to EHRs (Frontiers) Digital pilots like E-tick (electronic tick register) stalled after district-level trials in urban Gauteng; Western Cape's PHCIS offers partial digital entry but retains paper barcodes.E-tick case study (JMIR) Key barriers: poor rural connectivity (40% facilities lack reliable internet), hardware theft, funding shortages, skills gaps, governance issues, urban-rural divide. National ambitions (NHI, Digital Health Strategy) focus on future EHRs, but rural point-of-service remains paper-default with digital only for upward aggregation—gap evident in poor DHIS2 data quality from transcription errors.",rural-clinic-status,1,https://scielo.org.za/pdf/sajim/v26n1/55.pdf;https://pmc.ncbi.nlm.nih.gov/articles/PMC10437058/;https://medinform.jmir.org/2026/1/e73831,3,Low,no_year,No data year recorded - must be populated during verification.,,https://medinform.jmir.org/2026/1/e73831;https://pmg.org.za/committee-question/31734/;https://doi.org/10.70211/ltsm.3026-7196.324;https://pmc.ncbi.nlm.nih.gov/articles/PMC10437058/,"Fetched all three originally cited sources (SciELO DHIS2 data-quality study, PMC EHR-barriers study, JMIR E-tick case study) and confirmed they are relevant to South Africa and support paper-default point-of-care capture in rural clinics. Ran further searches for fresher evidence: a Parliamentary Monitoring Group Q&A to the Minister of Health (2025/26) confirms the National Department of Health's unified EMR reached Beta implementation in only 36 PHC facilities as of March 2025, with scale-up to the 3,083 fixed PHC facilities across eight provinces not beginning until January 2026; a December 2025 study of rural Eastern Cape facilities finds digital tools (DHIS2, HMS2, e-Tick, HPRS, LabTrak) used mainly for aggregation/reporting rather than point-of-care capture, with paper reversion common due to connectivity and power failures. This corroborates rather than contradicts the existing score. Score of 2 (Mostly paper - some digital) confirmed; not escalated as evidence does not support majority digital point-of-care capture.",2025,high,"Rural primary healthcare clinics in South Africa remain predominantly paper-based at the point of care, with digital tools used mainly for downstream aggregation and reporting rather than real-time capture. Clinicians in rural Eastern Cape facilities record patient encounters manually and enter data into systems such as DHIS2, HMS2, e-Tick, HPRS and LabTrak only after the fact, constrained by unreliable connectivity and power outages. The National Department of Health's unified Electronic Medical Record solution reached Beta implementation in only 36 primary healthcare facilities nationally by March 2025, with full roll-out across the 3,083 fixed PHC facilities in eight provinces not scheduled to begin until January 2026. As of the 2024/25 Ideal Clinic Assessment, a small but meaningful share of reporting PHC facilities still lacked internet access altogether. Point-of-service data capture in rural clinics is therefore best characterised as mostly paper-based with some digital elements.",
ZAF,South Africa,Rural Digitalisation,Status of digitalisation of records in rural facilities,Police,Status,The status of digital data capture in rural police stations,2,Mostly paper -  some digital,,"Rural police stations in South Africa predominantly use manual paper-based docket systems for recording criminal cases and complaints, strained by rising crime rates.Electronic Docket Adoption in Rural Police Stations The national ICDMS (e-docket) system, rolled out to ~80% of stations by 2017 (including many rural), aims for electronic case management but faces poor implementation, low training (e.g., 72.7% detectives untrained in 2019), lost dockets, and no external linkages.MEC Albert Fritz on e-docket Recent 2024-2025 studies highlight ongoing barriers in rural areas like Amatole district (Eastern Cape): low computer literacy, poor infrastructure access, socio-economic challenges.Electronic Docket Adoption in Rural Police Stations Security issues persist even where e-dockets used (e.g., password-only access, manual backups).Keeping e-dockets secure in Limpopo No evidence majority of rural stations routinely use digital at point-of-service; adoption limited to pilots/challenges, with paper default. Key barriers: infrastructure, skills, connectivity in rural areas. National ambition (ICDMS) outpaces rural reality, where paper remains primary.SAPS Annual Report 2022/23",rural-police-status,2,https://www.igi-global.com/article/electronic-docket-adoption-in-rural-police-stations/357268;https://www.gov.za/news/media-statements/mec-albert-fritz-e-docket-software-not-being-effectively-used-saps-and-courts;https://journals.co.za/doi/10.17159/sacq.n74.19281,3,Low,no_year,No data year recorded - must be populated during verification.,,https://doi.org/10.4018/jcit.357268;https://www.sabcnews.com/sabcnews/saps-partners-with-private-sector-in-digitizing-case-dockets/;https://themercury.co.za/2025-08-07-obsolete-communication-infrastructure-a-critical-challenge-for-saps-in-kzn/;https://journals.co.za/doi/10.17159/sacq.n74.19281,"Fetched all three originally cited sources (IGI Global Amatole rural policing study, gov.za MEC Fritz media statement, SA Crime Quarterly Limpopo e-docket security study) and confirmed relevance and support for a paper-default rural picture. Further searches found the Amatole study's underlying data (80% of officers lack ICDMS access, 65% still rely predominantly on pen and paper), an April 2025 SABC News report confirming SAPS has only just begun a private-sector docket digitisation partnership starting with five police stations nationally, and an August 2025 report on outdated rural station infrastructure (VSAT connectivity, obsolete equipment) in KwaZulu-Natal. All evidence is consistent and corroborates rather than contradicts the existing score. Score of 2 (Mostly paper - some digital) confirmed.",2025,high,"Rural police stations in South Africa continue to rely predominantly on manual, paper-based docket management at the point of service. The Integrated Case Docket Management System (ICDMS), rolled out to around 80% of stations nationally since 2017, remains underused in rural areas: a study of the Amatole district (Eastern Cape) found 80% of officers lacked access to the ICDMS and 65% still used paper as the predominant method, while a 2025 assessment of police infrastructure in KwaZulu-Natal describes rural stations as still reliant on outdated equipment and VSAT connectivity. In April 2025 SAPS announced a new private-sector partnership to digitise dockets, beginning with just five police stations nationally, underscoring how limited full digitisation remains. Rural docket management is therefore mostly paper-based with some digital capability.",
ZAF,South Africa,Rural Digitalisation,Status of digitalisation of records in rural facilities,Registry,Status,The status of digital data capture in rural civil registry offices,2,Mostly paper -  some digital,,"Rural registry offices (Department of Home Affairs points) in South Africa primarily use paper-based forms (e.g., DHA-24) for birth registration at point of service, requiring in-person visits.South African Government Parents in remote areas face barriers like long travel distances, poverty, and inadequate infrastructure, leading to late registrations.Legalwise/CSO submission to OHCHR Digital initiatives include online birth registration at 391 health facilities (mostly urban/hospital-based), but only 8/91 targeted priority (rural/low-resource) facilities equipped due to connectivity and IT limitations.Centre for Child Law 2025 Mobile Registration Units with digital tools serve remote areas as special outreach, not standard.Legalwise/CSO DHA's 2025-2030 plan emphasizes national digital transformation (e.g., e-Birth, Digital ID), but current rural PoS remains predominantly paper with isolated digital pilots/outreach.DHA Strategic Plan Key barriers: poor rural connectivity, underfunding, reliance on physical offices. National policy aspires to full digital, but rural reality lags, with paper default.",rural-registry-status,4,https://www.gov.za/services/services-residents/birth/register-birth;https://www.centreforchildlaw.co.za/dev/wp-content/uploads/2025/07/Centre-for-Child-Law-submissions-ACERWC-10.7.2025-final.pdf;https://www.dha.gov.za/images/AnnualReports/DHA-STRATEGIC-PLAN-25-30.pdf,3,Low,no_year,No data year recorded - must be populated during verification.,,https://www.dha.gov.za/images/AnnualReports/Updated-Revised-APP-2025-26_3Nov25.pdf;https://www.centreforchildlaw.co.za/dev/wp-content/uploads/2025/07/Centre-for-Child-Law-submissions-ACERWC-10.7.2025-final.pdf;https://www.dailydispatch.co.za/news/2025-10-17-soon-youll-renew-your-id-or-passport-from-home-says-home-affairs/;https://www.gov.za/services/services-residents/birth/register-birth,"Fetched all three originally cited sources (gov.za birth registration service page, Centre for Child Law 2025 submission on digitalisation of birth registration, DHA 2025-2030 Strategic Plan) and confirmed they support a paper-default characterisation of rural registry offices. Further search found DHA's Annual Performance Plan 2025/26 (tabled November 2025), which confirms only 242 health facilities had online birth registration by 2024/25 (concentrated in larger maternity units, not remote Home Affairs offices), with just 9 further facilities and 47 automation sites targeted for 2025/26 - a small fraction of the national office network. October 2025 press coverage of DHA's digital transformation plans confirms rural in-person offices remain the norm, with digital reforms still at the pilot/rollout stage. Evidence corroborates the existing score. Score of 2 (Mostly paper - some digital) confirmed.",2025,high,"Rural civil registry services in South Africa (Department of Home Affairs offices) remain largely paper-based at the point of service, requiring in-person registration using paper forms such as the DHA-24. Digital birth registration has been extended to health facilities - 242 facilities by 2024/25 - but these are concentrated at maternity units in larger hospitals rather than the rural, low-resource facilities that most affect remote populations; the Department's 2025/26 Annual Performance Plan targets only a further 9 health facilities for online birth registration and 47 for automation of the birth process, a small fraction of the national facility network. Mobile registration units provide occasional digital outreach to remote areas, but this remains a special measure rather than the standard rural service. Rural registry data capture is therefore best characterised as mostly paper-based with some digital elements.",
ZAF,South Africa,Rural Digitalisation,Status of digitalisation of records in rural facilities,School,Status,The status of digital data capture in rural primary schools,2,Mostly paper -  some digital,,"Rural primary schools in South Africa use the South African School Administration and Management System (SA-SAMS), a digital tool for recording administrative data, attendance, and learning outcomes, which feeds into the national EMIS. DBE reports 99.64% school adoption (excl. Western Cape), implying widespread including rural deployment with 81% connectivity. However, recent peer-reviewed studies on rural districts (iLembe, Eastern Cape) reveal predominant paper-based practices with some digital: discrepancies between manual records and digital entries persist, SA-SAMS underutilized due to unreliable internet/power, outdated hardware, insufficient training/support, and low digital literacy. Data often collected via hybrid methods, with batch uploads to provincial systems rather than real-time point-of-service entry. No evidence of majority rural facilities routinely using digital as default; challenges indicate paper default with digital for aggregate reporting. Key barriers: infrastructure deficits, training gaps, digital divide. National policy pushes SA-SAMS universally, but rural reality lags due to resource constraints, creating a gap where digital ambition exceeds implementation (198 words).",rural-school-status,3,https://www.gov.za/sites/default/files/gcis_document/202511/dbeannualreport20242025.pdf;https://files.eric.ed.gov/fulltext/EJ1467203.pdf;https://www.scirp.org/journal/paperinformation?paperid=137516,3,Low,no_year,No data year recorded - must be populated during verification.,,https://doi.org/10.53378/ijemds.353274;https://doi.org/10.63212/ijds25080302;https://www.scirp.org/journal/paperinformation?paperid=137516;https://files.eric.ed.gov/fulltext/EJ1467203.pdf,"Fetched all three originally cited sources (DBE Annual Report 2024/25, ERIC scoping review on iLembe rural schools, SCIRP SA-SAMS paper-to-pixels study) and confirmed they support a mixed paper/digital characterisation. Further searches found a November 2025 study of rural Eastern Cape schools (Buffalo City) and a January 2026 qualitative study of rural KwaZulu-Natal schools, both confirming that unreliable connectivity, ageing hardware and limited technical support cause frequent reversion to manual record-keeping at the point of capture, despite near-universal formal SA-SAMS deployment. This is consistent with, rather than contradicting, the existing score. Score of 2 (Mostly paper - some digital) confirmed; not escalated to 3 because point-of-capture practice, not just system deployment, is the relevant test and multiple 2025/2026 sources describe frequent manual data capture in rural schools.",2025,high,"Rural primary schools in South Africa use the South African School Administration and Management System (SA-SAMS) as the mandated digital administrative platform, with the Department of Basic Education reporting near-universal school-level adoption. However, qualitative studies from late 2025 and early 2026 covering rural districts in the Eastern Cape and KwaZulu-Natal consistently find that unreliable internet connectivity, ageing hardware and limited technical support cause staff to revert to manual record-keeping for day-to-day data capture, with digital entry often completed later once connectivity allows. Point-of-service data capture in rural primary schools therefore remains mostly paper-based with some digital use, rather than digital-first.",
ZMB,Zambia,Rural Digitalisation,Status of digitalisation of records in rural facilities,Police,Status,The status of digital data capture in rural police stations,1,Entirely paper,,"Rural police stations in Zambia predominantly use entirely paper-based systems for recording criminal cases and complaints. Baseline studies (2020) show 85.2% of police stations map crimes using physical maps and pins, with all stations processing crime reports manually into occurrence books, registers, and dockets; no digital entry at point of service. Paper forms are filled for complaints, witness statements, case dockets, police bonds, etc. Recent efforts (2026) by SMART Zambia to equip 40 stations with networking gear for centralized digital systems indicate ongoing pilots or upgrades, but these are nascent and not yet standard. Challenges include poor rural ICT infrastructure, low officer computer skills (24% trained), electricity/power issues, transport shortages, and manual data aggregation at higher levels. National ambitions for e-policing (proposed systems like cloud crime mapping, ZPS platform) and digital transformation (GMIS, e-learning) exist, but rural point-of-care remains paper-reliant, with data likely transcribed later at district levels. No evidence majority of rural stations use digital routinely; isolated national-level tools (AFIS fingerprints) do not extend to case recording. Score 1 reflects entirely paper at rural facilities despite policy pushes.",rural-police-status,2,https://thesai.org/Downloads/Volume11No1/Paper_32-Crime_Mapping_Model_based_on_Cloud_and_Spatial_Data.pdf;https://www.ijirset.com/upload/2015/december/141_Secure_F.pdf;http://article.sapub.org/10.5923.j.scit.20160602.03.html,3,Low,no_year,No data year recorded - must be populated during verification.,,https://doi.org/10.51867/ajernet.7.1.89; https://weblog.iom.int/iom-supports-modernization-zambia-polices-case-flow-management-systems; https://techafricanews.com/2026/02/03/smart-zambia-drives-police-digitalisation-with-new-tech-rollout-to-40-stations/; https://thesai.org/Downloads/Volume11No1/Paper_32-Crime_Mapping_Model_based_on_Cloud_and_Spatial_Data.pdf,"Original cited sources (2015-2016 University of Zambia papers) were fetched and confirmed relevant, describing a 2015 baseline where all surveyed stations processed crime reports manually. A fresh, more current source was fetched and read: a 2026 peer-reviewed study (Botha & Malisase, African Journal of Empirical Research) based on interviews conducted through December 2024, which finds that as of 2024 'key police services had not yet been digitised at ZPSHQ, and the entire ZPS' and that the Arrest and Prisoners Property Book, Occurrence Book, Crime Register Book and Docket Movement Book 'are all recorded manually and in paper form' nationwide, including in headquarters, implying rural stations (which lag HQ in ICT capacity) remain paper-based. A 2024 IOM project introduced an Electronic Occurrence Book (E-OB) pilot only at Chipata stations, and a February 2026 SMART Zambia rollout is delivering networking hardware (routers, switches) to 40 stations as infrastructure groundwork, not yet operational digital record capture. No authoritative source shows routine digital data capture in rural police stations. Score of 1 (Entirely paper) is confirmed, now resting on evidence current to 2024-2026 rather than only 2015-2016 baseline studies.",2024,high,"Rural police stations in Zambia continue to record cases entirely on paper. A 2026 peer-reviewed study covering the Zambia Police Service through 2024 finds that reporting of cases, recording of statements and the opening of case dockets are still done manually and physically, with the Arrest and Prisoners Property Book, Occurrence Book, Crime Register Book and Docket Movement Book all recorded manually and in paper form nationwide, a pattern more pronounced away from headquarters. A single pilot Electronic Occurrence Book exists at Chipata police stations, and in early 2026 SMART Zambia began delivering networking equipment (routers, switches, access points) to 40 stations under the Police Service Local Area Network and Last Mile Connectivity Project, laying groundwork for future digitisation. This infrastructure has not yet translated into digital data capture at the point of service in rural stations, which remain reliant on manual books and paper dockets.",
ZMB,Zambia,Rural Digitalisation,Status of digitalisation of records in rural facilities,Clinic,Status,The status of digital data capture in rural primary healthcare clinics,2,Mostly paper -  some digital,,"Rural primary healthcare clinics in Zambia predominantly use paper-based registers and tally sheets for patient data recording at the point of service. Data is aggregated monthly on paper reports and submitted to district offices for entry into DHIS2, the national HMIS platform.Health Policy and Planning 2023 Patient details are often recorded twice: in paper health passports and facility registers.Zambia HIS Assessment 2007 Digital systems like SmartCare (EHR) and DHIS2 exist nationally, with SmartCare Pro rolled out to 877 facilities (of 3,540 total) as of 2025, but most rural clinics lack computers, reliable power, and internet, remaining paper-based.Global Fund Zambia Digital Health 2025 Pilots like CHIP for community health workers (2025) and limited SmartCare in select rural antenatal sites indicate some digital adoption, but not widespread at clinics.PATH article Key barriers include frequent power outages (hydro-dependent grid), poor rural connectivity, staff shortages, overwhelming registers (21+ per small facility), and flooding/transport issues delaying submissions. National ambitions (Digital Health Strategy 2022-2026, SmartCare expansion) outpace rural reality, where paper persists despite aggregation-level digitalization. Score 2: digital limited to pilots/district entry, not routine point-of-service.",rural-clinic-status,1,https://pmc.ncbi.nlm.nih.gov/articles/PMC10566315/;https://static1.squarespace.com/static/58d002f017bffcf99fe21889/t/5a7cb066085229f6f85203eb/1518121063297/ZambiaHISAssessmentReport.pdf;https://www.theglobalfund.org/media/w4gdfjob/publication_zambia-digital-health_casestudy_en.pdf,3,Low,no_year,No data year recorded - must be populated during verification.,,https://www.theglobalfund.org/media/w4gdfjob/publication_zambia-digital-health_casestudy_en.pdf; https://www.undp.org/zambia/press-releases/smart-zambia-institute-ministry-health-and-undp-partner-drive-digital-transformation-within-zambias-health-facilities; https://www.szi.gov.zm/?p=3432; https://itweb.africa/article/zambia-health-ministry-goes-digital-to-enhance-service-delivery/xA9PO7NEKojvo4J8; https://pmc.ncbi.nlm.nih.gov/articles/PMC10566315/,"Original cited sources were fetched: the 2023 Health Policy and Planning qualitative study (Western Province) and the April 2025 Global Fund case study, both of which support the description of paper-first, aggregated-later HMIS reporting and describe rural facility power/connectivity constraints. Fresh searches confirm the SmartCare Pro EHR rollout reached 400 facilities by August 2024 (SMART Zambia Institute) with plans to extend to 600, and combined with legacy SmartCare versions covers roughly 1,800 of Zambia's health facilities as of 2025 - a large expansion, but still a minority of the roughly 3,540 total facilities, and concentrated where power and connectivity have been secured. An October 2025 UNDP/SMART Zambia/Ministry of Health partnership is still in the process of extending solar power and connectivity to rural and peri-urban clinics precisely because these are the facilities most often left on paper systems. No authoritative source indicates that most rural primary clinics have moved beyond paper registers at the point of care. Score of 2 (Mostly paper - some digital) is confirmed, updated to reflect 2024-2025 rollout figures rather than the 2007 assessment previously cited alongside newer sources.",2025,medium,"Rural primary healthcare clinics in Zambia predominantly record patient data on paper registers and tally sheets at the point of care, with aggregated data later entered into DHIS2 at district level. The government's SmartCare Pro electronic health record system had reached 400 facilities by August 2024, with plans to expand further, and SmartCare in its various versions now covers around 1,800 of the country's roughly 3,540 health facilities as of 2025, concentrated where solar power and internet connectivity have been secured. A partnership between the Ministry of Health, the Smart Zambia Institute and UNDP, formalised in October 2025, is actively extending solar power and digital connectivity to rural and peri-urban facilities that currently lack them, underscoring that most rural clinics still lack the infrastructure for routine digital data capture and remain reliant on paper records supplemented by pilot digital systems.",
ZMB,Zambia,Rural Digitalisation,Status of digitalisation of records in rural facilities,Registry,Status,The status of digital data capture in rural civil registry offices,2,Mostly paper -  some digital,,"Rural registry offices in Zambia primarily use paper-based systems for birth registration, with manual records leading to low coverage (9% rural births registered per 2007 ZDHS; overall <15% as of 2024 per UNICEF).<span class=""citation"" data-citation-ids=""mndd4ilm,mndd57ko"">WHO Zambia CRVS Plan 2015, [BiometricUpdate 2025]</span> Digital efforts include the national INRIS platform (launched ~2022, scaled to 40+ districts), decentralization of certification to district levels (SI 44/2016), mobile registration units with digital tools for remote areas (UNICEF/World Vision), and plans for full digitization/integration with health systems (CRVS Policy 2022).<span class=""citation"" data-citation-ids=""mndd4t8g,mndd4nzr"">[OHCHR subm.], [UNECA digital CRVS]</span> However, no evidence shows majority rural facilities routinely use digital at point-of-service; rural lags urban in performance, with infrastructure gaps (electricity, internet, staffing), low awareness, distance, poverty as barriers.<span class=""citation"" data-citation-ids=""mndd4ilm,mndd4t8g"">[WHO Plan], [OHCHR]</span> National ambitions (50% registration by 2026, digital ID 2027) outpace rural reality, where paper remains default and digital is limited to pilots/outreach, not standard POS.",rural-registry-status,4,https://platform.who.int/docs/default-source/mca-documents/policy-documents/plan-strategy/ZMB-CC-55-01-PLAN-STRATEGY-2015-eng-National-Strategic-Plan-of-Action-CRVS.pdf;https://www.ohchr.org/sites/default/files/documents/issues/digitalage/cfis/birth-registration/subm-universal-birth-registration-sta-zambia.pdf;https://apai-crvs.uneca.org/sites/default/files/resourcefiles/Digitalization%20of%20Civil%20Registration%20and%20Vital%20Statistics%20in%20Africa.pdf,3,Low,no_year,No data year recorded - must be populated during verification.,,https://znbc.co.zm/?p=10211; https://www.biometricupdate.com/202508/zambia-sees-civil-registration-as-bedrock-of-inclusive-digital-transformation; https://www.biometricupdate.com/202506/zambia-says-using-multiple-strategies-to-meet-50-percent-birth-registration-goal-by-2026; https://doi.org/10.51867/aqssr.2.4.59; https://www.mohais.gov.zm/?p=2637,"Original cited sources (2015 WHO CRVS strategic plan, OHCHR submission, UNECA CRVS digitalisation report) were fetched; they support the description of low rural birth-registration coverage and paper-based default but pre-date the INRIS rollout. Fresh searches find that as of December 2025, roughly 1.3 million citizens have been enrolled on the Integrated National Registration Information System (INRIS) with over 500,000 births and deaths registered (ZNBC), and the Ministry of Home Affairs describes ongoing efforts to 'decentralize the process and bring it close to remote communities' (Biometric Update, August 2025), implying this has not yet been achieved. A December 2025 peer-reviewed study of Kabwe District confirms only 50 of Zambia's 116 districts have the capacity to issue birth certificates, and cites UNICEF (2024) data showing rural birth registration coverage of just 9.5% compared to 25.5% in urban areas nationally 14% overall. INRIS deployment documentation shows initial enrolment concentrated in 11 (mostly urban/provincial-capital) districts. No authoritative evidence indicates most rural registry offices have moved to routine digital point-of-service registration. Score of 2 (Mostly paper - some digital) is confirmed, updated with 2025 figures.",2025,high,"Rural civil registry offices in Zambia continue to rely predominantly on paper-based processes for birth, death and marriage registration. The government's Integrated National Registration Information System (INRIS) had enrolled around 1.3 million citizens and recorded over 500,000 births and deaths by December 2025, but deployment remains concentrated in a limited number of mostly urban and provincial-capital districts, with only 50 of the country's 116 districts able to issue birth certificates. The Ministry of Home Affairs and Internal Security has explicitly identified decentralising registration to remote communities as a forward-looking goal rather than an accomplished one. National birth registration coverage stood at around 14% in 2024, with rural coverage of roughly 9.5% compared with 25.5% in urban areas, reflecting the continued reliance on manual, paper-based registration in rural facilities alongside a digital system that is being rolled out but has yet to reach most rural registry offices at the point of service.",
ZMB,Zambia,Rural Digitalisation,Status of digitalisation of records in rural facilities,School,Status,The status of digital data capture in rural primary schools,2,Mostly paper -  some digital,,"Rural primary schools in Zambia predominantly use paper-based registers for daily administrative data like attendance and learning outcomes, as evidenced by biometric pilots replacing inaccurate paper systems and descriptions of annual census data as outdated. The Ministry of Education's EMIS relies on annual school census data collected via CS Pro 7.7 tool deployed electronically to schools, indicating some digital entry at school level during census periods, but not routine point-of-service use. Pilots like Akros DHIS2 in Namwala district and Simprints biometrics in 8 rural eastern schools introduce digital tracking for attendance and aggregates, supported by UNICEF/World Bank projects aiming to strengthen EMIS, but these are isolated/district-level, not majority coverage. Barriers include poor rural infrastructure (electricity, internet, devices), low teacher digital capacity, and reliance on annual aggregates over real-time data. National policy pushes digital migration (e.g., 2024 ESB describes shift from paper), but rural reality lags with paper default and digital limited to pilots/periodic reporting.Ministry of Education Zambia 2024 ESB; Simprints rural Zambia schools case study; Akros Zambia EMIS pilot",rural-school-status,3,https://www.edu.gov.zm/wp-content/uploads/2024/12/Education-Statistics-Bulletin-2024.pdf;https://www.simprints.com/simprints-drives-improvement-in-zambian-schools/;https://docs.dhis2.org/en/topics/user-stories/zambia-education-management-system-emis.html,3,Low,no_year,No data year recorded - must be populated during verification.,,https://www.simprints.com/simprints-drives-improvement-in-zambian-schools/; https://www.air.org/sites/default/files/2025-01/Endline-Report-Impact-Network-eSchool-RCT-Trial-360-Zambia-Jan-2025.pdf; https://docs.dhis2.org/en/topics/user-stories/zambia-education-management-system-emis.html; https://www.globalpartnership.org/node/document/download?file=document%2Ffile%2F2024-10-zambia-partnership-compact.pdf,"The Ministry of Education Statistics Bulletin 2024 PDF could not be fetched directly (403 error on the government server), but its substance is corroborated by other sources. The Simprints case study (fetched, December 2024) and a January 2025 American Institutes for Research endline evaluation of the Impact Network eSchool 360 programme (fetched) both confirm that in the 8 participating rural eastern Zambia schools, teachers still track attendance daily through a paper register, with data only entered into the CommCare digital system on a weekly basis - i.e. paper remains the point-of-service tool with digital capture happening after the fact. The Akros/DHIS2 EMIS pilot (fetched) remains confined to Namwala district, replacing what was previously an annual paper-based census system with monthly digital aggregate reporting, but is not evidence of national rural coverage. A 2024 Global Partnership for Education compact document confirms the national EMIS still needs 'tools to upgrade and automate' data collection, indicating the national system remains a work in progress. No authoritative source indicates that rural primary schools nationally have moved beyond paper attendance and administrative registers at the point of service. Score of 2 (Mostly paper - some digital) is confirmed, now resting on 2024-2025 evidence.",2025,medium,"Rural primary schools in Zambia predominantly rely on paper registers for daily attendance and administrative record-keeping at the point of service, with the Ministry of Education's national Education Management Information System still dependent chiefly on periodic school census returns rather than real-time facility-level digital capture. Isolated pilots demonstrate a path toward digitisation: in Namwala district, Akros and the Ministry of General Education, with UNICEF support, replaced annual paper census reporting with a DHIS2-based monthly digital reporting tool, and in eight rural eastern Zambia schools operating under the Impact Network eSchool 360 model, Simprints biometric fingerprint scanning has improved attendance-data accuracy, although teachers still complete a daily paper register first and data is only uploaded to the CommCare digital system on a weekly basis. These initiatives remain confined to specific districts and school networks rather than representing standard practice, so most rural primary schools continue to default to paper-based data capture supplemented by limited digital pilots and periodic digital aggregation.",
ZWE,Zimbabwe,Rural Digitalisation,Status of digitalisation of records in rural facilities,Police,Status,The status of digital data capture in rural police stations,1,Entirely paper,,"Rural police stations in Zimbabwe primarily use manual paper-based systems for recording criminal cases and complaints, relying on physical dockets prone to loss, tampering, and bribery. Academic studies (e.g., 2019 GIS crime mapping in rural Chivi district) describe traditional crime registers and dockets, with data collected via manual processes and GPS for analysis, indicating no routine digital entry at point of service. ZRP has centralized digital databases (e.g., Criminal Records Office), but rural stations forward paper dockets for processing. Plans for an electronic docket system (""soon"" transition announced Dec 2025) and internet provision to rural stations (pledged 2021, per Horizon 2025) remain unimplemented, with no evidence of rural rollout or pilots shifting the norm. Key barriers: poor internet/electricity in rural areas, low device access, resource constraints, as noted in World Bank digital economy report and POTRAZ analyses. National ambitions (e.g., smart policing) contrast sharply with rural paper reality, where digital tools like DMR radios exist for comms but not case recording. Score 1 reflects entirely paper-based point-of-service recording.",rural-police-status,2,https://zrp.gov.zw/?p=7347;https://www.newsday.co.zw/local-news/article/18294/govt-pledges-to-provide-internet-services-to-rural-police-officers;https://www.tandfonline.com/doi/full/10.1080/23311886.2019.1661606;https://documents1.worldbank.org/curated/en/982981621880260112/pdf/Digital-Economy-for-Zimbabwe-Country-Diagnostic-Report.pdf,4,Low,no_year,No data year recorded - must be populated during verification.,1,https://stalliontimes.com/zimbabwe-police-embrace-electronic-docket-system/;https://www.newsday.co.zw/local-news/article/18294/govt-pledges-to-provide-internet-services-to-rural-police-officers;https://documents1.worldbank.org/curated/en/982981621880260112/pdf/Digital-Economy-for-Zimbabwe-Country-Diagnostic-Report.pdf,"Confirmed. December 2025 reporting shows the Zimbabwe Republic Police still describing the transition to an electronic docket system as forthcoming (""soon""), announced by a Harare Province commissioner as future work, with no evidence of an implemented rural station-level digital case-recording system. This corroborates the 2021 pledge to provide internet connectivity to rural stations remaining largely unrealised. Score of 1 (Entirely paper) is well supported by current evidence.",2025,high,"Rural police stations in Zimbabwe continue to rely on manual paper-based dockets and registers for recording criminal cases and complaints at the point of service. As of December 2025, the Zimbabwe Republic Police (ZRP) publicly describes a planned transition to an electronic docket management system as still forthcoming (""soon""), confirming that station-level digital case recording has not yet been implemented nationally, let alone in rural areas. A 2021 government pledge to provide internet connectivity to rural police stations to support digitisation remains largely unrealised. Poor rural internet and electricity access, combined with limited device availability, continue to constrain digital adoption at rural stations, while centralised systems such as the Criminal Investigations Department's Interpol-linked databases operate independently of rural point-of-service recording.",
ZWE,Zimbabwe,Rural Digitalisation,Status of digitalisation of records in rural facilities,Registry,Status,The status of digital data capture in rural civil registry offices,1,Entirely paper,,"Rural registry offices in Zimbabwe rely entirely on paper-based processes for birth registration, requiring parents to present physical documents such as national ID cards, birth confirmation records (from hospitals/clinics), marriage certificates, baptismal certificates, witness IDs, or letters from village heads/farmers for home/farm births. No evidence found of electronic recording at the point of service in rural facilities; processes emphasize manual declarations and forms. Registration completeness is low in rural areas (~32% in 2015 vs higher urban), with rural residence a key predictor of non-registration alongside poverty, home births, and low maternal education Comparative Population Studies. Nationally, moderate digitization (50-64%) exists for aggregation, but rural point-of-service remains paper due to infrastructure gaps, limited staffing, and indirect costs like transport to district offices UNECA CRVS Report. Recent national digital initiatives (e.g., ZPR integration with health for automated notifications, planned 2023) focus on central systems, starting urban, with mobile apps piloted but no rural rollout confirmed; rural lags persist Biometric Update. Barriers: poor connectivity, economic crisis, under-resourced offices. Gap: National ambitions for e-CRVS contrast with rural paper reality, where data likely transcribed later at district level.",rural-registry-status,4,https://comparativepopulationstudies.de/index.php/CPoS/article/view/473;https://apai-crvs.uneca.org/sites/default/files/resourcefiles/report_on_the_status_of_civil_registration_and_vital_statistics_in_africa.pdf;http://www.zimparis.gov.zw/index.php/consular/registration/birth-death-and-marriage-certificate;https://www.biometricupdate.com/202304/integrated-digital-system-in-zimbabwe-to-enhance-id-issuance-birth-registration,4,Low,no_year,No data year recorded - must be populated during verification.,1,https://www.biometricupdate.com/202507/zimbabwe-looks-forward-to-digital-id-rollout-after-population-registry-reform;http://www.zimparis.gov.zw/index.php/consular/registration/birth-death-and-marriage-certificate;https://mobileidworld.com/zimbabwe-launches-mobile-id-registration-program-to-serve-remote-binga-communities/;https://comparativepopulationstudies.de/index.php/CPoS/article/view/473,"Confirmed. As of July 2025, digital ID/population registry issuance under the reformed Zimbabwe Population Registry System (ZPRS) is starting only in Harare and Bulawayo, with rural extension still pending. Rural registration activity in 2025 (e.g. the Binga mobile registration drive) uses temporary mobile teams to reach remote communities rather than a permanent rural digital registry office system. Rural registry offices remain paper/manual at point of service. Score of 1 (Entirely paper) is supported.",2025,high,"Rural civil registry offices in Zimbabwe continue to depend on paper-based processes at the point of service, requiring parents and applicants to present physical documents including national identity cards, hospital birth confirmation records, marriage certificates, witness statements, or letters from village heads or farmers for home or farm births. As of mid-2025, the reformed Zimbabwe Population Registry System, which underpins the government's planned digital ID rollout, is being introduced only in Harare and Bulawayo, with extension to the rest of the country not yet under way. Mobile registration drives in remote districts such as Binga rely on temporary outreach teams rather than digitised rural registry offices. National birth registration completeness stood at 57% in the 2023-24 Zimbabwe Demographic and Health Survey, with rural residence remaining a significant predictor of non-registration. Persistent barriers include poor connectivity, under-resourced offices, and the cost and distance involved in reaching district registration centres.",
ZWE,Zimbabwe,Rural Digitalisation,Status of digitalisation of records in rural facilities,School,Status,The status of digital data capture in rural primary schools,1,Entirely paper,,"Rural primary schools in Zimbabwe primarily use paper-based registers for recording administrative data, attendance, and learning outcomes. Data is collected via annual school census forms filled manually at schools and aggregated upward to the national EMIS, often leading to delays, gaps, and inaccuracies due to manual transcription at district levels. Most rural schools lack digital devices, internet connectivity, and power, preventing real-time digital entry into EMIS; teachers in areas like Mutoko report no access to digital tools for data contribution.Kuyenda Collective EMIS exists nationally, with high continental compliance scores and plans for decentralization, but rural point-of-service remains analog.UNESCO IICBA Pilots like school management software or e-learning platforms (e.g., Ruzivo) target urban/private schools or supplementary use, not routine admin recording in rural public primaries. Key barriers: poor infrastructure (no electricity/internet), teacher ICT skills gaps, funding shortages, high attrition. National policies (e.g., Education 5.0) aspire to digital inclusion, but rural reality lags far behind, with data digitized only post-collection at higher levels. (148 words)",rural-school-status,3,https://www.kuyendacollective.org/article/investing-in-education-management-information-systems-emis/;https://www.iicba.unesco.org/en/zimbabwe;https://www.tandfonline.com/doi/full/10.1080/2331186X.2025.2521164,3,Low,no_year,No data year recorded - must be populated during verification.,1,https://www.scribd.com/document/875180874/ED-46-C1-Primary-Schools;https://www.iiep.unesco.org/en/articles/zimbabwes-climate-smart-annual-school-census;https://www.iicba.unesco.org/en/zimbabwe;https://www.kuyendacollective.org/article/investing-in-education-management-information-systems-emis/,"Confirmed. The 2025 ED46 school census form, used to collect data from primary schools including rural ones, still asks schools to report whether they hold ""digitalised school records (Management Information System)"" as a yes/no item, confirming this is not yet universal. A 2026 UNICEF/MoPSE procurement for a new web-based school registration information management system indicates that a proper digital data-capture platform for schools, including satellite/rural tracking, is still in development rather than deployed. Score of 1 (Entirely paper) is supported.",2025,high,"Rural primary schools in Zimbabwe continue to rely on paper-based registers and forms for recording administrative data, attendance and learning outcomes at the point of service. The Ministry of Primary and Secondary Education's annual ED46 school census, most recently updated for 2025, still asks schools to declare whether they maintain digitalised school records, indicating that digital data capture is not standard practice, particularly in under-resourced rural schools lacking computers, electricity and internet connectivity. Plans to merge the Teacher Development Information System with the national Education Management Information System (EMIS) and to decentralise data capture remain in progress rather than realised, and a new school registration information management system commissioned in 2026 is still under development. Rural schools such as those in Mutoko district report no access to digital tools for administrative data entry, with information gathered on paper and transcribed at higher administrative levels.",
ZWE,Zimbabwe,Rural Digitalisation,Status of digitalisation of records in rural facilities,Clinic,Status,The status of digital data capture in rural primary healthcare clinics,3,Mostly digital - some paper,,"Rural primary healthcare clinics in Zimbabwe traditionally rely on paper registers for patient data recording, with aggregate data later entered into national DHIS2 at district levels. The Impilo EMR system, developed since 2015, is now deployed in 1,254 of ~1,900 public health facilities (66%), explicitly targeting rural 'last mile' sites like Sipepa Rural Hospital through solar power (1,044 facilities, 60% coverage) and internet upgrades to enable digital point-of-care recording. Provincial data (Matabeleland South, Q1 2025) shows 72% fully functional among 153 facilities, though rural districts lag. Digital systems are the emerging standard at most facilities, reducing paper burden and improving patient management, but some paper persists in the remaining ~34% uncovered sites and where infrastructure fails. Key barriers include frequent power outages (costing 6% GDP), poor rural internet/connectivity, training gaps, and staff shortages. National eHealth Strategy (2021-2025) bridges policy ambition with rollout, though rural implementation trails urban areas; majority now predominantly digital with residual paper processes.",rural-clinic-status,1,https://www.theglobalfund.org/media/qksld2tg/publication_zimbabwe-digital-health_casestudy_en.pdf;https://rsisinternational.org/journals/ijrsi/uploads/vol12-iss15-pg2476-2481-202511_pdf.pdf;https://cdn.who.int/media/docs/default-source/digital-health-documents/global-observatory-on-digital-health/zwe_ehealth.pdf,3,Low,no_year,No data year recorded - must be populated during verification.,3,https://www.theglobalfund.org/media/qksld2tg/publication_zimbabwe-digital-health_casestudy_en.pdf;https://rsisinternational.org/journals/ijrsi/uploads/vol12-iss15-pg2476-2481-202511_pdf.pdf;https://healthtimes.co.zw/2025/02/05/zimbabwe-to-expand-electronic-health-records-to-500-more-facilities-in-2025/,"Confirmed. As of August 2025, 1,254 of Zimbabwe's approximately 1,900 public health facilities (66%) are implementing the Impilo Electronic Health Records system, with further expansion planned. Provincial data from Matabeleland South (a largely rural province, Q1-Q2 2025) show 90.2% of facilities with EHR infrastructure installed, though only 71.9% fully functional, with rural districts (Bulilima, Matobo) disproportionately affected by power and connectivity gaps; comparable results are reported for Manicaland (88% coverage, 68% functional). This supports ""Mostly digital - some paper"" (3) rather than ""Entirely digital"" (4), given the persistent functional and rural coverage gaps. Score of 3 is confirmed and not promoted to the top of the scale.",2025,high,"Rural primary healthcare clinics in Zimbabwe are now substantially digitised at the point of care through the Impilo Electronic Health Records system, though paper-based processes persist alongside digital records in a meaningful minority of facilities. As of August 2025, 1,254 of approximately 1,900 public health facilities nationally, around two-thirds, have Impilo deployed, with further expansion under way. Provincial data from the largely rural Matabeleland South province (Q1-Q2 2025) show 90.2% of facilities with EHR infrastructure installed, though only 71.9% fully functional, with rural districts such as Bulilima and Matobo disproportionately affected by unreliable electricity and connectivity; similar patterns are reported in Manicaland province. Zimbabwe's National eHealth Strategy (2021-2025) and continued donor support, including the Global Fund's Digital Health Impact Accelerator, are extending solar power, internet connectivity and digital diagnostic systems to ""last mile"" rural facilities such as Sipepa Rural Hospital, but frequent power outages, poor rural connectivity and training gaps mean a residual share of rural clinics still rely on paper records.",
